
  3%|3         | 16/500 [00:04<01:59,  4.04it/s]
  3%|3         | 17/500 [00:04<01:59,  4.04it/s]
  4%|3         | 18/500 [00:04<01:59,  4.04it/s]
  4%|3         | 19/500 [00:04<01:58,  4.04it/s]
  4%|4         | 20/500 [00:05<01:58,  4.04it/s]
  4%|4         | 21/500 [00:05<01:58,  4.05it/s]
  4%|4         | 22/500 [00:05<01:58,  4.04it/s]
  5%|4         | 23/500 [00:05<01:58,  4.04it/s]
  5%|4         | 24/500 [00:06<01:57,  4.04it/s]
  5%|5         | 25/500 [00:06<01:57,  4.04it/s]
  5%|5         | 26/500 [00:06<01:56,  4.06it/s]
  5%|5         | 27/500 [00:06<01:55,  4.09it/s]
  6%|5         | 28/500 [00:07<01:55,  4.10it/s]
  6%|5         | 29/500 [00:07<01:55,  4.09it/s]
  6%|6         | 30/500 [00:07<02:25,  3.24it/s]
  6%|6         | 31/500 [00:07<02:15,  3.47it/s]
  6%|6         | 32/500 [00:08<02:09,  3.62it/s]
  7%|6         | 33/500 [00:08<02:05,  3.73it/s]
  7%|6         | 34/500 [00:08<02:02,  3.80it/s]
  7%|7         | 35/500 [00:08<02:00,  3.87it/s]
  7%|7         | 36/500 [00:09<01:58,  3.91it/s]
  7%|7         | 37/500 [00:09<01:57,  3.93it/s]
  8%|7         | 38/500 [00:09<01:56,  3.95it/s]
  8%|7         | 39/500 [00:09<01:55,  3.99it/s]
  8%|8         | 40/500 [00:10<01:55,  3.99it/s]
  8%|8         | 41/500 [00:10<01:55,  3.99it/s]
  8%|8         | 42/500 [00:10<01:54,  3.99it/s]
  9%|8         | 43/500 [00:10<01:54,  3.99it/s]
  9%|8         | 44/500 [00:11<01:54,  3.99it/s]
  9%|9         | 45/500 [00:11<01:53,  4.01it/s]
  9%|9         | 46/500 [00:11<01:53,  4.01it/s]
  9%|9         | 47/500 [00:11<01:52,  4.01it/s]
 10%|9         | 48/500 [00:12<01:52,  4.03it/s]
 10%|9         | 49/500 [00:12<01:52,  4.01it/s]
 10%|#         | 50/500 [00:12<01:52,  4.01it/s]
 10%|#         | 51/500 [00:12<01:52,  4.00it/s]
 10%|#         | 52/500 [00:13<01:51,  4.02it/s]
 11%|#         | 53/500 [00:13<01:51,  4.01it/s]
 11%|#         | 54/500 [00:13<01:51,  4.01it/s]
 11%|#1        | 55/500 [00:13<01:50,  4.02it/s]
 11%|#1        | 56/500 [00:14<01:49,  4.04it/s]
 11%|#1        | 57/500 [00:14<01:49,  4.06it/s]
 12%|#1        | 58/500 [00:14<01:48,  4.06it/s]
 12%|#1        | 59/500 [00:15<02:17,  3.22it/s]
 12%|#2        | 60/500 [00:15<02:08,  3.43it/s]
 12%|#2        | 61/500 [00:15<02:03,  3.57it/s]
 12%|#2        | 62/500 [00:15<01:58,  3.69it/s]
 13%|#2        | 63/500 [00:16<01:56,  3.76it/s]
 13%|#2        | 64/500 [00:16<01:53,  3.83it/s]
 13%|#3        | 65/500 [00:16<01:52,  3.88it/s]
 13%|#3        | 66/500 [00:16<01:51,  3.90it/s]
 13%|#3        | 67/500 [00:17<01:50,  3.93it/s]
 14%|#3        | 68/500 [00:17<01:49,  3.95it/s]
 14%|#3        | 69/500 [00:17<01:48,  3.96it/s]
 14%|#4        | 70/500 [00:17<01:47,  3.99it/s]
 14%|#4        | 71/500 [00:18<01:47,  3.99it/s]
 14%|#4        | 72/500 [00:18<01:46,  4.00it/s]
 15%|#4        | 73/500 [00:18<01:46,  4.00it/s]
 15%|#4        | 74/500 [00:18<01:46,  4.00it/s]
 15%|#5        | 75/500 [00:19<01:46,  4.00it/s]
 15%|#5        | 76/500 [00:19<01:46,  4.00it/s]
 15%|#5        | 77/500 [00:19<01:45,  4.02it/s]
 16%|#5        | 78/500 [00:19<01:45,  4.02it/s]
 16%|#5        | 79/500 [00:20<01:44,  4.01it/s]
 16%|#6        | 80/500 [00:20<01:44,  4.01it/s]
 16%|#6        | 81/500 [00:20<01:44,  4.01it/s]
 16%|#6        | 82/500 [00:20<01:43,  4.03it/s]
 17%|#6        | 83/500 [00:21<01:44,  3.99it/s]
 17%|#6        | 84/500 [00:21<01:44,  3.98it/s]
 17%|#7        | 85/500 [00:21<01:43,  4.00it/s]
 17%|#7        | 86/500 [00:21<01:42,  4.02it/s]
 17%|#7        | 87/500 [00:22<01:42,  4.02it/s]
 18%|#7        | 88/500 [00:22<02:08,  3.22it/s]
 18%|#7        | 89/500 [00:22<01:59,  3.43it/s]
 18%|#8        | 90/500 [00:23<01:54,  3.57it/s]
 18%|#8        | 91/500 [00:23<01:51,  3.68it/s]
 18%|#8        | 92/500 [00:23<01:48,  3.76it/s]
 19%|#8        | 93/500 [00:23<01:46,  3.83it/s]
 19%|#8        | 94/500 [00:24<01:44,  3.90it/s]
 19%|#9        | 95/500 [00:24<01:43,  3.92it/s]
 19%|#9        | 96/500 [00:24<01:42,  3.94it/s]
 19%|#9        | 97/500 [00:24<01:41,  3.96it/s]
 20%|#9        | 98/500 [00:25<01:41,  3.97it/s]
 20%|#9        | 99/500 [00:25<01:40,  3.98it/s]
 41%|####      | 203/500 [00:52<01:16,  3.90it/s]
 41%|####      | 204/500 [00:53<01:35,  3.09it/s]
 41%|####1     | 205/500 [00:53<01:29,  3.31it/s]
 41%|####1     | 206/500 [00:53<01:24,  3.46it/s]
 41%|####1     | 207/500 [00:53<01:21,  3.58it/s]
 42%|####1     | 208/500 [00:54<01:19,  3.67it/s]
 42%|####1     | 209/500 [00:54<01:18,  3.73it/s]
 42%|####2     | 210/500 [00:54<01:16,  3.78it/s]
 42%|####2     | 211/500 [00:54<01:15,  3.81it/s]
 42%|####2     | 212/500 [00:55<01:15,  3.84it/s]
 43%|####2     | 213/500 [00:55<01:14,  3.85it/s]
 43%|####2     | 214/500 [00:55<01:14,  3.86it/s]
 43%|####3     | 215/500 [00:55<01:13,  3.87it/s]
 43%|####3     | 216/500 [00:56<01:13,  3.88it/s]
 43%|####3     | 217/500 [00:56<01:12,  3.88it/s]
 44%|####3     | 218/500 [00:56<01:12,  3.88it/s]
 44%|####3     | 219/500 [00:56<01:12,  3.89it/s]
 44%|####4     | 220/500 [00:57<01:11,  3.89it/s]
 44%|####4     | 221/500 [00:57<01:11,  3.89it/s]
 44%|####4     | 222/500 [00:57<01:11,  3.89it/s]
 45%|####4     | 223/500 [00:57<01:11,  3.89it/s]
 45%|####4     | 224/500 [00:58<01:10,  3.89it/s]
 45%|####5     | 225/500 [00:58<01:10,  3.89it/s]
 45%|####5     | 226/500 [00:58<01:10,  3.89it/s]
 45%|####5     | 227/500 [00:58<01:10,  3.88it/s]
 46%|####5     | 228/500 [00:59<01:10,  3.88it/s]
 46%|####5     | 229/500 [00:59<01:09,  3.89it/s]
 46%|####6     | 230/500 [00:59<01:09,  3.90it/s]
 46%|####6     | 231/500 [00:59<01:08,  3.91it/s]
 46%|####6     | 232/500 [01:00<01:08,  3.91it/s]
 47%|####6     | 233/500 [01:00<01:25,  3.10it/s]
 47%|####6     | 234/500 [01:00<01:19,  3.34it/s]
 47%|####6     | 235/500 [01:01<01:15,  3.49it/s]
 47%|####7     | 236/500 [01:01<01:13,  3.61it/s]
 47%|####7     | 237/500 [01:01<01:11,  3.69it/s]
 48%|####7     | 238/500 [01:01<01:09,  3.75it/s]
 48%|####7     | 239/500 [01:02<01:08,  3.80it/s]
 48%|####8     | 240/500 [01:02<01:08,  3.82it/s]
 48%|####8     | 241/500 [01:02<01:07,  3.83it/s]
 48%|####8     | 242/500 [01:03<01:07,  3.84it/s]
 49%|####8     | 243/500 [01:03<01:06,  3.85it/s]
 49%|####8     | 244/500 [01:03<01:06,  3.85it/s]
 49%|####9     | 245/500 [01:03<01:06,  3.86it/s]
 49%|####9     | 246/500 [01:04<01:05,  3.86it/s]
 49%|####9     | 247/500 [01:04<01:05,  3.86it/s]
 50%|####9     | 248/500 [01:04<01:05,  3.86it/s]
 50%|####9     | 249/500 [01:04<01:04,  3.86it/s]
 50%|#####     | 250/500 [01:05<01:04,  3.87it/s]
 50%|#####     | 251/500 [01:05<01:04,  3.86it/s]
 50%|#####     | 252/500 [01:05<01:04,  3.86it/s]
 51%|#####     | 253/500 [01:05<01:04,  3.86it/s]
 51%|#####     | 254/500 [01:06<01:03,  3.86it/s]
 51%|#####1    | 255/500 [01:06<01:03,  3.86it/s]
 51%|#####1    | 256/500 [01:06<01:03,  3.86it/s]
 51%|#####1    | 257/500 [01:06<01:02,  3.87it/s]
 52%|#####1    | 258/500 [01:07<01:02,  3.87it/s]
 52%|#####1    | 259/500 [01:07<01:02,  3.88it/s]
 52%|#####2    | 260/500 [01:07<01:01,  3.89it/s]
 52%|#####2    | 261/500 [01:07<01:01,  3.89it/s]
 52%|#####2    | 262/500 [01:08<01:17,  3.07it/s]
 53%|#####2    | 263/500 [01:08<01:11,  3.29it/s]
 53%|#####2    | 264/500 [01:08<01:08,  3.45it/s]
 53%|#####3    | 265/500 [01:09<01:05,  3.60it/s]
 53%|#####3    | 266/500 [01:09<01:03,  3.69it/s]
 53%|#####3    | 267/500 [01:09<01:02,  3.75it/s]
 54%|#####3    | 268/500 [01:09<01:01,  3.79it/s]
 54%|#####3    | 269/500 [01:10<01:00,  3.82it/s]
 54%|#####4    | 270/500 [01:10<01:00,  3.83it/s]
 54%|#####4    | 271/500 [01:10<00:59,  3.85it/s]
 54%|#####4    | 272/500 [01:10<00:59,  3.86it/s]
 55%|#####4    | 273/500 [01:11<00:58,  3.87it/s]
 55%|#####4    | 274/500 [01:11<00:58,  3.88it/s]
 55%|#####5    | 275/500 [01:11<00:57,  3.89it/s]
 55%|#####5    | 276/500 [01:11<00:57,  3.89it/s]
 55%|#####5    | 277/500 [01:12<00:57,  3.89it/s]
 56%|#####5    | 278/500 [01:12<00:57,  3.89it/s]
 56%|#####5    | 279/500 [01:12<00:56,  3.89it/s]
 56%|#####6    | 280/500 [01:13<00:56,  3.89it/s]
 56%|#####6    | 281/500 [01:13<00:56,  3.89it/s]
 56%|#####6    | 282/500 [01:13<00:56,  3.89it/s]
 57%|#####6    | 283/500 [01:13<00:55,  3.89it/s]
 57%|#####6    | 284/500 [01:14<00:55,  3.88it/s]
 57%|#####6    | 285/500 [01:14<00:55,  3.88it/s]
 57%|#####7    | 286/500 [01:14<00:55,  3.88it/s]
 57%|#####7    | 287/500 [01:14<00:54,  3.89it/s]
 58%|#####7    | 288/500 [01:15<00:54,  3.90it/s]
 58%|#####7    | 289/500 [01:15<00:54,  3.89it/s]
 58%|#####8    | 290/500 [01:15<00:53,  3.89it/s]
 58%|#####8    | 291/500 [01:16<01:08,  3.07it/s]
 58%|#####8    | 292/500 [01:16<01:02,  3.31it/s]
 59%|#####8    | 293/500 [01:16<00:59,  3.50it/s]
 59%|#####8    | 294/500 [01:16<00:56,  3.64it/s]
 59%|#####8    | 295/500 [01:17<00:54,  3.73it/s]
 59%|#####9    | 296/500 [01:17<00:53,  3.78it/s]
 59%|#####9    | 297/500 [01:17<00:53,  3.82it/s]
 60%|#####9    | 298/500 [01:17<00:52,  3.86it/s]
 60%|#####9    | 299/500 [01:18<00:51,  3.89it/s]
 60%|######    | 300/500 [01:18<00:51,  3.90it/s]
 60%|######    | 301/500 [01:18<00:51,  3.90it/s]
 60%|######    | 302/500 [01:18<00:50,  3.90it/s]
 61%|######    | 303/500 [01:19<00:50,  3.90it/s]
 61%|######    | 304/500 [01:19<00:50,  3.90it/s]
 61%|######1   | 305/500 [01:19<00:49,  3.91it/s]
 61%|######1   | 306/500 [01:19<00:49,  3.91it/s]
 61%|######1   | 307/500 [01:20<00:49,  3.92it/s]
 62%|######1   | 308/500 [01:20<00:49,  3.91it/s]
 62%|######1   | 309/500 [01:20<00:48,  3.92it/s]
 62%|######2   | 310/500 [01:20<00:48,  3.92it/s]
 62%|######2   | 311/500 [01:21<00:48,  3.92it/s]
 62%|######2   | 312/500 [01:21<00:47,  3.92it/s]
 63%|######2   | 313/500 [01:21<00:47,  3.92it/s]
 63%|######2   | 314/500 [01:21<00:47,  3.92it/s]
 63%|######3   | 315/500 [01:22<00:47,  3.93it/s]
 63%|######3   | 316/500 [01:22<00:46,  3.94it/s]
 63%|######3   | 317/500 [01:22<00:46,  3.95it/s]
 64%|######3   | 318/500 [01:22<00:45,  3.97it/s]
 64%|######3   | 319/500 [01:23<00:45,  3.99it/s]
 64%|######4   | 320/500 [01:23<00:56,  3.16it/s]
 64%|######4   | 321/500 [01:23<00:52,  3.38it/s]
 64%|######4   | 322/500 [01:24<00:50,  3.55it/s]
 65%|######4   | 323/500 [01:24<00:48,  3.67it/s]
 65%|######4   | 324/500 [01:24<00:46,  3.77it/s]
 65%|######5   | 325/500 [01:24<00:45,  3.84it/s]
 65%|######5   | 326/500 [01:25<00:44,  3.89it/s]
 65%|######5   | 327/500 [01:25<00:44,  3.92it/s]
 66%|######5   | 328/500 [01:25<00:43,  3.95it/s]
 66%|######5   | 329/500 [01:25<00:43,  3.96it/s]
 66%|######6   | 330/500 [01:26<00:42,  3.99it/s]
 66%|######6   | 331/500 [01:26<00:42,  3.99it/s]
 66%|######6   | 332/500 [01:26<00:42,  4.00it/s]
 67%|######6   | 333/500 [01:26<00:41,  4.00it/s]
 67%|######6   | 334/500 [01:27<00:41,  4.00it/s]
 67%|######7   | 335/500 [01:27<00:41,  4.00it/s]
 67%|######7   | 336/500 [01:27<00:41,  4.00it/s]
 67%|######7   | 337/500 [01:27<00:40,  4.00it/s]
 68%|######7   | 338/500 [01:28<00:40,  3.99it/s]
 68%|######7   | 339/500 [01:28<00:40,  4.00it/s]
 68%|######8   | 340/500 [01:28<00:40,  4.00it/s]
 68%|######8   | 341/500 [01:28<00:39,  4.00it/s]
 68%|######8   | 342/500 [01:29<00:39,  4.00it/s]
 69%|######8   | 343/500 [01:29<00:39,  4.00it/s]
 69%|######8   | 344/500 [01:29<00:38,  4.00it/s]
 69%|######9   | 345/500 [01:29<00:38,  4.01it/s]
 69%|######9   | 346/500 [01:30<00:38,  4.02it/s]
 69%|######9   | 347/500 [01:30<00:37,  4.03it/s]
 70%|######9   | 348/500 [01:30<00:37,  4.04it/s]
 70%|######9   | 349/500 [01:31<00:47,  3.18it/s]
 70%|#######   | 350/500 [01:31<00:44,  3.40it/s]
 70%|#######   | 351/500 [01:31<00:41,  3.56it/s]
 70%|#######   | 352/500 [01:31<00:40,  3.69it/s]
 71%|#######   | 353/500 [01:32<00:38,  3.78it/s]
 71%|#######   | 354/500 [01:32<00:38,  3.84it/s]
 71%|#######1  | 355/500 [01:32<00:37,  3.89it/s]
 71%|#######1  | 356/500 [01:32<00:36,  3.92it/s]
 71%|#######1  | 357/500 [01:33<00:36,  3.95it/s]
 72%|#######1  | 358/500 [01:33<00:35,  3.96it/s]
 72%|#######1  | 359/500 [01:33<00:35,  3.96it/s]
 72%|#######2  | 360/500 [01:33<00:35,  3.96it/s]
 72%|#######2  | 361/500 [01:34<00:35,  3.96it/s]
 72%|#######2  | 362/500 [01:34<00:34,  3.96it/s]
 73%|#######2  | 363/500 [01:34<00:34,  3.97it/s]
 73%|#######2  | 364/500 [01:34<00:34,  3.97it/s]
 73%|#######3  | 365/500 [01:35<00:33,  3.97it/s]
 73%|#######3  | 366/500 [01:35<00:33,  3.97it/s]
 73%|#######3  | 367/500 [01:35<00:33,  3.97it/s]
 74%|#######3  | 368/500 [01:35<00:33,  3.97it/s]
 74%|#######3  | 369/500 [01:36<00:32,  3.98it/s]
 74%|#######4  | 370/500 [01:36<00:32,  3.97it/s]
 74%|#######4  | 371/500 [01:36<00:32,  3.97it/s]
 74%|#######4  | 372/500 [01:36<00:32,  3.97it/s]
 75%|#######4  | 373/500 [01:37<00:32,  3.97it/s]
 75%|#######4  | 374/500 [01:37<00:31,  3.97it/s]
 75%|#######5  | 375/500 [01:37<00:31,  3.98it/s]
 75%|#######5  | 376/500 [01:37<00:31,  3.99it/s]
 75%|#######5  | 377/500 [01:38<00:30,  4.00it/s]
 76%|#######5  | 378/500 [01:38<00:38,  3.14it/s]
 76%|#######5  | 379/500 [01:38<00:35,  3.37it/s]
 76%|#######6  | 380/500 [01:39<00:33,  3.54it/s]
 76%|#######6  | 381/500 [01:39<00:32,  3.66it/s]
 76%|#######6  | 382/500 [01:39<00:31,  3.76it/s]
 77%|#######6  | 383/500 [01:39<00:30,  3.83it/s]
 77%|#######6  | 384/500 [01:40<00:29,  3.88it/s]
 77%|#######7  | 385/500 [01:40<00:29,  3.91it/s]
 77%|#######7  | 386/500 [01:40<00:28,  3.94it/s]
 77%|#######7  | 387/500 [01:40<00:28,  3.96it/s]
 78%|#######7  | 388/500 [01:41<00:28,  3.97it/s]
 78%|#######7  | 389/500 [01:41<00:27,  3.97it/s]
 78%|#######8  | 390/500 [01:41<00:27,  3.99it/s]
 78%|#######8  | 391/500 [01:41<00:27,  4.00it/s]
 78%|#######8  | 392/500 [01:42<00:27,  3.99it/s]
 79%|#######8  | 393/500 [01:42<00:26,  3.99it/s]
 79%|#######8  | 394/500 [01:42<00:26,  3.99it/s]
 79%|#######9  | 395/500 [01:42<00:26,  3.99it/s]
 79%|#######9  | 396/500 [01:43<00:26,  4.00it/s]
 79%|#######9  | 397/500 [01:43<00:25,  3.99it/s]
 80%|#######9  | 398/500 [01:43<00:25,  3.99it/s]
 80%|#######9  | 399/500 [01:43<00:25,  3.99it/s]
 80%|########  | 400/500 [01:44<00:25,  3.99it/s]
 80%|########  | 401/500 [01:44<00:24,  3.99it/s]
 80%|########  | 402/500 [01:44<00:24,  3.98it/s]
 81%|########  | 403/500 [01:44<00:24,  4.00it/s]
 81%|########  | 404/500 [01:45<00:23,  4.00it/s]
 81%|########1 | 405/500 [01:45<00:23,  4.01it/s]
 81%|########1 | 406/500 [01:45<00:23,  4.01it/s]
 81%|########1 | 407/500 [01:46<00:29,  3.13it/s]
 82%|########1 | 408/500 [01:46<00:27,  3.36it/s]
 82%|########1 | 409/500 [01:46<00:25,  3.52it/s]
 82%|########2 | 410/500 [01:46<00:24,  3.66it/s]
 82%|########2 | 411/500 [01:47<00:23,  3.76it/s]
 82%|########2 | 412/500 [01:47<00:23,  3.82it/s]
 83%|########2 | 413/500 [01:47<00:22,  3.87it/s]
 83%|########2 | 414/500 [01:47<00:22,  3.90it/s]
 83%|########2 | 415/500 [01:48<00:21,  3.91it/s]
 83%|########3 | 416/500 [01:48<00:21,  3.92it/s]
 83%|########3 | 417/500 [01:48<00:21,  3.93it/s]
 84%|########3 | 418/500 [01:48<00:20,  3.94it/s]
 84%|########3 | 419/500 [01:49<00:20,  3.95it/s]
 84%|########4 | 420/500 [01:49<00:20,  3.95it/s]
 84%|########4 | 421/500 [01:49<00:20,  3.95it/s]
 84%|########4 | 422/500 [01:49<00:19,  3.95it/s]
 85%|########4 | 423/500 [01:50<00:19,  3.94it/s]
 85%|########4 | 424/500 [01:50<00:19,  3.93it/s]
 85%|########5 | 425/500 [01:50<00:19,  3.94it/s]
 85%|########5 | 426/500 [01:50<00:18,  3.94it/s]
 85%|########5 | 427/500 [01:51<00:18,  3.94it/s]
 86%|########5 | 428/500 [01:51<00:18,  3.94it/s]
 86%|########5 | 429/500 [01:51<00:17,  3.95it/s]
 86%|########6 | 430/500 [01:51<00:17,  3.95it/s]
 86%|########6 | 431/500 [01:52<00:17,  3.94it/s]
 86%|########6 | 432/500 [01:52<00:17,  3.95it/s]
 87%|########6 | 433/500 [01:52<00:16,  3.95it/s]
 87%|########6 | 434/500 [01:52<00:16,  3.96it/s]
 87%|########7 | 435/500 [01:53<00:16,  3.97it/s]
 87%|########7 | 436/500 [01:53<00:20,  3.13it/s]
 87%|########7 | 437/500 [01:53<00:18,  3.33it/s]
 88%|########7 | 438/500 [01:54<00:17,  3.49it/s]
 88%|########7 | 439/500 [01:54<00:16,  3.62it/s]
 88%|########8 | 440/500 [01:54<00:16,  3.70it/s]
 88%|########8 | 441/500 [01:54<00:15,  3.78it/s]
 88%|########8 | 442/500 [01:55<00:15,  3.82it/s]
 89%|########8 | 443/500 [01:55<00:14,  3.86it/s]
 89%|########8 | 444/500 [01:55<00:14,  3.88it/s]
 89%|########9 | 445/500 [01:55<00:14,  3.90it/s]
 89%|########9 | 446/500 [01:56<00:13,  3.91it/s]
 89%|########9 | 447/500 [01:56<00:13,  3.92it/s]
 90%|########9 | 448/500 [01:56<00:13,  3.92it/s]
 90%|########9 | 449/500 [01:56<00:12,  3.93it/s]
 90%|######### | 450/500 [01:57<00:12,  3.93it/s]
 90%|######### | 451/500 [01:57<00:12,  3.94it/s]
 90%|######### | 452/500 [01:57<00:12,  3.93it/s]
 91%|######### | 453/500 [01:57<00:11,  3.93it/s]
 91%|######### | 454/500 [01:58<00:11,  3.93it/s]
 91%|#########1| 455/500 [01:58<00:11,  3.93it/s]
 91%|#########1| 456/500 [01:58<00:11,  3.93it/s]
 91%|#########1| 457/500 [01:58<00:10,  3.93it/s]
 92%|#########1| 458/500 [01:59<00:10,  3.93it/s]
 92%|#########1| 459/500 [01:59<00:10,  3.93it/s]
 92%|#########2| 460/500 [01:59<00:10,  3.92it/s]
 92%|#########2| 461/500 [01:59<00:09,  3.93it/s]
 92%|#########2| 462/500 [02:00<00:09,  3.94it/s]
 93%|#########2| 463/500 [02:00<00:09,  3.95it/s]
 93%|#########2| 464/500 [02:00<00:09,  3.95it/s]
 93%|#########3| 465/500 [02:01<00:11,  3.16it/s]
 93%|#########3| 466/500 [02:01<00:10,  3.38it/s]
 93%|#########3| 467/500 [02:01<00:09,  3.53it/s]
 94%|#########3| 468/500 [02:01<00:08,  3.64it/s]
 94%|#########3| 469/500 [02:02<00:08,  3.72it/s]
 94%|#########3| 470/500 [02:02<00:07,  3.77it/s]
 94%|#########4| 471/500 [02:02<00:07,  3.83it/s]
 94%|#########4| 472/500 [02:02<00:07,  3.86it/s]
 95%|#########4| 473/500 [02:03<00:06,  3.89it/s]
 95%|#########4| 474/500 [02:03<00:06,  3.90it/s]
 95%|#########5| 475/500 [02:03<00:06,  3.92it/s]
 95%|#########5| 476/500 [02:03<00:06,  3.92it/s]
 95%|#########5| 477/500 [02:04<00:05,  3.92it/s]
 96%|#########5| 478/500 [02:04<00:05,  3.93it/s]
 96%|#########5| 479/500 [02:04<00:05,  3.93it/s]
 96%|#########6| 480/500 [02:05<00:05,  3.93it/s]
 96%|#########6| 481/500 [02:05<00:04,  3.93it/s]
 96%|#########6| 482/500 [02:05<00:04,  3.93it/s]
 97%|#########6| 483/500 [02:05<00:04,  3.93it/s]
 97%|#########6| 484/500 [02:06<00:04,  3.93it/s]
 97%|#########7| 485/500 [02:06<00:03,  3.94it/s]
 97%|#########7| 486/500 [02:06<00:03,  3.94it/s]
 97%|#########7| 487/500 [02:06<00:03,  3.95it/s]
 98%|#########7| 488/500 [02:07<00:03,  3.95it/s]
 98%|#########7| 489/500 [02:07<00:02,  3.95it/s]
 98%|#########8| 490/500 [02:07<00:02,  3.95it/s]
 98%|#########8| 491/500 [02:07<00:02,  3.95it/s]
 98%|#########8| 492/500 [02:08<00:02,  3.95it/s]
 99%|#########8| 493/500 [02:08<00:01,  3.95it/s]
 99%|#########8| 494/500 [02:08<00:01,  3.10it/s]
 99%|#########9| 495/500 [02:09<00:01,  3.33it/s]
 99%|#########9| 496/500 [02:09<00:01,  3.49it/s]
 99%|#########9| 497/500 [02:09<00:00,  3.62it/s]
100%|#########9| 498/500 [02:09<00:00,  3.71it/s]
100%|#########9| 499/500 [02:10<00:00,  3.77it/s]
100%|##########| 500/500 [02:10<00:00,  3.82it/s]
100%|##########| 500/500 [02:10<00:00,  3.84it/s]
Train Epoch 21
{
    "Loss": 0.010835736187174917,
    "Optimizer/policy0_lr": 0.00010000000000000003,
    "Policy_Grad_Norms": 0.06149644307849359,
    "Time_Data_Loading": 0.104142165184021,
    "Time_Epoch": 2.1723779797554017,
    "Time_Log_Info": 0.025210992495218913,
    "Time_Process_Batch": 0.7818368514378865,
    "Time_Train_Batch": 1.2340185403823853
}

Epoch 21 Memory Usage: 2298 MB


  0%|          | 0/500 [00:00<?, ?it/s]
  0%|          | 1/500 [00:00<03:14,  2.57it/s]
  0%|          | 2/500 [00:00<02:32,  3.27it/s]
  1%|          | 3/500 [00:00<02:19,  3.56it/s]
  1%|          | 4/500 [00:01<02:13,  3.72it/s]
  1%|1         | 5/500 [00:01<02:10,  3.80it/s]
  1%|1         | 6/500 [00:01<02:08,  3.84it/s]
  1%|1         | 7/500 [00:01<02:07,  3.87it/s]
  2%|1         | 8/500 [00:02<02:06,  3.89it/s]
  2%|1         | 9/500 [00:02<02:05,  3.91it/s]
  2%|2         | 10/500 [00:02<02:04,  3.95it/s]
  2%|2         | 11/500 [00:02<02:03,  3.97it/s]
  2%|2         | 12/500 [00:03<02:03,  3.97it/s]
  3%|2         | 13/500 [00:03<02:02,  3.96it/s]
  3%|2         | 14/500 [00:03<02:03,  3.95it/s]
  3%|3         | 15/500 [00:03<02:02,  3.95it/s]
  3%|3         | 16/500 [00:04<02:02,  3.94it/s]
  3%|3         | 17/500 [00:04<02:02,  3.94it/s]
  4%|3         | 18/500 [00:04<02:02,  3.93it/s]
  4%|3         | 19/500 [00:04<02:02,  3.93it/s]
  4%|4         | 20/500 [00:05<02:01,  3.94it/s]
  4%|4         | 21/500 [00:05<02:01,  3.94it/s]
  4%|4         | 22/500 [00:05<02:01,  3.94it/s]
  5%|4         | 23/500 [00:05<02:01,  3.93it/s]
  5%|4         | 24/500 [00:06<02:01,  3.93it/s]
  5%|5         | 25/500 [00:06<02:01,  3.92it/s]
  5%|5         | 26/500 [00:06<02:00,  3.93it/s]
  5%|5         | 27/500 [00:06<02:00,  3.94it/s]
  6%|5         | 28/500 [00:07<01:59,  3.95it/s]
  6%|5         | 29/500 [00:07<01:59,  3.95it/s]
  6%|6         | 30/500 [00:07<02:30,  3.13it/s]
  6%|6         | 31/500 [00:08<02:19,  3.36it/s]
  6%|6         | 32/500 [00:08<02:13,  3.51it/s]
  7%|6         | 33/500 [00:08<02:07,  3.66it/s]
  7%|6         | 34/500 [00:08<02:04,  3.76it/s]
  7%|7         | 35/500 [00:09<02:01,  3.82it/s]
  7%|7         | 36/500 [00:09<02:00,  3.86it/s]
  7%|7         | 37/500 [00:09<01:58,  3.90it/s]
  8%|7         | 38/500 [00:09<01:57,  3.92it/s]
  8%|7         | 39/500 [00:10<01:57,  3.92it/s]
  8%|8         | 40/500 [00:10<01:57,  3.92it/s]
  8%|8         | 41/500 [00:10<01:57,  3.92it/s]
  8%|8         | 42/500 [00:10<01:56,  3.93it/s]
  9%|8         | 43/500 [00:11<01:55,  3.94it/s]
  9%|8         | 44/500 [00:11<01:55,  3.95it/s]
  9%|9         | 45/500 [00:11<01:54,  3.96it/s]
  9%|9         | 46/500 [00:11<01:54,  3.96it/s]
  9%|9         | 47/500 [00:12<01:54,  3.97it/s]
 10%|9         | 48/500 [00:12<01:54,  3.96it/s]
 10%|9         | 49/500 [00:12<01:53,  3.96it/s]
 10%|#         | 50/500 [00:12<01:53,  3.96it/s]
 10%|#         | 51/500 [00:13<01:53,  3.96it/s]
 10%|#         | 52/500 [00:13<01:53,  3.95it/s]
 11%|#         | 53/500 [00:13<01:53,  3.95it/s]
 11%|#         | 54/500 [00:14<01:52,  3.95it/s]
 11%|#1        | 55/500 [00:14<01:52,  3.96it/s]
 11%|#1        | 56/500 [00:14<01:51,  3.97it/s]
 11%|#1        | 57/500 [00:14<01:51,  3.98it/s]
 12%|#1        | 58/500 [00:15<01:50,  3.98it/s]
 12%|#1        | 59/500 [00:15<02:20,  3.14it/s]
 12%|#2        | 60/500 [00:15<02:11,  3.35it/s]
 12%|#2        | 61/500 [00:15<02:04,  3.52it/s]
 12%|#2        | 62/500 [00:16<02:00,  3.65it/s]
 13%|#2        | 63/500 [00:16<01:56,  3.74it/s]
 13%|#2        | 64/500 [00:16<01:54,  3.80it/s]
 13%|#3        | 65/500 [00:16<01:53,  3.84it/s]
 13%|#3        | 66/500 [00:17<01:52,  3.87it/s]
 13%|#3        | 67/500 [00:17<01:51,  3.90it/s]
 14%|#3        | 68/500 [00:17<01:50,  3.90it/s]
 14%|#3        | 69/500 [00:18<01:50,  3.90it/s]
 14%|#4        | 70/500 [00:18<01:50,  3.90it/s]
 14%|#4        | 71/500 [00:18<01:49,  3.92it/s]
 14%|#4        | 72/500 [00:18<01:48,  3.94it/s]
 15%|#4        | 73/500 [00:19<01:48,  3.95it/s]
 15%|#4        | 74/500 [00:19<01:47,  3.96it/s]
 15%|#5        | 75/500 [00:19<01:47,  3.96it/s]
 15%|#5        | 76/500 [00:19<01:47,  3.96it/s]
 15%|#5        | 77/500 [00:20<01:46,  3.96it/s]
 16%|#5        | 78/500 [00:20<01:46,  3.96it/s]
 16%|#5        | 79/500 [00:20<01:46,  3.97it/s]
 16%|#6        | 80/500 [00:20<01:45,  3.97it/s]
 16%|#6        | 81/500 [00:21<01:45,  3.97it/s]
 16%|#6        | 82/500 [00:21<01:45,  3.96it/s]
 17%|#6        | 83/500 [00:21<01:45,  3.96it/s]
 17%|#6        | 84/500 [00:21<01:44,  3.96it/s]
 17%|#7        | 85/500 [00:22<01:44,  3.97it/s]
 17%|#7        | 86/500 [00:22<01:44,  3.97it/s]
 17%|#7        | 87/500 [00:22<01:44,  3.96it/s]
 18%|#7        | 88/500 [00:23<02:10,  3.15it/s]
 18%|#7        | 89/500 [00:23<02:02,  3.37it/s]
 18%|#8        | 90/500 [00:23<01:55,  3.54it/s]
 18%|#8        | 91/500 [00:23<01:51,  3.65it/s]
 18%|#8        | 92/500 [00:24<01:49,  3.73it/s]
 19%|#8        | 93/500 [00:24<01:47,  3.79it/s]
 19%|#8        | 94/500 [00:24<01:46,  3.82it/s]
 19%|#9        | 95/500 [00:24<01:45,  3.85it/s]
 19%|#9        | 96/500 [00:25<01:44,  3.86it/s]
 19%|#9        | 97/500 [00:25<01:43,  3.88it/s]
 20%|#9        | 98/500 [00:25<01:43,  3.89it/s]
 20%|#9        | 99/500 [00:25<01:42,  3.90it/s]
 20%|##        | 100/500 [00:26<01:42,  3.90it/s]
 20%|##        | 101/500 [00:26<01:41,  3.91it/s]
 20%|##        | 102/500 [00:26<01:41,  3.91it/s]
 21%|##        | 103/500 [00:26<01:41,  3.92it/s]
 21%|##        | 104/500 [00:27<01:41,  3.91it/s]
 21%|##1       | 105/500 [00:27<01:40,  3.92it/s]
 21%|##1       | 106/500 [00:27<01:40,  3.91it/s]
 21%|##1       | 107/500 [00:27<01:40,  3.92it/s]
 22%|##1       | 108/500 [00:28<01:40,  3.91it/s]
 22%|##1       | 109/500 [00:28<01:39,  3.91it/s]
 22%|##2       | 110/500 [00:28<01:39,  3.92it/s]
 22%|##2       | 111/500 [00:28<01:39,  3.92it/s]
 22%|##2       | 112/500 [00:29<01:38,  3.93it/s]
 23%|##2       | 113/500 [00:29<01:38,  3.92it/s]
 23%|##2       | 114/500 [00:29<01:38,  3.93it/s]
 23%|##3       | 115/500 [00:29<01:37,  3.94it/s]
 23%|##3       | 116/500 [00:30<01:37,  3.92it/s]
 23%|##3       | 117/500 [00:30<02:04,  3.08it/s]
 24%|##3       | 118/500 [00:30<01:55,  3.32it/s]
 24%|##3       | 119/500 [00:31<01:49,  3.48it/s]
 24%|##4       | 120/500 [00:31<01:45,  3.60it/s]
 24%|##4       | 121/500 [00:31<01:42,  3.69it/s]
 24%|##4       | 122/500 [00:31<01:40,  3.75it/s]
 25%|##4       | 123/500 [00:32<01:39,  3.79it/s]
 25%|##4       | 124/500 [00:32<01:38,  3.83it/s]
 25%|##5       | 125/500 [00:32<01:37,  3.85it/s]
 25%|##5       | 126/500 [00:32<01:37,  3.86it/s]
 25%|##5       | 127/500 [00:33<01:36,  3.87it/s]
 26%|##5       | 128/500 [00:33<01:35,  3.88it/s]
 26%|##5       | 129/500 [00:33<01:35,  3.89it/s]
 26%|##6       | 130/500 [00:33<01:34,  3.90it/s]
 26%|##6       | 131/500 [00:34<01:34,  3.90it/s]
 26%|##6       | 132/500 [00:34<01:34,  3.90it/s]
 27%|##6       | 133/500 [00:34<01:34,  3.90it/s]
 27%|##6       | 134/500 [00:34<01:33,  3.90it/s]
 27%|##7       | 135/500 [00:35<01:33,  3.90it/s]
 27%|##7       | 136/500 [00:35<01:33,  3.89it/s]
 27%|##7       | 137/500 [00:35<01:33,  3.90it/s]
 28%|##7       | 138/500 [00:36<01:32,  3.90it/s]
 28%|##7       | 139/500 [00:36<01:32,  3.90it/s]
 28%|##8       | 140/500 [00:36<01:32,  3.91it/s]
 28%|##8       | 141/500 [00:36<01:31,  3.91it/s]
 28%|##8       | 142/500 [00:37<01:31,  3.91it/s]
 29%|##8       | 143/500 [00:37<01:31,  3.92it/s]
 29%|##8       | 144/500 [00:37<01:30,  3.92it/s]
 29%|##9       | 145/500 [00:37<01:30,  3.92it/s]
 29%|##9       | 146/500 [00:38<01:53,  3.13it/s]
 29%|##9       | 147/500 [00:38<01:45,  3.35it/s]
 30%|##9       | 148/500 [00:38<01:40,  3.52it/s]
 30%|##9       | 149/500 [00:39<01:36,  3.62it/s]
 30%|###       | 150/500 [00:39<01:34,  3.71it/s]
 30%|###       | 151/500 [00:39<01:32,  3.77it/s]
 30%|###       | 152/500 [00:39<01:31,  3.81it/s]
 31%|###       | 153/500 [00:40<01:30,  3.85it/s]
 31%|###       | 154/500 [00:40<01:29,  3.88it/s]
 31%|###1      | 155/500 [00:40<01:28,  3.90it/s]
 31%|###1      | 156/500 [00:40<01:27,  3.91it/s]
 31%|###1      | 157/500 [00:41<01:27,  3.93it/s]
 32%|###1      | 158/500 [00:41<01:26,  3.94it/s]
 32%|###1      | 159/500 [00:41<01:26,  3.94it/s]
 32%|###2      | 160/500 [00:41<01:26,  3.94it/s]
 32%|###2      | 161/500 [00:42<01:26,  3.94it/s]
 32%|###2      | 162/500 [00:42<01:25,  3.94it/s]
 33%|###2      | 163/500 [00:42<01:25,  3.94it/s]
 33%|###2      | 164/500 [00:42<01:25,  3.94it/s]
 33%|###3      | 165/500 [00:43<01:24,  3.94it/s]
 33%|###3      | 166/500 [00:43<01:24,  3.94it/s]
 33%|###3      | 167/500 [00:43<01:24,  3.95it/s]
 34%|###3      | 168/500 [00:43<01:24,  3.94it/s]
 34%|###3      | 169/500 [00:44<01:23,  3.95it/s]
 34%|###4      | 170/500 [00:44<01:23,  3.94it/s]
 34%|###4      | 171/500 [00:44<01:23,  3.94it/s]
 34%|###4      | 172/500 [00:44<01:23,  3.94it/s]
 35%|###4      | 173/500 [00:45<01:23,  3.94it/s]
 35%|###4      | 174/500 [00:45<01:22,  3.94it/s]
 35%|###5      | 175/500 [00:45<01:43,  3.13it/s]
 35%|###5      | 176/500 [00:46<01:36,  3.35it/s]
 35%|###5      | 177/500 [00:46<01:32,  3.51it/s]
 36%|###5      | 178/500 [00:46<01:28,  3.64it/s]
 36%|###5      | 179/500 [00:46<01:26,  3.73it/s]
 36%|###6      | 180/500 [00:47<01:24,  3.79it/s]
 36%|###6      | 181/500 [00:47<01:23,  3.83it/s]
 36%|###6      | 182/500 [00:47<01:22,  3.86it/s]
 37%|###6      | 183/500 [00:47<01:21,  3.90it/s]
 37%|###6      | 184/500 [00:48<01:20,  3.91it/s]
 37%|###7      | 185/500 [00:48<01:20,  3.93it/s]
 37%|###7      | 186/500 [00:48<01:19,  3.93it/s]
 37%|###7      | 187/500 [00:48<01:19,  3.94it/s]
 38%|###7      | 188/500 [00:49<01:19,  3.93it/s]
 38%|###7      | 189/500 [00:49<01:19,  3.92it/s]
 38%|###8      | 190/500 [00:49<01:18,  3.93it/s]
 38%|###8      | 191/500 [00:49<01:18,  3.93it/s]
 38%|###8      | 192/500 [00:50<01:18,  3.93it/s]
 39%|###8      | 193/500 [00:50<01:18,  3.93it/s]
 39%|###8      | 194/500 [00:50<01:17,  3.93it/s]
 39%|###9      | 195/500 [00:50<01:17,  3.93it/s]
 39%|###9      | 196/500 [00:51<01:17,  3.94it/s]
 39%|###9      | 197/500 [00:51<01:16,  3.94it/s]
 40%|###9      | 198/500 [00:51<01:16,  3.96it/s]
 40%|###9      | 199/500 [00:51<01:16,  3.96it/s]
 40%|####      | 200/500 [00:52<01:15,  3.95it/s]
 40%|####      | 201/500 [00:52<01:15,  3.97it/s]
 40%|####      | 202/500 [00:52<01:14,  3.97it/s]
 41%|####      | 203/500 [00:52<01:14,  3.96it/s]
 41%|####      | 204/500 [00:53<01:35,  3.10it/s]
 41%|####1     | 205/500 [00:53<01:28,  3.33it/s]
 41%|####1     | 206/500 [00:53<01:24,  3.47it/s]
 41%|####1     | 207/500 [00:54<01:21,  3.60it/s]
 42%|####1     | 208/500 [00:54<01:19,  3.70it/s]
 42%|####1     | 209/500 [00:54<01:17,  3.77it/s]
 42%|####2     | 210/500 [00:54<01:16,  3.80it/s]
 42%|####2     | 211/500 [00:55<01:15,  3.84it/s]
 42%|####2     | 212/500 [00:55<01:14,  3.87it/s]
 43%|####2     | 213/500 [00:55<01:14,  3.87it/s]
 43%|####2     | 214/500 [00:55<01:13,  3.89it/s]
 43%|####3     | 215/500 [00:56<01:13,  3.89it/s]
 43%|####3     | 216/500 [00:56<01:12,  3.90it/s]
 43%|####3     | 217/500 [00:56<01:12,  3.91it/s]
 44%|####3     | 218/500 [00:56<01:11,  3.92it/s]
 44%|####3     | 219/500 [00:57<01:11,  3.91it/s]
 44%|####4     | 220/500 [00:57<01:11,  3.92it/s]
 44%|####4     | 221/500 [00:57<01:11,  3.92it/s]
 44%|####4     | 222/500 [00:58<01:10,  3.92it/s]
 45%|####4     | 223/500 [00:58<01:10,  3.92it/s]
 45%|####4     | 224/500 [00:58<01:10,  3.92it/s]
 45%|####5     | 225/500 [00:58<01:10,  3.92it/s]
 45%|####5     | 226/500 [00:59<01:09,  3.93it/s]
 45%|####5     | 227/500 [00:59<01:09,  3.94it/s]
 46%|####5     | 228/500 [00:59<01:09,  3.94it/s]
 46%|####5     | 229/500 [00:59<01:08,  3.94it/s]
 46%|####6     | 230/500 [01:00<01:08,  3.95it/s]
 46%|####6     | 231/500 [01:00<01:08,  3.95it/s]
 46%|####6     | 232/500 [01:00<01:07,  3.96it/s]
 47%|####6     | 233/500 [01:00<01:24,  3.17it/s]
 47%|####6     | 234/500 [01:01<01:18,  3.38it/s]
 47%|####6     | 235/500 [01:01<01:14,  3.54it/s]
 47%|####7     | 236/500 [01:01<01:12,  3.66it/s]
 47%|####7     | 237/500 [01:02<01:10,  3.73it/s]
 48%|####7     | 238/500 [01:02<01:09,  3.79it/s]
 48%|####7     | 239/500 [01:02<01:08,  3.83it/s]
 48%|####8     | 240/500 [01:02<01:07,  3.86it/s]
 48%|####8     | 241/500 [01:03<01:06,  3.87it/s]
 48%|####8     | 242/500 [01:03<01:06,  3.89it/s]
 49%|####8     | 243/500 [01:03<01:05,  3.91it/s]
 49%|####8     | 244/500 [01:03<01:05,  3.92it/s]
 49%|####9     | 245/500 [01:04<01:04,  3.93it/s]
 49%|####9     | 246/500 [01:04<01:04,  3.93it/s]
 49%|####9     | 247/500 [01:04<01:04,  3.93it/s]
 50%|####9     | 248/500 [01:04<01:04,  3.93it/s]
 50%|####9     | 249/500 [01:05<01:04,  3.91it/s]
 50%|#####     | 250/500 [01:05<01:03,  3.94it/s]
 50%|#####     | 251/500 [01:05<01:03,  3.94it/s]
 50%|#####     | 252/500 [01:05<01:02,  3.94it/s]
 51%|#####     | 253/500 [01:06<01:02,  3.94it/s]
 51%|#####     | 254/500 [01:06<01:02,  3.94it/s]
 51%|#####1    | 255/500 [01:06<01:02,  3.93it/s]
 51%|#####1    | 256/500 [01:06<01:02,  3.93it/s]
 51%|#####1    | 257/500 [01:07<01:01,  3.92it/s]
 52%|#####1    | 258/500 [01:07<01:01,  3.94it/s]
 52%|#####1    | 259/500 [01:07<01:01,  3.93it/s]
 52%|#####2    | 260/500 [01:07<01:01,  3.93it/s]
 52%|#####2    | 261/500 [01:08<01:00,  3.93it/s]
 52%|#####2    | 262/500 [01:08<01:15,  3.13it/s]
 53%|#####2    | 263/500 [01:08<01:10,  3.36it/s]
 53%|#####2    | 264/500 [01:09<01:07,  3.51it/s]
 53%|#####3    | 265/500 [01:09<01:04,  3.64it/s]
 53%|#####3    | 266/500 [01:09<01:02,  3.73it/s]
 53%|#####3    | 267/500 [01:09<01:01,  3.79it/s]
 54%|#####3    | 268/500 [01:10<01:00,  3.83it/s]
 54%|#####3    | 269/500 [01:10<00:59,  3.87it/s]
 54%|#####4    | 270/500 [01:10<00:59,  3.89it/s]
 54%|#####4    | 271/500 [01:10<00:58,  3.90it/s]
 54%|#####4    | 272/500 [01:11<00:58,  3.91it/s]
 55%|#####4    | 273/500 [01:11<00:57,  3.92it/s]
 55%|#####4    | 274/500 [01:11<00:57,  3.94it/s]
 55%|#####5    | 275/500 [01:11<00:57,  3.94it/s]
 55%|#####5    | 276/500 [01:12<00:56,  3.94it/s]
 55%|#####5    | 277/500 [01:12<00:56,  3.94it/s]
 56%|#####5    | 278/500 [01:12<00:56,  3.94it/s]
 56%|#####5    | 279/500 [01:12<00:56,  3.94it/s]
 56%|#####6    | 280/500 [01:13<00:55,  3.94it/s]
 56%|#####6    | 281/500 [01:13<00:55,  3.95it/s]
 56%|#####6    | 282/500 [01:13<00:55,  3.95it/s]
 57%|#####6    | 283/500 [01:13<00:54,  3.95it/s]
 57%|#####6    | 284/500 [01:14<00:54,  3.94it/s]
 57%|#####6    | 285/500 [01:14<00:54,  3.95it/s]
 57%|#####7    | 286/500 [01:14<00:54,  3.94it/s]
 57%|#####7    | 287/500 [01:14<00:53,  3.95it/s]
 58%|#####7    | 288/500 [01:15<00:53,  3.96it/s]
 58%|#####7    | 289/500 [01:15<00:53,  3.96it/s]
 58%|#####8    | 290/500 [01:15<00:53,  3.95it/s]
 58%|#####8    | 291/500 [01:16<01:06,  3.14it/s]
 58%|#####8    | 292/500 [01:16<01:01,  3.36it/s]
 59%|#####8    | 293/500 [01:16<00:58,  3.53it/s]
 59%|#####8    | 294/500 [01:16<00:56,  3.64it/s]
 59%|#####8    | 295/500 [01:17<00:54,  3.73it/s]
 59%|#####9    | 296/500 [01:17<00:53,  3.80it/s]
 59%|#####9    | 297/500 [01:17<00:52,  3.86it/s]
 60%|#####9    | 298/500 [01:17<00:52,  3.88it/s]
 60%|#####9    | 299/500 [01:18<00:51,  3.89it/s]
 60%|######    | 300/500 [01:18<00:51,  3.90it/s]
 60%|######    | 301/500 [01:18<00:50,  3.91it/s]
 60%|######    | 302/500 [01:18<00:50,  3.91it/s]
 61%|######    | 303/500 [01:19<00:50,  3.92it/s]
 61%|######    | 304/500 [01:19<00:49,  3.92it/s]
 61%|######1   | 305/500 [01:19<00:49,  3.94it/s]
 61%|######1   | 306/500 [01:19<00:49,  3.94it/s]
 61%|######1   | 307/500 [01:20<00:48,  3.95it/s]
 62%|######1   | 308/500 [01:20<00:48,  3.95it/s]
 62%|######1   | 309/500 [01:20<00:48,  3.94it/s]
 62%|######2   | 310/500 [01:20<00:48,  3.95it/s]
 62%|######2   | 311/500 [01:21<00:48,  3.94it/s]
 62%|######2   | 312/500 [01:21<00:47,  3.94it/s]
 63%|######2   | 313/500 [01:21<00:47,  3.94it/s]
 63%|######2   | 314/500 [01:21<00:47,  3.94it/s]
 63%|######3   | 315/500 [01:22<00:46,  3.95it/s]
 63%|######3   | 316/500 [01:22<00:46,  3.96it/s]
 63%|######3   | 317/500 [01:22<00:46,  3.96it/s]
 64%|######3   | 318/500 [01:22<00:45,  3.96it/s]
 64%|######3   | 319/500 [01:23<00:45,  3.97it/s]
 64%|######4   | 320/500 [01:23<00:57,  3.13it/s]
 64%|######4   | 321/500 [01:23<00:53,  3.35it/s]
 64%|######4   | 322/500 [01:24<00:50,  3.51it/s]
 65%|######4   | 323/500 [01:24<00:48,  3.63it/s]
 65%|######4   | 324/500 [01:24<00:47,  3.71it/s]
 65%|######5   | 325/500 [01:24<00:46,  3.78it/s]
 65%|######5   | 326/500 [01:25<00:45,  3.83it/s]
 65%|######5   | 327/500 [01:25<00:44,  3.87it/s]
 66%|######5   | 328/500 [01:25<00:44,  3.88it/s]
 66%|######5   | 329/500 [01:25<00:43,  3.90it/s]
 66%|######6   | 330/500 [01:26<00:43,  3.94it/s]
 66%|######6   | 331/500 [01:26<00:42,  3.96it/s]
 66%|######6   | 332/500 [01:26<00:42,  3.96it/s]
 67%|######6   | 333/500 [01:26<00:42,  3.96it/s]
 67%|######6   | 334/500 [01:27<00:41,  3.95it/s]
 67%|######7   | 335/500 [01:27<00:41,  3.95it/s]
 67%|######7   | 336/500 [01:27<00:41,  3.96it/s]
 67%|######7   | 337/500 [01:27<00:41,  3.97it/s]
 68%|######7   | 338/500 [01:28<00:40,  3.96it/s]
 68%|######7   | 339/500 [01:28<00:40,  3.96it/s]
 68%|######8   | 340/500 [01:28<00:40,  3.96it/s]
 68%|######8   | 341/500 [01:28<00:40,  3.96it/s]
 68%|######8   | 342/500 [01:29<00:40,  3.94it/s]
 69%|######8   | 343/500 [01:29<00:39,  3.95it/s]
 69%|######8   | 344/500 [01:29<00:39,  3.96it/s]
 69%|######9   | 345/500 [01:30<00:39,  3.97it/s]
 69%|######9   | 346/500 [01:30<00:38,  3.98it/s]
 69%|######9   | 347/500 [01:30<00:38,  3.98it/s]
 70%|######9   | 348/500 [01:30<00:38,  3.97it/s]
 70%|######9   | 349/500 [01:31<00:48,  3.13it/s]
 70%|#######   | 350/500 [01:31<00:44,  3.35it/s]
 70%|#######   | 351/500 [01:31<00:42,  3.52it/s]
 70%|#######   | 352/500 [01:31<00:40,  3.63it/s]
 71%|#######   | 353/500 [01:32<00:39,  3.73it/s]
 71%|#######   | 354/500 [01:32<00:38,  3.80it/s]
 71%|#######1  | 355/500 [01:32<00:37,  3.84it/s]
 71%|#######1  | 356/500 [01:33<00:37,  3.86it/s]
 71%|#######1  | 357/500 [01:33<00:36,  3.89it/s]
 72%|#######1  | 358/500 [01:33<00:36,  3.91it/s]
 72%|#######1  | 359/500 [01:33<00:35,  3.93it/s]
 72%|#######2  | 360/500 [01:34<00:35,  3.93it/s]
 72%|#######2  | 361/500 [01:34<00:35,  3.93it/s]
 72%|#######2  | 362/500 [01:34<00:35,  3.93it/s]
 73%|#######2  | 363/500 [01:34<00:34,  3.96it/s]
 73%|#######2  | 364/500 [01:35<00:34,  3.94it/s]
 73%|#######3  | 365/500 [01:35<00:34,  3.94it/s]
 73%|#######3  | 366/500 [01:35<00:33,  3.94it/s]
 73%|#######3  | 367/500 [01:35<00:33,  3.95it/s]
 74%|#######3  | 368/500 [01:36<00:33,  3.95it/s]
 74%|#######3  | 369/500 [01:36<00:33,  3.95it/s]
 74%|#######4  | 370/500 [01:36<00:32,  3.95it/s]
 74%|#######4  | 371/500 [01:36<00:32,  3.94it/s]
 74%|#######4  | 372/500 [01:37<00:32,  3.94it/s]
 75%|#######4  | 373/500 [01:37<00:32,  3.94it/s]
 75%|#######4  | 374/500 [01:37<00:31,  3.94it/s]
 75%|#######5  | 375/500 [01:37<00:31,  3.94it/s]
 75%|#######5  | 376/500 [01:38<00:31,  3.93it/s]
 75%|#######5  | 377/500 [01:38<00:31,  3.92it/s]
 76%|#######5  | 378/500 [01:38<00:38,  3.14it/s]
 76%|#######5  | 379/500 [01:39<00:35,  3.36it/s]
 76%|#######6  | 380/500 [01:39<00:33,  3.54it/s]
 76%|#######6  | 381/500 [01:39<00:32,  3.65it/s]
 76%|#######6  | 382/500 [01:39<00:31,  3.73it/s]
 77%|#######6  | 383/500 [01:40<00:30,  3.79it/s]
 77%|#######6  | 384/500 [01:40<00:30,  3.84it/s]
 77%|#######7  | 385/500 [01:40<00:29,  3.88it/s]
 77%|#######7  | 386/500 [01:40<00:29,  3.90it/s]
 77%|#######7  | 387/500 [01:41<00:28,  3.91it/s]
 78%|#######7  | 388/500 [01:41<00:28,  3.91it/s]
 78%|#######7  | 389/500 [01:41<00:28,  3.91it/s]
 78%|#######8  | 390/500 [01:41<00:28,  3.92it/s]
 78%|#######8  | 391/500 [01:42<00:27,  3.91it/s]
 78%|#######8  | 392/500 [01:42<00:27,  3.92it/s]
 79%|#######8  | 393/500 [01:42<00:27,  3.92it/s]
 79%|#######8  | 394/500 [01:42<00:27,  3.92it/s]
 79%|#######9  | 395/500 [01:43<00:26,  3.92it/s]
 79%|#######9  | 396/500 [01:43<00:26,  3.93it/s]
 79%|#######9  | 397/500 [01:43<00:26,  3.94it/s]
 80%|#######9  | 398/500 [01:43<00:25,  3.93it/s]
 80%|#######9  | 399/500 [01:44<00:25,  3.94it/s]
 80%|########  | 400/500 [01:44<00:25,  3.93it/s]
 80%|########  | 401/500 [01:44<00:25,  3.94it/s]
 80%|########  | 402/500 [01:44<00:24,  3.94it/s]
 81%|########  | 403/500 [01:45<00:24,  3.94it/s]
 81%|########  | 404/500 [01:45<00:24,  3.94it/s]
 81%|########1 | 405/500 [01:45<00:24,  3.95it/s]
 81%|########1 | 406/500 [01:45<00:23,  3.96it/s]
 81%|########1 | 407/500 [01:46<00:29,  3.16it/s]
 82%|########1 | 408/500 [01:46<00:27,  3.38it/s]
 82%|########1 | 409/500 [01:46<00:25,  3.52it/s]
 82%|########2 | 410/500 [01:47<00:24,  3.65it/s]
 82%|########2 | 411/500 [01:47<00:23,  3.73it/s]
 82%|########2 | 412/500 [01:47<00:23,  3.78it/s]
 83%|########2 | 413/500 [01:47<00:22,  3.83it/s]
 83%|########2 | 414/500 [01:48<00:22,  3.87it/s]
 83%|########2 | 415/500 [01:48<00:21,  3.89it/s]
 83%|########3 | 416/500 [01:48<00:21,  3.90it/s]
 83%|########3 | 417/500 [01:48<00:21,  3.91it/s]
 84%|########3 | 418/500 [01:49<00:20,  3.91it/s]
 84%|########3 | 419/500 [01:49<00:20,  3.93it/s]
 84%|########4 | 420/500 [01:49<00:20,  3.93it/s]
 84%|########4 | 421/500 [01:49<00:20,  3.91it/s]
 84%|########4 | 422/500 [01:50<00:19,  3.92it/s]
 85%|########4 | 423/500 [01:50<00:19,  3.94it/s]
 85%|########4 | 424/500 [01:50<00:19,  3.93it/s]
 85%|########5 | 425/500 [01:50<00:19,  3.93it/s]
 85%|########5 | 426/500 [01:51<00:18,  3.94it/s]
 85%|########5 | 427/500 [01:51<00:18,  3.95it/s]
 86%|########5 | 428/500 [01:51<00:18,  3.94it/s]
 86%|########5 | 429/500 [01:51<00:18,  3.93it/s]
 86%|########6 | 430/500 [01:52<00:17,  3.93it/s]
 86%|########6 | 431/500 [01:52<00:17,  3.93it/s]
 86%|########6 | 432/500 [01:52<00:17,  3.94it/s]
 87%|########6 | 433/500 [01:52<00:17,  3.93it/s]
 87%|########6 | 434/500 [01:53<00:16,  3.95it/s]
 87%|########7 | 435/500 [01:53<00:16,  3.94it/s]
 87%|########7 | 436/500 [01:53<00:20,  3.07it/s]
 87%|########7 | 437/500 [01:54<00:19,  3.31it/s]
 88%|########7 | 438/500 [01:54<00:17,  3.47it/s]
 88%|########7 | 439/500 [01:54<00:16,  3.60it/s]
 88%|########8 | 440/500 [01:54<00:16,  3.68it/s]
 88%|########8 | 441/500 [01:55<00:15,  3.74it/s]
 88%|########8 | 442/500 [01:55<00:15,  3.80it/s]
 89%|########8 | 443/500 [01:55<00:14,  3.84it/s]
 89%|########8 | 444/500 [01:55<00:14,  3.86it/s]
 89%|########9 | 445/500 [01:56<00:14,  3.88it/s]
 89%|########9 | 446/500 [01:56<00:13,  3.89it/s]
 89%|########9 | 447/500 [01:56<00:13,  3.90it/s]
 90%|########9 | 448/500 [01:57<00:13,  3.90it/s]
 90%|########9 | 449/500 [01:57<00:13,  3.90it/s]
 90%|######### | 450/500 [01:57<00:12,  3.91it/s]
 90%|######### | 451/500 [01:57<00:12,  3.92it/s]
 90%|######### | 452/500 [01:58<00:12,  3.91it/s]
 91%|######### | 453/500 [01:58<00:11,  3.92it/s]
 91%|######### | 454/500 [01:58<00:11,  3.93it/s]
 91%|#########1| 455/500 [01:58<00:11,  3.92it/s]
 91%|#########1| 456/500 [01:59<00:11,  3.92it/s]
 91%|#########1| 457/500 [01:59<00:10,  3.92it/s]
 92%|#########1| 458/500 [01:59<00:10,  3.91it/s]
 92%|#########1| 459/500 [01:59<00:10,  3.91it/s]
 92%|#########2| 460/500 [02:00<00:10,  3.91it/s]
 92%|#########2| 461/500 [02:00<00:09,  3.92it/s]
 92%|#########2| 462/500 [02:00<00:09,  3.94it/s]
 93%|#########2| 463/500 [02:00<00:09,  3.94it/s]
 93%|#########2| 464/500 [02:01<00:09,  3.93it/s]
 93%|#########3| 465/500 [02:01<00:11,  3.12it/s]
 93%|#########3| 466/500 [02:01<00:10,  3.34it/s]
 93%|#########3| 467/500 [02:02<00:09,  3.50it/s]
 94%|#########3| 468/500 [02:02<00:08,  3.62it/s]
 94%|#########3| 469/500 [02:02<00:08,  3.70it/s]
 94%|#########3| 470/500 [02:02<00:07,  3.75it/s]
 94%|#########4| 471/500 [02:03<00:07,  3.79it/s]
 94%|#########4| 472/500 [02:03<00:07,  3.82it/s]
 95%|#########4| 473/500 [02:03<00:07,  3.85it/s]
 95%|#########4| 474/500 [02:03<00:06,  3.87it/s]
 95%|#########5| 475/500 [02:04<00:06,  3.87it/s]
 95%|#########5| 476/500 [02:04<00:06,  3.87it/s]
 95%|#########5| 477/500 [02:04<00:05,  3.88it/s]
 96%|#########5| 478/500 [02:04<00:05,  3.88it/s]
 96%|#########5| 479/500 [02:05<00:05,  3.88it/s]
 96%|#########6| 480/500 [02:05<00:05,  3.89it/s]
 96%|#########6| 481/500 [02:05<00:04,  3.88it/s]
 96%|#########6| 482/500 [02:05<00:04,  3.89it/s]
 97%|#########6| 483/500 [02:06<00:04,  3.88it/s]
 97%|#########6| 484/500 [02:06<00:04,  3.90it/s]
 97%|#########7| 485/500 [02:06<00:03,  3.90it/s]
 97%|#########7| 486/500 [02:06<00:03,  3.90it/s]
 97%|#########7| 487/500 [02:07<00:03,  3.90it/s]
 98%|#########7| 488/500 [02:07<00:03,  3.91it/s]
 98%|#########7| 489/500 [02:07<00:02,  3.92it/s]
 98%|#########8| 490/500 [02:07<00:02,  3.94it/s]
 98%|#########8| 491/500 [02:08<00:02,  3.94it/s]
 98%|#########8| 492/500 [02:08<00:02,  3.95it/s]
 99%|#########8| 493/500 [02:08<00:01,  3.95it/s]
 99%|#########8| 494/500 [02:09<00:01,  3.13it/s]
 99%|#########9| 495/500 [02:09<00:01,  3.36it/s]
 99%|#########9| 496/500 [02:09<00:01,  3.54it/s]
 99%|#########9| 497/500 [02:09<00:00,  3.66it/s]
100%|#########9| 498/500 [02:10<00:00,  3.72it/s]
100%|#########9| 499/500 [02:10<00:00,  3.79it/s]
100%|##########| 500/500 [02:10<00:00,  3.84it/s]
100%|##########| 500/500 [02:10<00:00,  3.83it/s]
Train Epoch 22
{
    "Loss": 0.010609026541002094,
    "Optimizer/policy0_lr": 0.00010000000000000003,
    "Policy_Grad_Norms": 0.06499253407841422,
    "Time_Data_Loading": 0.10499579906463623,
    "Time_Epoch": 2.179305911064148,
    "Time_Log_Info": 0.024482850233713785,
    "Time_Process_Batch": 0.7862370133399963,
    "Time_Train_Batch": 1.236103399594625
}

Epoch 22 Memory Usage: 2298 MB


  0%|          | 0/500 [00:00<?, ?it/s]
  0%|          | 1/500 [00:00<03:17,  2.53it/s]
  0%|          | 2/500 [00:00<02:33,  3.24it/s]
  1%|          | 3/500 [00:00<02:20,  3.53it/s]
  1%|          | 4/500 [00:01<02:14,  3.68it/s]
  1%|1         | 5/500 [00:01<02:11,  3.76it/s]
  1%|1         | 6/500 [00:01<02:09,  3.82it/s]
  1%|1         | 7/500 [00:01<02:07,  3.86it/s]
  2%|1         | 8/500 [00:02<02:06,  3.88it/s]
  2%|1         | 9/500 [00:02<02:06,  3.90it/s]
  2%|2         | 10/500 [00:02<02:05,  3.91it/s]
  2%|2         | 11/500 [00:02<02:05,  3.91it/s]
  2%|2         | 12/500 [00:03<02:04,  3.91it/s]
  3%|2         | 13/500 [00:03<02:03,  3.93it/s]
  3%|2         | 14/500 [00:03<02:03,  3.93it/s]
  3%|3         | 15/500 [00:03<02:03,  3.93it/s]
  3%|3         | 16/500 [00:04<02:03,  3.93it/s]
  3%|3         | 17/500 [00:04<02:02,  3.93it/s]
  4%|3         | 18/500 [00:04<02:02,  3.95it/s]
  4%|3         | 19/500 [00:04<02:02,  3.94it/s]
  4%|4         | 20/500 [00:05<02:01,  3.94it/s]
  4%|4         | 21/500 [00:05<02:01,  3.94it/s]
  4%|4         | 22/500 [00:05<02:01,  3.94it/s]
  5%|4         | 23/500 [00:05<02:01,  3.93it/s]
  5%|4         | 24/500 [00:06<02:01,  3.93it/s]
  5%|5         | 25/500 [00:06<02:00,  3.94it/s]
  5%|5         | 26/500 [00:06<02:00,  3.94it/s]
  5%|5         | 27/500 [00:06<02:00,  3.94it/s]
  6%|5         | 28/500 [00:07<01:59,  3.95it/s]
  6%|5         | 29/500 [00:07<01:59,  3.94it/s]
  6%|6         | 30/500 [00:07<02:29,  3.14it/s]
  6%|6         | 31/500 [00:08<02:19,  3.37it/s]
  6%|6         | 32/500 [00:08<02:12,  3.53it/s]
  7%|6         | 33/500 [00:08<02:07,  3.65it/s]
  7%|6         | 34/500 [00:08<02:04,  3.73it/s]
  7%|7         | 35/500 [00:09<02:02,  3.79it/s]
  7%|7         | 36/500 [00:09<02:00,  3.84it/s]
  7%|7         | 37/500 [00:09<01:59,  3.88it/s]
  8%|7         | 38/500 [00:09<01:58,  3.89it/s]
  8%|7         | 39/500 [00:10<01:58,  3.90it/s]
  8%|8         | 40/500 [00:10<01:57,  3.91it/s]
  8%|8         | 41/500 [00:10<01:57,  3.92it/s]
  8%|8         | 42/500 [00:11<01:56,  3.93it/s]
  9%|8         | 43/500 [00:11<01:56,  3.93it/s]
  9%|8         | 44/500 [00:11<01:55,  3.93it/s]
  9%|9         | 45/500 [00:11<01:56,  3.92it/s]
  9%|9         | 46/500 [00:12<01:55,  3.93it/s]
  9%|9         | 47/500 [00:12<01:55,  3.92it/s]
 10%|9         | 48/500 [00:12<01:55,  3.91it/s]
 10%|9         | 49/500 [00:12<01:55,  3.92it/s]
 10%|#         | 50/500 [00:13<01:54,  3.93it/s]
 10%|#         | 51/500 [00:13<01:54,  3.93it/s]
 10%|#         | 52/500 [00:13<01:54,  3.92it/s]
 11%|#         | 53/500 [00:13<01:53,  3.92it/s]
 11%|#         | 54/500 [00:14<01:53,  3.93it/s]
 11%|#1        | 55/500 [00:14<01:52,  3.94it/s]
 11%|#1        | 56/500 [00:14<01:52,  3.94it/s]
 11%|#1        | 57/500 [00:14<01:52,  3.95it/s]
 12%|#1        | 58/500 [00:15<01:52,  3.94it/s]
 12%|#1        | 59/500 [00:15<02:20,  3.13it/s]
 12%|#2        | 60/500 [00:15<02:11,  3.35it/s]
 12%|#2        | 61/500 [00:16<02:04,  3.51it/s]
 12%|#2        | 62/500 [00:16<02:00,  3.63it/s]
 13%|#2        | 63/500 [00:16<01:57,  3.71it/s]
 13%|#2        | 64/500 [00:16<01:55,  3.78it/s]
 13%|#3        | 65/500 [00:17<01:53,  3.84it/s]
 13%|#3        | 66/500 [00:17<01:52,  3.87it/s]
 13%|#3        | 67/500 [00:17<01:51,  3.89it/s]
 14%|#3        | 68/500 [00:17<01:50,  3.90it/s]
 14%|#3        | 69/500 [00:18<01:50,  3.92it/s]
 14%|#4        | 70/500 [00:18<01:49,  3.93it/s]
 14%|#4        | 71/500 [00:18<01:49,  3.93it/s]
 14%|#4        | 72/500 [00:18<01:48,  3.93it/s]
 15%|#4        | 73/500 [00:19<01:48,  3.93it/s]
 15%|#4        | 74/500 [00:19<01:48,  3.93it/s]
 15%|#5        | 75/500 [00:19<01:48,  3.93it/s]
 15%|#5        | 76/500 [00:19<01:47,  3.94it/s]
 15%|#5        | 77/500 [00:20<01:47,  3.95it/s]
 16%|#5        | 78/500 [00:20<01:46,  3.95it/s]
 16%|#5        | 79/500 [00:20<01:46,  3.96it/s]
 16%|#6        | 80/500 [00:20<01:45,  3.96it/s]
 16%|#6        | 81/500 [00:21<01:45,  3.96it/s]
 16%|#6        | 82/500 [00:21<01:45,  3.96it/s]
 17%|#6        | 83/500 [00:21<01:45,  3.95it/s]
 17%|#6        | 84/500 [00:21<01:45,  3.95it/s]
 17%|#7        | 85/500 [00:22<01:44,  3.96it/s]
 17%|#7        | 86/500 [00:22<01:44,  3.97it/s]
 17%|#7        | 87/500 [00:22<01:44,  3.95it/s]
 18%|#7        | 88/500 [00:23<02:11,  3.12it/s]
 18%|#7        | 89/500 [00:23<02:03,  3.34it/s]
 18%|#8        | 90/500 [00:23<01:57,  3.50it/s]
 18%|#8        | 91/500 [00:23<01:53,  3.61it/s]
 18%|#8        | 92/500 [00:24<01:50,  3.71it/s]
 19%|#8        | 93/500 [00:24<01:47,  3.78it/s]
 19%|#8        | 94/500 [00:24<01:45,  3.83it/s]
 19%|#9        | 95/500 [00:24<01:44,  3.87it/s]
 19%|#9        | 96/500 [00:25<01:43,  3.89it/s]
 19%|#9        | 97/500 [00:25<01:43,  3.90it/s]
 20%|#9        | 98/500 [00:25<01:42,  3.91it/s]
 20%|#9        | 99/500 [00:25<01:42,  3.92it/s]
 20%|##        | 100/500 [00:26<01:41,  3.92it/s]
 20%|##        | 101/500 [00:26<01:41,  3.92it/s]
 20%|##        | 102/500 [00:26<01:41,  3.93it/s]
 21%|##        | 103/500 [00:26<01:40,  3.93it/s]
 21%|##        | 104/500 [00:27<01:40,  3.93it/s]
 21%|##1       | 105/500 [00:27<01:40,  3.93it/s]
 21%|##1       | 106/500 [00:27<01:40,  3.92it/s]
 21%|##1       | 107/500 [00:27<01:40,  3.93it/s]
 22%|##1       | 108/500 [00:28<01:39,  3.93it/s]
 22%|##1       | 109/500 [00:28<01:39,  3.94it/s]
 22%|##2       | 110/500 [00:28<01:39,  3.93it/s]
 22%|##2       | 111/500 [00:28<01:39,  3.92it/s]
 22%|##2       | 112/500 [00:29<01:38,  3.93it/s]
 23%|##2       | 113/500 [00:29<01:38,  3.94it/s]
 23%|##2       | 114/500 [00:29<01:37,  3.94it/s]
 23%|##3       | 115/500 [00:29<01:37,  3.93it/s]
 23%|##3       | 116/500 [00:30<01:37,  3.93it/s]
 23%|##3       | 117/500 [00:30<02:02,  3.12it/s]
 24%|##3       | 118/500 [00:30<01:55,  3.32it/s]
 24%|##3       | 119/500 [00:31<01:49,  3.48it/s]
 24%|##4       | 120/500 [00:31<01:45,  3.61it/s]
 24%|##4       | 121/500 [00:31<01:42,  3.70it/s]
 24%|##4       | 122/500 [00:31<01:40,  3.77it/s]
 25%|##4       | 123/500 [00:32<01:39,  3.81it/s]
 25%|##4       | 124/500 [00:32<01:37,  3.85it/s]
 25%|##5       | 125/500 [00:32<01:37,  3.86it/s]
 25%|##5       | 126/500 [00:32<01:36,  3.87it/s]
 25%|##5       | 127/500 [00:33<01:36,  3.88it/s]
 26%|##5       | 128/500 [00:33<01:35,  3.90it/s]
 26%|##5       | 129/500 [00:33<01:34,  3.91it/s]
 26%|##6       | 130/500 [00:34<01:34,  3.92it/s]
 26%|##6       | 131/500 [00:34<01:34,  3.92it/s]
 26%|##6       | 132/500 [00:34<01:33,  3.92it/s]
 27%|##6       | 133/500 [00:34<01:33,  3.91it/s]
 27%|##6       | 134/500 [00:35<01:33,  3.91it/s]
 27%|##7       | 135/500 [00:35<01:33,  3.90it/s]
 27%|##7       | 136/500 [00:35<01:32,  3.93it/s]
 27%|##7       | 137/500 [00:35<01:32,  3.92it/s]
 28%|##7       | 138/500 [00:36<01:32,  3.92it/s]
 28%|##7       | 139/500 [00:36<01:32,  3.92it/s]
 28%|##8       | 140/500 [00:36<01:31,  3.91it/s]
 28%|##8       | 141/500 [00:36<01:31,  3.92it/s]
 28%|##8       | 142/500 [00:37<01:30,  3.94it/s]
 29%|##8       | 143/500 [00:37<01:30,  3.95it/s]
 29%|##8       | 144/500 [00:37<01:30,  3.95it/s]
 29%|##9       | 145/500 [00:37<01:29,  3.95it/s]
 29%|##9       | 146/500 [00:38<01:52,  3.14it/s]
 29%|##9       | 147/500 [00:38<01:45,  3.35it/s]
 30%|##9       | 148/500 [00:38<01:40,  3.50it/s]
 30%|##9       | 149/500 [00:39<01:37,  3.61it/s]
 30%|###       | 150/500 [00:39<01:34,  3.70it/s]
 30%|###       | 151/500 [00:39<01:32,  3.76it/s]
 30%|###       | 152/500 [00:39<01:31,  3.80it/s]
 31%|###       | 153/500 [00:40<01:30,  3.83it/s]
 31%|###       | 154/500 [00:40<01:29,  3.86it/s]
 31%|###1      | 155/500 [00:40<01:28,  3.88it/s]
 31%|###1      | 156/500 [00:40<01:28,  3.89it/s]
 31%|###1      | 157/500 [00:41<01:28,  3.90it/s]
 32%|###1      | 158/500 [00:41<01:27,  3.90it/s]
 32%|###1      | 159/500 [00:41<01:27,  3.90it/s]
 32%|###2      | 160/500 [00:41<01:27,  3.90it/s]
 32%|###2      | 161/500 [00:42<01:26,  3.90it/s]
 32%|###2      | 162/500 [00:42<01:26,  3.90it/s]
 33%|###2      | 163/500 [00:42<01:26,  3.90it/s]
 33%|###2      | 164/500 [00:42<01:25,  3.92it/s]
 33%|###3      | 165/500 [00:43<01:25,  3.90it/s]
 33%|###3      | 166/500 [00:43<01:25,  3.92it/s]
 33%|###3      | 167/500 [00:43<01:24,  3.93it/s]
 34%|###3      | 168/500 [00:43<01:24,  3.93it/s]
 34%|###3      | 169/500 [00:44<01:24,  3.93it/s]
 34%|###4      | 170/500 [00:44<01:24,  3.92it/s]
 34%|###4      | 171/500 [00:44<01:23,  3.93it/s]
 34%|###4      | 172/500 [00:44<01:23,  3.93it/s]
 35%|###4      | 173/500 [00:45<01:22,  3.94it/s]
 35%|###4      | 174/500 [00:45<01:22,  3.94it/s]
 35%|###5      | 175/500 [00:45<01:44,  3.12it/s]
 35%|###5      | 176/500 [00:46<01:36,  3.34it/s]
 35%|###5      | 177/500 [00:46<01:31,  3.52it/s]
 36%|###5      | 178/500 [00:46<01:28,  3.65it/s]
 36%|###5      | 179/500 [00:46<01:26,  3.72it/s]
 36%|###6      | 180/500 [00:47<01:24,  3.77it/s]
 36%|###6      | 181/500 [00:47<01:23,  3.82it/s]
 36%|###6      | 182/500 [00:47<01:22,  3.84it/s]
 37%|###6      | 183/500 [00:47<01:22,  3.85it/s]
 37%|###6      | 184/500 [00:48<01:21,  3.88it/s]
 37%|###7      | 185/500 [00:48<01:20,  3.90it/s]
 37%|###7      | 186/500 [00:48<01:20,  3.90it/s]
 37%|###7      | 187/500 [00:48<01:19,  3.91it/s]
 38%|###7      | 188/500 [00:49<01:19,  3.93it/s]
 38%|###7      | 189/500 [00:49<01:19,  3.92it/s]
 38%|###8      | 190/500 [00:49<01:18,  3.93it/s]
 38%|###8      | 191/500 [00:49<01:18,  3.93it/s]
 38%|###8      | 192/500 [00:50<01:18,  3.92it/s]
 39%|###8      | 193/500 [00:50<01:18,  3.93it/s]
 39%|###8      | 194/500 [00:50<01:18,  3.92it/s]
 39%|###9      | 195/500 [00:51<01:17,  3.91it/s]
 39%|###9      | 196/500 [00:51<01:17,  3.92it/s]
 39%|###9      | 197/500 [00:51<01:17,  3.93it/s]
 40%|###9      | 198/500 [00:51<01:16,  3.93it/s]
 40%|###9      | 199/500 [00:52<01:17,  3.91it/s]
 40%|####      | 200/500 [00:52<01:16,  3.92it/s]
 40%|####      | 201/500 [00:52<01:15,  3.93it/s]
 40%|####      | 202/500 [00:52<01:15,  3.94it/s]
 41%|####      | 203/500 [00:53<01:15,  3.94it/s]
 41%|####      | 204/500 [00:53<01:34,  3.14it/s]
 41%|####1     | 205/500 [00:53<01:27,  3.36it/s]
 41%|####1     | 206/500 [00:54<01:23,  3.52it/s]
 41%|####1     | 207/500 [00:54<01:20,  3.64it/s]
 42%|####1     | 208/500 [00:54<01:18,  3.72it/s]
 42%|####1     | 209/500 [00:54<01:17,  3.78it/s]
 42%|####2     | 210/500 [00:55<01:16,  3.81it/s]
 42%|####2     | 211/500 [00:55<01:15,  3.85it/s]
 42%|####2     | 212/500 [00:55<01:14,  3.89it/s]
 43%|####2     | 213/500 [00:55<01:13,  3.91it/s]
 43%|####2     | 214/500 [00:56<01:12,  3.92it/s]
 43%|####3     | 215/500 [00:56<01:12,  3.92it/s]
 43%|####3     | 216/500 [00:56<01:12,  3.91it/s]
 43%|####3     | 217/500 [00:56<01:12,  3.91it/s]
 44%|####3     | 218/500 [00:57<01:12,  3.91it/s]
 44%|####3     | 219/500 [00:57<01:11,  3.91it/s]
 44%|####4     | 220/500 [00:57<01:11,  3.92it/s]
 44%|####4     | 221/500 [00:57<01:11,  3.91it/s]
 44%|####4     | 222/500 [00:58<01:10,  3.92it/s]
 45%|####4     | 223/500 [00:58<01:10,  3.92it/s]
 45%|####4     | 224/500 [00:58<01:10,  3.92it/s]
 45%|####5     | 225/500 [00:58<01:10,  3.93it/s]
 45%|####5     | 226/500 [00:59<01:09,  3.92it/s]
 45%|####5     | 227/500 [00:59<01:09,  3.91it/s]
 46%|####5     | 228/500 [00:59<01:09,  3.90it/s]
 46%|####5     | 229/500 [00:59<01:09,  3.92it/s]
 46%|####6     | 230/500 [01:00<01:08,  3.93it/s]
 46%|####6     | 231/500 [01:00<01:08,  3.92it/s]
 46%|####6     | 232/500 [01:00<01:08,  3.92it/s]
 47%|####6     | 233/500 [01:01<01:26,  3.07it/s]
 47%|####6     | 234/500 [01:01<01:20,  3.31it/s]
 47%|####6     | 235/500 [01:01<01:15,  3.49it/s]
 47%|####7     | 236/500 [01:01<01:13,  3.61it/s]
 47%|####7     | 237/500 [01:02<01:11,  3.69it/s]
 48%|####7     | 238/500 [01:02<01:09,  3.76it/s]
 48%|####7     | 239/500 [01:02<01:08,  3.80it/s]
 48%|####8     | 240/500 [01:02<01:07,  3.83it/s]
 48%|####8     | 241/500 [01:03<01:07,  3.85it/s]
 48%|####8     | 242/500 [01:03<01:06,  3.87it/s]
 49%|####8     | 243/500 [01:03<01:06,  3.89it/s]
 49%|####8     | 244/500 [01:03<01:05,  3.89it/s]
 49%|####9     | 245/500 [01:04<01:05,  3.90it/s]
 49%|####9     | 246/500 [01:04<01:04,  3.92it/s]
 49%|####9     | 247/500 [01:04<01:04,  3.93it/s]
 50%|####9     | 248/500 [01:04<01:04,  3.92it/s]
 50%|####9     | 249/500 [01:05<01:04,  3.92it/s]
 50%|#####     | 250/500 [01:05<01:03,  3.92it/s]
 50%|#####     | 251/500 [01:05<01:03,  3.91it/s]
 50%|#####     | 252/500 [01:05<01:03,  3.91it/s]
 51%|#####     | 253/500 [01:06<01:03,  3.91it/s]
 51%|#####     | 254/500 [01:06<01:02,  3.93it/s]
 51%|#####1    | 255/500 [01:06<01:02,  3.93it/s]
 51%|#####1    | 256/500 [01:06<01:02,  3.93it/s]
 51%|#####1    | 257/500 [01:07<01:01,  3.93it/s]
 52%|#####1    | 258/500 [01:07<01:01,  3.94it/s]
 52%|#####1    | 259/500 [01:07<01:01,  3.94it/s]
 52%|#####2    | 260/500 [01:07<01:01,  3.93it/s]
 52%|#####2    | 261/500 [01:08<01:00,  3.94it/s]
 52%|#####2    | 262/500 [01:08<01:16,  3.12it/s]
 53%|#####2    | 263/500 [01:08<01:10,  3.35it/s]
 53%|#####2    | 264/500 [01:09<01:07,  3.51it/s]
 53%|#####3    | 265/500 [01:09<01:04,  3.64it/s]
 53%|#####3    | 266/500 [01:09<01:02,  3.73it/s]
 53%|#####3    | 267/500 [01:09<01:01,  3.80it/s]
 54%|#####3    | 268/500 [01:10<01:00,  3.83it/s]
 54%|#####3    | 269/500 [01:10<01:00,  3.85it/s]
 54%|#####4    | 270/500 [01:10<00:59,  3.87it/s]
 54%|#####4    | 271/500 [01:11<00:59,  3.88it/s]
 54%|#####4    | 272/500 [01:11<00:58,  3.91it/s]
 55%|#####4    | 273/500 [01:11<00:57,  3.92it/s]
 55%|#####4    | 274/500 [01:11<00:57,  3.93it/s]
 55%|#####5    | 275/500 [01:12<00:57,  3.92it/s]
 55%|#####5    | 276/500 [01:12<00:56,  3.94it/s]
 55%|#####5    | 277/500 [01:12<00:56,  3.95it/s]
 56%|#####5    | 278/500 [01:12<00:56,  3.94it/s]
 56%|#####5    | 279/500 [01:13<00:56,  3.94it/s]
 56%|#####6    | 280/500 [01:13<00:56,  3.93it/s]
 56%|#####6    | 281/500 [01:13<00:55,  3.92it/s]
 56%|#####6    | 282/500 [01:13<00:55,  3.93it/s]
 57%|#####6    | 283/500 [01:14<00:54,  3.95it/s]
 57%|#####6    | 284/500 [01:14<00:54,  3.95it/s]
 57%|#####6    | 285/500 [01:14<00:54,  3.95it/s]
 57%|#####7    | 286/500 [01:14<00:54,  3.95it/s]
 57%|#####7    | 287/500 [01:15<00:53,  3.95it/s]
 58%|#####7    | 288/500 [01:15<00:53,  3.95it/s]
 58%|#####7    | 289/500 [01:15<00:53,  3.95it/s]
 58%|#####8    | 290/500 [01:15<00:52,  3.96it/s]
 58%|#####8    | 291/500 [01:16<01:05,  3.17it/s]
 58%|#####8    | 292/500 [01:16<01:01,  3.38it/s]
 59%|#####8    | 293/500 [01:16<00:58,  3.54it/s]
 59%|#####8    | 294/500 [01:17<00:56,  3.65it/s]
 59%|#####8    | 295/500 [01:17<00:54,  3.74it/s]
 59%|#####9    | 296/500 [01:17<00:53,  3.79it/s]
 59%|#####9    | 297/500 [01:17<00:53,  3.83it/s]
 60%|#####9    | 298/500 [01:18<00:52,  3.87it/s]
 60%|#####9    | 299/500 [01:18<00:51,  3.89it/s]
 60%|######    | 300/500 [01:18<00:51,  3.90it/s]
 60%|######    | 301/500 [01:18<00:50,  3.91it/s]
 60%|######    | 302/500 [01:19<00:50,  3.91it/s]
 61%|######    | 303/500 [01:19<00:50,  3.92it/s]
 61%|######    | 304/500 [01:19<00:49,  3.93it/s]
 61%|######1   | 305/500 [01:19<00:49,  3.93it/s]
 61%|######1   | 306/500 [01:20<00:49,  3.93it/s]
 61%|######1   | 307/500 [01:20<00:49,  3.94it/s]
 62%|######1   | 308/500 [01:20<00:48,  3.93it/s]
 62%|######1   | 309/500 [01:20<00:48,  3.94it/s]
 62%|######2   | 310/500 [01:21<00:48,  3.95it/s]
 62%|######2   | 311/500 [01:21<00:47,  3.95it/s]
 62%|######2   | 312/500 [01:21<00:47,  3.95it/s]
 63%|######2   | 313/500 [01:21<00:47,  3.95it/s]
 63%|######2   | 314/500 [01:22<00:47,  3.94it/s]
 63%|######3   | 315/500 [01:22<00:46,  3.94it/s]
 63%|######3   | 316/500 [01:22<00:46,  3.96it/s]
 63%|######3   | 317/500 [01:22<00:46,  3.96it/s]
 64%|######3   | 318/500 [01:23<00:46,  3.95it/s]
 64%|######3   | 319/500 [01:23<00:45,  3.95it/s]
 64%|######4   | 320/500 [01:23<00:57,  3.14it/s]
 64%|######4   | 321/500 [01:24<00:53,  3.36it/s]
 64%|######4   | 322/500 [01:24<00:50,  3.52it/s]
 65%|######4   | 323/500 [01:24<00:48,  3.64it/s]
 65%|######4   | 324/500 [01:24<00:47,  3.72it/s]
 65%|######5   | 325/500 [01:25<00:46,  3.77it/s]
 65%|######5   | 326/500 [01:25<00:45,  3.81it/s]
 65%|######5   | 327/500 [01:25<00:44,  3.85it/s]
 66%|######5   | 328/500 [01:25<00:44,  3.89it/s]
 66%|######5   | 329/500 [01:26<00:43,  3.89it/s]
 66%|######6   | 330/500 [01:26<00:43,  3.91it/s]
 66%|######6   | 331/500 [01:26<00:43,  3.91it/s]
 66%|######6   | 332/500 [01:26<00:42,  3.92it/s]
 67%|######6   | 333/500 [01:27<00:42,  3.93it/s]
 67%|######6   | 334/500 [01:27<00:42,  3.94it/s]
 67%|######7   | 335/500 [01:27<00:41,  3.95it/s]
 67%|######7   | 336/500 [01:27<00:41,  3.94it/s]
 67%|######7   | 337/500 [01:28<00:41,  3.94it/s]
 68%|######7   | 338/500 [01:28<00:41,  3.94it/s]
 68%|######7   | 339/500 [01:28<00:40,  3.95it/s]
 68%|######8   | 340/500 [01:28<00:40,  3.96it/s]
 68%|######8   | 341/500 [01:29<00:40,  3.95it/s]
 68%|######8   | 342/500 [01:29<00:40,  3.95it/s]
 69%|######8   | 343/500 [01:29<00:39,  3.95it/s]
 69%|######8   | 344/500 [01:29<00:39,  3.95it/s]
 69%|######9   | 345/500 [01:30<00:39,  3.96it/s]
 69%|######9   | 346/500 [01:30<00:38,  3.96it/s]
 69%|######9   | 347/500 [01:30<00:38,  3.96it/s]
 70%|######9   | 348/500 [01:30<00:38,  3.94it/s]
 70%|######9   | 349/500 [01:31<00:48,  3.14it/s]
 70%|#######   | 350/500 [01:31<00:44,  3.37it/s]
 70%|#######   | 351/500 [01:31<00:42,  3.52it/s]
 70%|#######   | 352/500 [01:32<00:40,  3.64it/s]
 71%|#######   | 353/500 [01:32<00:39,  3.72it/s]
 71%|#######   | 354/500 [01:32<00:38,  3.78it/s]
 71%|#######1  | 355/500 [01:32<00:37,  3.83it/s]
 71%|#######1  | 356/500 [01:33<00:37,  3.86it/s]
 71%|#######1  | 357/500 [01:33<00:36,  3.88it/s]
 72%|#######1  | 358/500 [01:33<00:36,  3.90it/s]
 72%|#######1  | 359/500 [01:33<00:36,  3.91it/s]
 72%|#######2  | 360/500 [01:34<00:35,  3.92it/s]
 72%|#######2  | 361/500 [01:34<00:35,  3.92it/s]
 72%|#######2  | 362/500 [01:34<00:35,  3.92it/s]
 73%|#######2  | 363/500 [01:34<00:34,  3.93it/s]
 73%|#######2  | 364/500 [01:35<00:34,  3.92it/s]
 73%|#######3  | 365/500 [01:35<00:34,  3.93it/s]
 73%|#######3  | 366/500 [01:35<00:33,  3.95it/s]
 73%|#######3  | 367/500 [01:35<00:33,  3.94it/s]
 74%|#######3  | 368/500 [01:36<00:33,  3.94it/s]
 74%|#######3  | 369/500 [01:36<00:33,  3.93it/s]
 74%|#######4  | 370/500 [01:36<00:32,  3.94it/s]
 74%|#######4  | 371/500 [01:36<00:32,  3.95it/s]
 74%|#######4  | 372/500 [01:37<00:32,  3.95it/s]
 75%|#######4  | 373/500 [01:37<00:32,  3.96it/s]
 75%|#######4  | 374/500 [01:37<00:31,  3.96it/s]
 75%|#######5  | 375/500 [01:37<00:31,  3.97it/s]
 75%|#######5  | 376/500 [01:38<00:31,  3.97it/s]
 75%|#######5  | 377/500 [01:38<00:31,  3.97it/s]
 76%|#######5  | 378/500 [01:38<00:39,  3.09it/s]
 76%|#######5  | 379/500 [01:39<00:36,  3.30it/s]
 76%|#######6  | 380/500 [01:39<00:34,  3.45it/s]
 76%|#######6  | 381/500 [01:39<00:33,  3.59it/s]
 76%|#######6  | 382/500 [01:40<00:32,  3.68it/s]
 77%|#######6  | 383/500 [01:40<00:31,  3.74it/s]
 77%|#######6  | 384/500 [01:40<00:30,  3.79it/s]
 77%|#######7  | 385/500 [01:40<00:30,  3.83it/s]
 77%|#######7  | 386/500 [01:41<00:29,  3.85it/s]
 77%|#######7  | 387/500 [01:41<00:29,  3.87it/s]
 78%|#######7  | 388/500 [01:41<00:28,  3.90it/s]
 78%|#######7  | 389/500 [01:41<00:28,  3.92it/s]
 78%|#######8  | 390/500 [01:42<00:28,  3.93it/s]
 78%|#######8  | 391/500 [01:42<00:27,  3.92it/s]
 78%|#######8  | 392/500 [01:42<00:27,  3.93it/s]
 79%|#######8  | 393/500 [01:42<00:27,  3.93it/s]
 79%|#######8  | 394/500 [01:43<00:26,  3.94it/s]
 79%|#######9  | 395/500 [01:43<00:26,  3.93it/s]
 79%|#######9  | 396/500 [01:43<00:26,  3.93it/s]
 79%|#######9  | 397/500 [01:43<00:26,  3.93it/s]
 80%|#######9  | 398/500 [01:44<00:25,  3.93it/s]
 80%|#######9  | 399/500 [01:44<00:25,  3.93it/s]
 80%|########  | 400/500 [01:44<00:25,  3.93it/s]
 80%|########  | 401/500 [01:44<00:25,  3.92it/s]
 80%|########  | 402/500 [01:45<00:25,  3.92it/s]
 81%|########  | 403/500 [01:45<00:24,  3.94it/s]
 81%|########  | 404/500 [01:45<00:24,  3.95it/s]
 81%|########1 | 405/500 [01:45<00:24,  3.95it/s]
 81%|########1 | 406/500 [01:46<00:23,  3.95it/s]
 81%|########1 | 407/500 [01:46<00:29,  3.12it/s]
 82%|########1 | 408/500 [01:46<00:27,  3.34it/s]
 82%|########1 | 409/500 [01:47<00:26,  3.49it/s]
 82%|########2 | 410/500 [01:47<00:24,  3.61it/s]
 82%|########2 | 411/500 [01:47<00:24,  3.70it/s]
 82%|########2 | 412/500 [01:47<00:23,  3.77it/s]
 83%|########2 | 413/500 [01:48<00:22,  3.82it/s]
 83%|########2 | 414/500 [01:48<00:22,  3.86it/s]
 83%|########2 | 415/500 [01:48<00:21,  3.89it/s]
 83%|########3 | 416/500 [01:48<00:21,  3.90it/s]
 83%|########3 | 417/500 [01:49<00:21,  3.90it/s]
 84%|########3 | 418/500 [01:49<00:20,  3.91it/s]
 84%|########3 | 419/500 [01:49<00:20,  3.91it/s]
 84%|########4 | 420/500 [01:49<00:20,  3.91it/s]
 84%|########4 | 421/500 [01:50<00:20,  3.92it/s]
 84%|########4 | 422/500 [01:50<00:19,  3.93it/s]
 85%|########4 | 423/500 [01:50<00:19,  3.93it/s]
 85%|########4 | 424/500 [01:50<00:19,  3.94it/s]
 85%|########5 | 425/500 [01:51<00:19,  3.93it/s]
 85%|########5 | 426/500 [01:51<00:18,  3.93it/s]
 85%|########5 | 427/500 [01:51<00:18,  3.93it/s]
 86%|########5 | 428/500 [01:51<00:18,  3.93it/s]
 86%|########5 | 429/500 [01:52<00:18,  3.94it/s]
 86%|########6 | 430/500 [01:52<00:17,  3.94it/s]
 86%|########6 | 431/500 [01:52<00:17,  3.95it/s]
 86%|########6 | 432/500 [01:52<00:17,  3.94it/s]
 87%|########6 | 433/500 [01:53<00:16,  3.94it/s]
 87%|########6 | 434/500 [01:53<00:16,  3.95it/s]
 87%|########7 | 435/500 [01:53<00:16,  3.96it/s]
 87%|########7 | 436/500 [01:54<00:20,  3.16it/s]
 87%|########7 | 437/500 [01:54<00:18,  3.37it/s]
 88%|########7 | 438/500 [01:54<00:17,  3.52it/s]
 88%|########7 | 439/500 [01:54<00:16,  3.64it/s]
 88%|########8 | 440/500 [01:55<00:16,  3.72it/s]
 88%|########8 | 441/500 [01:55<00:15,  3.78it/s]
 88%|########8 | 442/500 [01:55<00:15,  3.82it/s]
 89%|########8 | 443/500 [01:55<00:14,  3.86it/s]
 89%|########8 | 444/500 [01:56<00:14,  3.89it/s]
 89%|########9 | 445/500 [01:56<00:14,  3.89it/s]
 89%|########9 | 446/500 [01:56<00:13,  3.90it/s]
 89%|########9 | 447/500 [01:56<00:13,  3.92it/s]
 90%|########9 | 448/500 [01:57<00:13,  3.92it/s]
 90%|########9 | 449/500 [01:57<00:12,  3.93it/s]
 90%|######### | 450/500 [01:57<00:12,  3.93it/s]
 90%|######### | 451/500 [01:57<00:12,  3.92it/s]
 90%|######### | 452/500 [01:58<00:12,  3.92it/s]
 91%|######### | 453/500 [01:58<00:11,  3.92it/s]
 91%|######### | 454/500 [01:58<00:11,  3.92it/s]
 91%|#########1| 455/500 [01:58<00:11,  3.93it/s]
 91%|#########1| 456/500 [01:59<00:11,  3.92it/s]
 91%|#########1| 457/500 [01:59<00:10,  3.93it/s]
 92%|#########1| 458/500 [01:59<00:10,  3.93it/s]
 92%|#########1| 459/500 [02:00<00:10,  3.94it/s]
 92%|#########2| 460/500 [02:00<00:10,  3.94it/s]
 92%|#########2| 461/500 [02:00<00:09,  3.96it/s]
 92%|#########2| 462/500 [02:00<00:09,  3.95it/s]
 93%|#########2| 463/500 [02:01<00:09,  3.94it/s]
 93%|#########2| 464/500 [02:01<00:09,  3.93it/s]
 93%|#########3| 465/500 [02:01<00:11,  3.12it/s]
 93%|#########3| 466/500 [02:02<00:10,  3.35it/s]
 93%|#########3| 467/500 [02:02<00:09,  3.51it/s]
 94%|#########3| 468/500 [02:02<00:08,  3.63it/s]
 94%|#########3| 469/500 [02:02<00:08,  3.72it/s]
 94%|#########3| 470/500 [02:03<00:07,  3.79it/s]
 94%|#########4| 471/500 [02:03<00:07,  3.83it/s]
 94%|#########4| 472/500 [02:03<00:07,  3.87it/s]
 95%|#########4| 473/500 [02:03<00:06,  3.89it/s]
 95%|#########4| 474/500 [02:04<00:06,  3.91it/s]
 95%|#########5| 475/500 [02:04<00:06,  3.91it/s]
 95%|#########5| 476/500 [02:04<00:06,  3.93it/s]
 95%|#########5| 477/500 [02:04<00:05,  3.95it/s]
 96%|#########5| 478/500 [02:05<00:05,  3.96it/s]
 96%|#########5| 479/500 [02:05<00:05,  3.95it/s]
 96%|#########6| 480/500 [02:05<00:05,  3.95it/s]
 96%|#########6| 481/500 [02:05<00:04,  3.95it/s]
 96%|#########6| 482/500 [02:06<00:04,  3.93it/s]
 97%|#########6| 483/500 [02:06<00:04,  3.94it/s]
 97%|#########6| 484/500 [02:06<00:04,  3.95it/s]
 97%|#########7| 485/500 [02:06<00:03,  3.96it/s]
 97%|#########7| 486/500 [02:07<00:03,  3.95it/s]
 97%|#########7| 487/500 [02:07<00:03,  3.93it/s]
 98%|#########7| 488/500 [02:07<00:03,  3.93it/s]
 98%|#########7| 489/500 [02:07<00:02,  3.92it/s]
 98%|#########8| 490/500 [02:08<00:02,  3.93it/s]
 98%|#########8| 491/500 [02:08<00:02,  3.93it/s]
 98%|#########8| 492/500 [02:08<00:02,  3.92it/s]
 99%|#########8| 493/500 [02:08<00:01,  3.92it/s]
 99%|#########8| 494/500 [02:09<00:01,  3.12it/s]
 99%|#########9| 495/500 [02:09<00:01,  3.35it/s]
 99%|#########9| 496/500 [02:09<00:01,  3.50it/s]
 99%|#########9| 497/500 [02:10<00:00,  3.62it/s]
100%|#########9| 498/500 [02:10<00:00,  3.71it/s]
100%|#########9| 499/500 [02:10<00:00,  3.78it/s]
100%|##########| 500/500 [02:10<00:00,  3.82it/s]
100%|##########| 500/500 [02:10<00:00,  3.82it/s]
Train Epoch 23
{
    "Loss": 0.0101029345523566,
    "Optimizer/policy0_lr": 0.00010000000000000003,
    "Policy_Grad_Norms": 0.05783671052850074,
    "Time_Data_Loading": 0.10575978755950928,
    "Time_Epoch": 2.1815528988838198,
    "Time_Log_Info": 0.024474469820658366,
    "Time_Process_Batch": 0.7878833452860514,
    "Time_Train_Batch": 1.2360559542973837
}

Epoch 23 Memory Usage: 2298 MB


  0%|          | 0/500 [00:00<?, ?it/s]
  0%|          | 1/500 [00:00<03:15,  2.55it/s]
  0%|          | 2/500 [00:00<02:33,  3.24it/s]
  1%|          | 3/500 [00:00<02:20,  3.53it/s]
  1%|          | 4/500 [00:01<02:14,  3.69it/s]
  1%|1         | 5/500 [00:01<02:10,  3.78it/s]
  1%|1         | 6/500 [00:01<02:08,  3.84it/s]
  1%|1         | 7/500 [00:01<02:06,  3.88it/s]
  2%|1         | 8/500 [00:02<02:06,  3.89it/s]
  2%|1         | 9/500 [00:02<02:05,  3.90it/s]
  2%|2         | 10/500 [00:02<02:05,  3.92it/s]
  2%|2         | 11/500 [00:02<02:04,  3.93it/s]
  2%|2         | 12/500 [00:03<02:04,  3.93it/s]
  3%|2         | 13/500 [00:03<02:04,  3.92it/s]
  3%|2         | 14/500 [00:03<02:04,  3.92it/s]
  3%|3         | 15/500 [00:03<02:03,  3.92it/s]
  3%|3         | 16/500 [00:04<02:03,  3.91it/s]
  3%|3         | 17/500 [00:04<02:03,  3.92it/s]
  4%|3         | 18/500 [00:04<02:02,  3.93it/s]
  4%|3         | 19/500 [00:04<02:02,  3.92it/s]
  4%|4         | 20/500 [00:05<02:02,  3.92it/s]
  4%|4         | 21/500 [00:05<02:02,  3.92it/s]
  4%|4         | 22/500 [00:05<02:01,  3.92it/s]
  5%|4         | 23/500 [00:05<02:01,  3.92it/s]
  5%|4         | 24/500 [00:06<02:01,  3.93it/s]
  5%|5         | 25/500 [00:06<02:00,  3.93it/s]
  5%|5         | 26/500 [00:06<02:00,  3.94it/s]
  5%|5         | 27/500 [00:06<02:00,  3.94it/s]
  6%|5         | 28/500 [00:07<02:00,  3.93it/s]
  6%|5         | 29/500 [00:07<01:59,  3.94it/s]
  6%|6         | 30/500 [00:07<02:30,  3.12it/s]
  6%|6         | 31/500 [00:08<02:19,  3.36it/s]
  6%|6         | 32/500 [00:08<02:13,  3.52it/s]
  7%|6         | 33/500 [00:08<02:08,  3.64it/s]
  7%|6         | 34/500 [00:08<02:04,  3.74it/s]
  7%|7         | 35/500 [00:09<02:02,  3.80it/s]
  7%|7         | 36/500 [00:09<02:01,  3.83it/s]
  7%|7         | 37/500 [00:09<01:59,  3.87it/s]
  8%|7         | 38/500 [00:09<01:58,  3.90it/s]
  8%|7         | 39/500 [00:10<01:57,  3.92it/s]
  8%|8         | 40/500 [00:10<01:57,  3.93it/s]
  8%|8         | 41/500 [00:10<01:56,  3.93it/s]
  8%|8         | 42/500 [00:11<01:56,  3.93it/s]
  9%|8         | 43/500 [00:11<01:56,  3.93it/s]
  9%|8         | 44/500 [00:11<01:55,  3.93it/s]
  9%|9         | 45/500 [00:11<01:55,  3.94it/s]
  9%|9         | 46/500 [00:12<01:55,  3.94it/s]
  9%|9         | 47/500 [00:12<01:55,  3.93it/s]
 10%|9         | 48/500 [00:12<01:54,  3.94it/s]
 10%|9         | 49/500 [00:12<01:54,  3.94it/s]
 10%|#         | 50/500 [00:13<01:54,  3.94it/s]
 10%|#         | 51/500 [00:13<01:53,  3.94it/s]
 10%|#         | 52/500 [00:13<01:53,  3.93it/s]
 11%|#         | 53/500 [00:13<01:53,  3.93it/s]
 11%|#         | 54/500 [00:14<01:53,  3.94it/s]
 11%|#1        | 55/500 [00:14<01:52,  3.95it/s]
 11%|#1        | 56/500 [00:14<01:52,  3.96it/s]
 11%|#1        | 57/500 [00:14<01:51,  3.96it/s]
 12%|#1        | 58/500 [00:15<01:51,  3.95it/s]
 12%|#1        | 59/500 [00:15<02:20,  3.14it/s]
 12%|#2        | 60/500 [00:15<02:11,  3.35it/s]
 12%|#2        | 61/500 [00:16<02:05,  3.49it/s]
 12%|#2        | 62/500 [00:16<02:01,  3.61it/s]
 13%|#2        | 63/500 [00:16<01:57,  3.71it/s]
 13%|#2        | 64/500 [00:16<01:55,  3.77it/s]
 13%|#3        | 65/500 [00:17<01:54,  3.81it/s]
 13%|#3        | 66/500 [00:17<01:52,  3.86it/s]
 13%|#3        | 67/500 [00:17<01:51,  3.88it/s]
 14%|#3        | 68/500 [00:17<01:51,  3.89it/s]
 14%|#3        | 69/500 [00:18<01:50,  3.91it/s]
 14%|#4        | 70/500 [00:18<01:49,  3.92it/s]
 14%|#4        | 71/500 [00:18<01:49,  3.93it/s]
 14%|#4        | 72/500 [00:18<01:48,  3.93it/s]
 15%|#4        | 73/500 [00:19<01:48,  3.93it/s]
 15%|#4        | 74/500 [00:19<01:48,  3.93it/s]
 15%|#5        | 75/500 [00:19<01:48,  3.93it/s]
 15%|#5        | 76/500 [00:19<01:47,  3.93it/s]
 15%|#5        | 77/500 [00:20<01:47,  3.93it/s]
 16%|#5        | 78/500 [00:20<01:47,  3.93it/s]
 16%|#5        | 79/500 [00:20<01:47,  3.93it/s]
 16%|#6        | 80/500 [00:20<01:47,  3.92it/s]
 16%|#6        | 81/500 [00:21<01:46,  3.92it/s]
 16%|#6        | 82/500 [00:21<01:46,  3.92it/s]
 17%|#6        | 83/500 [00:21<01:46,  3.92it/s]
 17%|#6        | 84/500 [00:21<01:45,  3.93it/s]
 17%|#7        | 85/500 [00:22<01:45,  3.95it/s]
 17%|#7        | 86/500 [00:22<01:44,  3.95it/s]
 17%|#7        | 87/500 [00:22<01:44,  3.95it/s]
 18%|#7        | 88/500 [00:23<02:11,  3.13it/s]
 18%|#7        | 89/500 [00:23<02:03,  3.33it/s]
 18%|#8        | 90/500 [00:23<01:57,  3.50it/s]
 18%|#8        | 91/500 [00:23<01:52,  3.63it/s]
 18%|#8        | 92/500 [00:24<01:49,  3.72it/s]
 19%|#8        | 93/500 [00:24<01:47,  3.79it/s]
 19%|#8        | 94/500 [00:24<01:45,  3.84it/s]
 19%|#9        | 95/500 [00:24<01:44,  3.88it/s]
 19%|#9        | 96/500 [00:25<01:43,  3.89it/s]
 19%|#9        | 97/500 [00:25<01:43,  3.90it/s]
 20%|#9        | 98/500 [00:25<01:42,  3.91it/s]
 20%|#9        | 99/500 [00:25<01:42,  3.91it/s]
 20%|##        | 100/500 [00:26<01:41,  3.93it/s]
 20%|##        | 101/500 [00:26<01:41,  3.94it/s]
 20%|##        | 102/500 [00:26<01:40,  3.95it/s]
 21%|##        | 103/500 [00:26<01:40,  3.95it/s]
 21%|##        | 104/500 [00:27<01:40,  3.93it/s]
 21%|##1       | 105/500 [00:27<01:40,  3.93it/s]
 21%|##1       | 106/500 [00:27<01:40,  3.93it/s]
 21%|##1       | 107/500 [00:27<01:39,  3.94it/s]
 22%|##1       | 108/500 [00:28<01:39,  3.94it/s]
 22%|##1       | 109/500 [00:28<01:39,  3.93it/s]
 22%|##2       | 110/500 [00:28<01:39,  3.91it/s]
 22%|##2       | 111/500 [00:28<01:39,  3.91it/s]
 22%|##2       | 112/500 [00:29<01:39,  3.91it/s]
 23%|##2       | 113/500 [00:29<01:38,  3.94it/s]
 23%|##2       | 114/500 [00:29<01:37,  3.95it/s]
 23%|##3       | 115/500 [00:29<01:37,  3.95it/s]
 23%|##3       | 116/500 [00:30<01:37,  3.95it/s]
 23%|##3       | 117/500 [00:30<02:02,  3.13it/s]
 24%|##3       | 118/500 [00:30<01:54,  3.35it/s]
 24%|##3       | 119/500 [00:31<01:48,  3.50it/s]
 24%|##4       | 120/500 [00:31<01:45,  3.61it/s]
 24%|##4       | 121/500 [00:31<01:42,  3.69it/s]
 24%|##4       | 122/500 [00:31<01:40,  3.75it/s]
 25%|##4       | 123/500 [00:32<01:39,  3.81it/s]
 25%|##4       | 124/500 [00:32<01:37,  3.84it/s]
 25%|##5       | 125/500 [00:32<01:37,  3.86it/s]
 25%|##5       | 126/500 [00:33<01:36,  3.88it/s]
 25%|##5       | 127/500 [00:33<01:35,  3.89it/s]
 26%|##5       | 128/500 [00:33<01:35,  3.89it/s]
 26%|##5       | 129/500 [00:33<01:35,  3.90it/s]
 26%|##6       | 130/500 [00:34<01:34,  3.91it/s]
 26%|##6       | 131/500 [00:34<01:34,  3.91it/s]
 26%|##6       | 132/500 [00:34<01:34,  3.91it/s]
 27%|##6       | 133/500 [00:34<01:33,  3.92it/s]
 27%|##6       | 134/500 [00:35<01:32,  3.95it/s]
 27%|##7       | 135/500 [00:35<01:32,  3.95it/s]
 27%|##7       | 136/500 [00:35<01:32,  3.95it/s]
 27%|##7       | 137/500 [00:35<01:31,  3.95it/s]
 28%|##7       | 138/500 [00:36<01:32,  3.93it/s]
 28%|##7       | 139/500 [00:36<01:31,  3.94it/s]
 28%|##8       | 140/500 [00:36<01:31,  3.94it/s]
 28%|##8       | 141/500 [00:36<01:31,  3.94it/s]
 28%|##8       | 142/500 [00:37<01:30,  3.94it/s]
 29%|##8       | 143/500 [00:37<01:30,  3.95it/s]
 29%|##8       | 144/500 [00:37<01:30,  3.94it/s]
 29%|##9       | 145/500 [00:37<01:30,  3.94it/s]
 29%|##9       | 146/500 [00:38<01:52,  3.15it/s]
 29%|##9       | 147/500 [00:38<01:44,  3.38it/s]
 30%|##9       | 148/500 [00:38<01:39,  3.54it/s]
 30%|##9       | 149/500 [00:39<01:35,  3.67it/s]
 30%|###       | 150/500 [00:39<01:33,  3.75it/s]
 30%|###       | 151/500 [00:39<01:31,  3.81it/s]
 30%|###       | 152/500 [00:39<01:31,  3.82it/s]
 31%|###       | 153/500 [00:40<01:29,  3.86it/s]
 31%|###       | 154/500 [00:40<01:29,  3.88it/s]
 31%|###1      | 155/500 [00:40<01:28,  3.90it/s]
 31%|###1      | 156/500 [00:40<01:28,  3.91it/s]
 31%|###1      | 157/500 [00:41<01:27,  3.92it/s]
 32%|###1      | 158/500 [00:41<01:27,  3.93it/s]
 32%|###1      | 159/500 [00:41<01:26,  3.93it/s]
 32%|###2      | 160/500 [00:41<01:26,  3.94it/s]
 32%|###2      | 161/500 [00:42<01:25,  3.95it/s]
 32%|###2      | 162/500 [00:42<01:25,  3.95it/s]
 33%|###2      | 163/500 [00:42<01:25,  3.95it/s]
 33%|###2      | 164/500 [00:42<01:25,  3.94it/s]
 33%|###3      | 165/500 [00:43<01:25,  3.94it/s]
 33%|###3      | 166/500 [00:43<01:24,  3.95it/s]
 33%|###3      | 167/500 [00:43<01:24,  3.95it/s]
 34%|###3      | 168/500 [00:43<01:24,  3.94it/s]
 34%|###3      | 169/500 [00:44<01:24,  3.94it/s]
 34%|###4      | 170/500 [00:44<01:23,  3.94it/s]
 34%|###4      | 171/500 [00:44<01:23,  3.94it/s]
 34%|###4      | 172/500 [00:44<01:23,  3.95it/s]
 35%|###4      | 173/500 [00:45<01:23,  3.94it/s]
 35%|###4      | 174/500 [00:45<01:22,  3.95it/s]
 35%|###5      | 175/500 [00:45<01:43,  3.15it/s]
 35%|###5      | 176/500 [00:46<01:35,  3.38it/s]
 35%|###5      | 177/500 [00:46<01:31,  3.53it/s]
 36%|###5      | 178/500 [00:46<01:28,  3.64it/s]
 36%|###5      | 179/500 [00:46<01:26,  3.73it/s]
 36%|###6      | 180/500 [00:47<01:24,  3.79it/s]
 36%|###6      | 181/500 [00:47<01:23,  3.82it/s]
 36%|###6      | 182/500 [00:47<01:22,  3.85it/s]
 37%|###6      | 183/500 [00:47<01:21,  3.88it/s]
 37%|###6      | 184/500 [00:48<01:21,  3.89it/s]
 37%|###7      | 185/500 [00:48<01:20,  3.89it/s]
 37%|###7      | 186/500 [00:48<01:20,  3.90it/s]
 37%|###7      | 187/500 [00:48<01:20,  3.90it/s]
 38%|###7      | 188/500 [00:49<01:19,  3.91it/s]
 38%|###7      | 189/500 [00:49<01:19,  3.91it/s]
 38%|###8      | 190/500 [00:49<01:19,  3.92it/s]
 38%|###8      | 191/500 [00:49<01:18,  3.92it/s]
 38%|###8      | 192/500 [00:50<01:18,  3.91it/s]
 39%|###8      | 193/500 [00:50<01:18,  3.93it/s]
 39%|###8      | 194/500 [00:50<01:17,  3.95it/s]
 39%|###9      | 195/500 [00:50<01:17,  3.94it/s]
 39%|###9      | 196/500 [00:51<01:17,  3.93it/s]
 39%|###9      | 197/500 [00:51<01:17,  3.93it/s]
 40%|###9      | 198/500 [00:51<01:16,  3.93it/s]
 40%|###9      | 199/500 [00:51<01:16,  3.92it/s]
 40%|####      | 200/500 [00:52<01:16,  3.93it/s]
 40%|####      | 201/500 [00:52<01:16,  3.93it/s]
 40%|####      | 202/500 [00:52<01:15,  3.94it/s]
 41%|####      | 203/500 [00:52<01:15,  3.93it/s]
 41%|####      | 204/500 [00:53<01:34,  3.12it/s]
 41%|####1     | 205/500 [00:53<01:28,  3.33it/s]
 41%|####1     | 206/500 [00:53<01:23,  3.51it/s]
 41%|####1     | 207/500 [00:54<01:20,  3.62it/s]
 42%|####1     | 208/500 [00:54<01:19,  3.69it/s]
 42%|####1     | 209/500 [00:54<01:17,  3.76it/s]
 42%|####2     | 210/500 [00:54<01:16,  3.80it/s]
 42%|####2     | 211/500 [00:55<01:15,  3.84it/s]
 42%|####2     | 212/500 [00:55<01:14,  3.86it/s]
 43%|####2     | 213/500 [00:55<01:14,  3.87it/s]
 43%|####2     | 214/500 [00:55<01:13,  3.87it/s]
 43%|####3     | 215/500 [00:56<01:13,  3.89it/s]
 43%|####3     | 216/500 [00:56<01:12,  3.89it/s]
 43%|####3     | 217/500 [00:56<01:12,  3.89it/s]
 44%|####3     | 218/500 [00:57<01:12,  3.90it/s]
 44%|####3     | 219/500 [00:57<01:11,  3.91it/s]
 44%|####4     | 220/500 [00:57<01:11,  3.93it/s]
 44%|####4     | 221/500 [00:57<01:11,  3.91it/s]
 44%|####4     | 222/500 [00:58<01:11,  3.91it/s]
 45%|####4     | 223/500 [00:58<01:10,  3.91it/s]
 45%|####4     | 224/500 [00:58<01:10,  3.91it/s]
 45%|####5     | 225/500 [00:58<01:10,  3.91it/s]
 45%|####5     | 226/500 [00:59<01:10,  3.90it/s]
 45%|####5     | 227/500 [00:59<01:09,  3.91it/s]
 46%|####5     | 228/500 [00:59<01:09,  3.91it/s]
 46%|####5     | 229/500 [00:59<01:09,  3.91it/s]
 46%|####6     | 230/500 [01:00<01:09,  3.91it/s]
 46%|####6     | 231/500 [01:00<01:08,  3.90it/s]
 46%|####6     | 232/500 [01:00<01:08,  3.92it/s]
 47%|####6     | 233/500 [01:01<01:26,  3.09it/s]
 47%|####6     | 234/500 [01:01<01:20,  3.32it/s]
 47%|####6     | 235/500 [01:01<01:16,  3.48it/s]
 47%|####7     | 236/500 [01:01<01:13,  3.61it/s]
 47%|####7     | 237/500 [01:02<01:11,  3.69it/s]
 48%|####7     | 238/500 [01:02<01:09,  3.76it/s]
 48%|####7     | 239/500 [01:02<01:08,  3.80it/s]
 48%|####8     | 240/500 [01:02<01:08,  3.82it/s]
 48%|####8     | 241/500 [01:03<01:07,  3.85it/s]
 48%|####8     | 242/500 [01:03<01:06,  3.87it/s]
 49%|####8     | 243/500 [01:03<01:06,  3.88it/s]
 49%|####8     | 244/500 [01:03<01:05,  3.89it/s]
 49%|####9     | 245/500 [01:04<01:05,  3.89it/s]
 49%|####9     | 246/500 [01:04<01:05,  3.90it/s]
 49%|####9     | 247/500 [01:04<01:04,  3.90it/s]
 50%|####9     | 248/500 [01:04<01:04,  3.91it/s]
 50%|####9     | 249/500 [01:05<01:04,  3.90it/s]
 50%|#####     | 250/500 [01:05<01:03,  3.91it/s]
 50%|#####     | 251/500 [01:05<01:03,  3.91it/s]
 50%|#####     | 252/500 [01:05<01:03,  3.92it/s]
 51%|#####     | 253/500 [01:06<01:03,  3.91it/s]
 51%|#####     | 254/500 [01:06<01:02,  3.92it/s]
 51%|#####1    | 255/500 [01:06<01:02,  3.92it/s]
 51%|#####1    | 256/500 [01:06<01:02,  3.92it/s]
 51%|#####1    | 257/500 [01:07<01:01,  3.92it/s]
 52%|#####1    | 258/500 [01:07<01:01,  3.92it/s]
 52%|#####1    | 259/500 [01:07<01:01,  3.95it/s]
 52%|#####2    | 260/500 [01:07<01:00,  3.95it/s]
 52%|#####2    | 261/500 [01:08<01:00,  3.95it/s]
 52%|#####2    | 262/500 [01:08<01:17,  3.09it/s]
 53%|#####2    | 263/500 [01:08<01:11,  3.32it/s]
 53%|#####2    | 264/500 [01:09<01:07,  3.49it/s]
 53%|#####3    | 265/500 [01:09<01:05,  3.61it/s]
 53%|#####3    | 266/500 [01:09<01:03,  3.70it/s]
 53%|#####3    | 267/500 [01:09<01:01,  3.77it/s]
 54%|#####3    | 268/500 [01:10<01:00,  3.81it/s]
 54%|#####3    | 269/500 [01:10<01:00,  3.84it/s]
 54%|#####4    | 270/500 [01:10<00:59,  3.85it/s]
 54%|#####4    | 271/500 [01:10<00:59,  3.87it/s]
 54%|#####4    | 272/500 [01:11<00:58,  3.89it/s]
 55%|#####4    | 273/500 [01:11<00:57,  3.92it/s]
 55%|#####4    | 274/500 [01:11<00:57,  3.91it/s]
 55%|#####5    | 275/500 [01:12<00:57,  3.92it/s]
 55%|#####5    | 276/500 [01:12<00:56,  3.93it/s]
 55%|#####5    | 277/500 [01:12<00:56,  3.92it/s]
 56%|#####5    | 278/500 [01:12<00:56,  3.92it/s]
 56%|#####5    | 279/500 [01:13<00:56,  3.91it/s]
 56%|#####6    | 280/500 [01:13<00:56,  3.91it/s]
 56%|#####6    | 281/500 [01:13<00:55,  3.92it/s]
 56%|#####6    | 282/500 [01:13<00:55,  3.91it/s]
 57%|#####6    | 283/500 [01:14<00:55,  3.94it/s]
 57%|#####6    | 284/500 [01:14<00:55,  3.92it/s]
 57%|#####6    | 285/500 [01:14<00:54,  3.92it/s]
 57%|#####7    | 286/500 [01:14<00:54,  3.92it/s]
 57%|#####7    | 287/500 [01:15<00:54,  3.92it/s]
 58%|#####7    | 288/500 [01:15<00:53,  3.93it/s]
 58%|#####7    | 289/500 [01:15<00:53,  3.94it/s]
 58%|#####8    | 290/500 [01:15<00:53,  3.96it/s]
 58%|#####8    | 291/500 [01:16<01:06,  3.16it/s]
 58%|#####8    | 292/500 [01:16<01:01,  3.38it/s]
 59%|#####8    | 293/500 [01:16<00:58,  3.54it/s]
 59%|#####8    | 294/500 [01:17<00:56,  3.66it/s]
 59%|#####8    | 295/500 [01:17<00:54,  3.74it/s]
 59%|#####9    | 296/500 [01:17<00:53,  3.80it/s]
 59%|#####9    | 297/500 [01:17<00:52,  3.84it/s]
 60%|#####9    | 298/500 [01:18<00:52,  3.87it/s]
 60%|#####9    | 299/500 [01:18<00:51,  3.89it/s]
 60%|######    | 300/500 [01:18<00:51,  3.90it/s]
 60%|######    | 301/500 [01:18<00:50,  3.90it/s]
 60%|######    | 302/500 [01:19<00:50,  3.91it/s]
 61%|######    | 303/500 [01:19<00:50,  3.91it/s]
 61%|######    | 304/500 [01:19<00:49,  3.92it/s]
 61%|######1   | 305/500 [01:19<00:49,  3.93it/s]
 61%|######1   | 306/500 [01:20<00:49,  3.94it/s]
 61%|######1   | 307/500 [01:20<00:49,  3.93it/s]
 62%|######1   | 308/500 [01:20<00:48,  3.93it/s]
 62%|######1   | 309/500 [01:20<00:48,  3.94it/s]
 62%|######2   | 310/500 [01:21<00:48,  3.94it/s]
 62%|######2   | 311/500 [01:21<00:47,  3.95it/s]
 62%|######2   | 312/500 [01:21<00:47,  3.95it/s]
 63%|######2   | 313/500 [01:21<00:47,  3.94it/s]
 63%|######2   | 314/500 [01:22<00:47,  3.94it/s]
 63%|######3   | 315/500 [01:22<00:46,  3.94it/s]
 63%|######3   | 316/500 [01:22<00:46,  3.95it/s]
 63%|######3   | 317/500 [01:22<00:46,  3.95it/s]
 64%|######3   | 318/500 [01:23<00:46,  3.95it/s]
 64%|######3   | 319/500 [01:23<00:45,  3.95it/s]
 64%|######4   | 320/500 [01:23<00:57,  3.12it/s]
 64%|######4   | 321/500 [01:24<00:53,  3.35it/s]
 64%|######4   | 322/500 [01:24<00:50,  3.51it/s]
 65%|######4   | 323/500 [01:24<00:48,  3.63it/s]
 65%|######4   | 324/500 [01:24<00:47,  3.72it/s]
 65%|######5   | 325/500 [01:25<00:46,  3.78it/s]
 65%|######5   | 326/500 [01:25<00:45,  3.83it/s]
 65%|######5   | 327/500 [01:25<00:44,  3.86it/s]
 66%|######5   | 328/500 [01:25<00:44,  3.88it/s]
 66%|######5   | 329/500 [01:26<00:44,  3.88it/s]
 66%|######6   | 330/500 [01:26<00:43,  3.90it/s]
 66%|######6   | 331/500 [01:26<00:43,  3.91it/s]
 66%|######6   | 332/500 [01:26<00:42,  3.91it/s]
 67%|######6   | 333/500 [01:27<00:42,  3.91it/s]
 67%|######6   | 334/500 [01:27<00:42,  3.92it/s]
 67%|######7   | 335/500 [01:27<00:42,  3.92it/s]
 67%|######7   | 336/500 [01:27<00:41,  3.92it/s]
 67%|######7   | 337/500 [01:28<00:41,  3.92it/s]
 68%|######7   | 338/500 [01:28<00:41,  3.92it/s]
 68%|######7   | 339/500 [01:28<00:41,  3.92it/s]
 68%|######8   | 340/500 [01:28<00:40,  3.92it/s]
 68%|######8   | 341/500 [01:29<00:40,  3.91it/s]
 68%|######8   | 342/500 [01:29<00:40,  3.91it/s]
 69%|######8   | 343/500 [01:29<00:40,  3.92it/s]
 69%|######8   | 344/500 [01:29<00:39,  3.92it/s]
 69%|######9   | 345/500 [01:30<00:39,  3.93it/s]
 69%|######9   | 346/500 [01:30<00:39,  3.94it/s]
 69%|######9   | 347/500 [01:30<00:38,  3.94it/s]
 70%|######9   | 348/500 [01:30<00:38,  3.94it/s]
 70%|######9   | 349/500 [01:31<00:48,  3.14it/s]
 70%|#######   | 350/500 [01:31<00:44,  3.37it/s]
 70%|#######   | 351/500 [01:31<00:42,  3.52it/s]
 70%|#######   | 352/500 [01:32<00:40,  3.62it/s]
 71%|#######   | 353/500 [01:32<00:39,  3.70it/s]
 71%|#######   | 354/500 [01:32<00:38,  3.77it/s]
 71%|#######1  | 355/500 [01:32<00:38,  3.81it/s]
 71%|#######1  | 356/500 [01:33<00:37,  3.84it/s]
 71%|#######1  | 357/500 [01:33<00:36,  3.87it/s]
 72%|#######1  | 358/500 [01:33<00:36,  3.90it/s]
 72%|#######1  | 359/500 [01:33<00:36,  3.91it/s]
 72%|#######2  | 360/500 [01:34<00:35,  3.91it/s]
 72%|#######2  | 361/500 [01:34<00:35,  3.92it/s]
 72%|#######2  | 362/500 [01:34<00:35,  3.93it/s]
 73%|#######2  | 363/500 [01:35<00:34,  3.93it/s]
 73%|#######2  | 364/500 [01:35<00:34,  3.93it/s]
 73%|#######3  | 365/500 [01:35<00:34,  3.93it/s]
 73%|#######3  | 366/500 [01:35<00:34,  3.91it/s]
 73%|#######3  | 367/500 [01:36<00:33,  3.92it/s]
 74%|#######3  | 368/500 [01:36<00:33,  3.93it/s]
 74%|#######3  | 369/500 [01:36<00:33,  3.93it/s]
 74%|#######4  | 370/500 [01:36<00:33,  3.93it/s]
 74%|#######4  | 371/500 [01:37<00:32,  3.94it/s]
 74%|#######4  | 372/500 [01:37<00:32,  3.94it/s]
 75%|#######4  | 373/500 [01:37<00:32,  3.93it/s]
 75%|#######4  | 374/500 [01:37<00:32,  3.94it/s]
 75%|#######5  | 375/500 [01:38<00:31,  3.93it/s]
 75%|#######5  | 376/500 [01:38<00:31,  3.93it/s]
 75%|#######5  | 377/500 [01:38<00:31,  3.94it/s]
 76%|#######5  | 378/500 [01:39<00:38,  3.13it/s]
 76%|#######5  | 379/500 [01:39<00:36,  3.33it/s]
 76%|#######6  | 380/500 [01:39<00:34,  3.49it/s]
 76%|#######6  | 381/500 [01:39<00:33,  3.60it/s]
 76%|#######6  | 382/500 [01:40<00:31,  3.69it/s]
 77%|#######6  | 383/500 [01:40<00:30,  3.79it/s]
 77%|#######6  | 384/500 [01:40<00:30,  3.85it/s]
 77%|#######7  | 385/500 [01:40<00:29,  3.88it/s]
 77%|#######7  | 386/500 [01:41<00:29,  3.90it/s]
 77%|#######7  | 387/500 [01:41<00:28,  3.92it/s]
 78%|#######7  | 388/500 [01:41<00:28,  3.93it/s]
 78%|#######7  | 389/500 [01:41<00:28,  3.94it/s]
 78%|#######8  | 390/500 [01:42<00:27,  3.94it/s]
 78%|#######8  | 391/500 [01:42<00:27,  3.94it/s]
 78%|#######8  | 392/500 [01:42<00:27,  3.93it/s]
 79%|#######8  | 393/500 [01:42<00:27,  3.94it/s]
 79%|#######8  | 394/500 [01:43<00:26,  3.94it/s]
 79%|#######9  | 395/500 [01:43<00:26,  3.94it/s]
 79%|#######9  | 396/500 [01:43<00:26,  3.94it/s]
 79%|#######9  | 397/500 [01:43<00:26,  3.95it/s]
 80%|#######9  | 398/500 [01:44<00:25,  3.95it/s]
 80%|#######9  | 399/500 [01:44<00:25,  3.95it/s]
 80%|########  | 400/500 [01:44<00:25,  3.94it/s]
 80%|########  | 401/500 [01:44<00:25,  3.94it/s]
 80%|########  | 402/500 [01:45<00:24,  3.94it/s]
 81%|########  | 403/500 [01:45<00:24,  3.94it/s]
 81%|########  | 404/500 [01:45<00:24,  3.95it/s]
 81%|########1 | 405/500 [01:45<00:24,  3.95it/s]
 81%|########1 | 406/500 [01:46<00:23,  3.96it/s]
 81%|########1 | 407/500 [01:46<00:29,  3.13it/s]
 82%|########1 | 408/500 [01:46<00:27,  3.35it/s]
 82%|########1 | 409/500 [01:47<00:25,  3.52it/s]
 82%|########2 | 410/500 [01:47<00:24,  3.64it/s]
 82%|########2 | 411/500 [01:47<00:23,  3.72it/s]
 82%|########2 | 412/500 [01:47<00:23,  3.78it/s]
 83%|########2 | 413/500 [01:48<00:22,  3.82it/s]
 83%|########2 | 414/500 [01:48<00:22,  3.86it/s]
 83%|########2 | 415/500 [01:48<00:21,  3.89it/s]
 83%|########3 | 416/500 [01:48<00:21,  3.90it/s]
 83%|########3 | 417/500 [01:49<00:21,  3.91it/s]
 84%|########3 | 418/500 [01:49<00:20,  3.92it/s]
 84%|########3 | 419/500 [01:49<00:20,  3.92it/s]
 84%|########4 | 420/500 [01:49<00:20,  3.92it/s]
 84%|########4 | 421/500 [01:50<00:20,  3.93it/s]
 84%|########4 | 422/500 [01:50<00:19,  3.93it/s]
 85%|########4 | 423/500 [01:50<00:19,  3.93it/s]
 85%|########4 | 424/500 [01:50<00:19,  3.93it/s]
 85%|########5 | 425/500 [01:51<00:19,  3.94it/s]
 85%|########5 | 426/500 [01:51<00:18,  3.94it/s]
 85%|########5 | 427/500 [01:51<00:18,  3.93it/s]
 86%|########5 | 428/500 [01:51<00:18,  3.93it/s]
 86%|########5 | 429/500 [01:52<00:18,  3.94it/s]
 86%|########6 | 430/500 [01:52<00:17,  3.93it/s]
 86%|########6 | 431/500 [01:52<00:17,  3.92it/s]
 86%|########6 | 432/500 [01:52<00:17,  3.94it/s]
 87%|########6 | 433/500 [01:53<00:17,  3.94it/s]
 87%|########6 | 434/500 [01:53<00:16,  3.94it/s]
 87%|########7 | 435/500 [01:53<00:16,  3.94it/s]
 87%|########7 | 436/500 [01:54<00:20,  3.11it/s]
 87%|########7 | 437/500 [01:54<00:18,  3.34it/s]
 88%|########7 | 438/500 [01:54<00:17,  3.50it/s]
 88%|########7 | 439/500 [01:54<00:16,  3.61it/s]
 88%|########8 | 440/500 [01:55<00:16,  3.69it/s]
 88%|########8 | 441/500 [01:55<00:15,  3.75it/s]
 88%|########8 | 442/500 [01:55<00:15,  3.80it/s]
 89%|########8 | 443/500 [01:55<00:14,  3.83it/s]
 89%|########8 | 444/500 [01:56<00:14,  3.85it/s]
 89%|########9 | 445/500 [01:56<00:14,  3.86it/s]
 89%|########9 | 446/500 [01:56<00:13,  3.88it/s]
 89%|########9 | 447/500 [01:56<00:13,  3.88it/s]
 90%|########9 | 448/500 [01:57<00:13,  3.89it/s]
 90%|########9 | 449/500 [01:57<00:13,  3.90it/s]
 90%|######### | 450/500 [01:57<00:12,  3.91it/s]
 90%|######### | 451/500 [01:58<00:12,  3.91it/s]
 90%|######### | 452/500 [01:58<00:12,  3.91it/s]
 91%|######### | 453/500 [01:58<00:11,  3.93it/s]
 91%|######### | 454/500 [01:58<00:11,  3.93it/s]
 91%|#########1| 455/500 [01:59<00:11,  3.93it/s]
 91%|#########1| 456/500 [01:59<00:11,  3.93it/s]
 91%|#########1| 457/500 [01:59<00:10,  3.94it/s]
 92%|#########1| 458/500 [01:59<00:10,  3.94it/s]
 92%|#########1| 459/500 [02:00<00:10,  3.94it/s]
 92%|#########2| 460/500 [02:00<00:10,  3.94it/s]
 92%|#########2| 461/500 [02:00<00:09,  3.94it/s]
 92%|#########2| 462/500 [02:00<00:09,  3.97it/s]
 93%|#########2| 463/500 [02:01<00:09,  3.95it/s]
 93%|#########2| 464/500 [02:01<00:09,  3.95it/s]
 93%|#########3| 465/500 [02:01<00:11,  3.15it/s]
 93%|#########3| 466/500 [02:02<00:10,  3.37it/s]
 93%|#########3| 467/500 [02:02<00:09,  3.53it/s]
 94%|#########3| 468/500 [02:02<00:08,  3.65it/s]
 94%|#########3| 469/500 [02:02<00:08,  3.74it/s]
 94%|#########3| 470/500 [02:03<00:07,  3.79it/s]
 94%|#########4| 471/500 [02:03<00:07,  3.84it/s]
 94%|#########4| 472/500 [02:03<00:07,  3.86it/s]
 95%|#########4| 473/500 [02:03<00:06,  3.89it/s]
 95%|#########4| 474/500 [02:04<00:06,  3.90it/s]
 95%|#########5| 475/500 [02:04<00:06,  3.91it/s]
 95%|#########5| 476/500 [02:04<00:06,  3.92it/s]
 95%|#########5| 477/500 [02:04<00:05,  3.93it/s]
 96%|#########5| 478/500 [02:05<00:05,  3.93it/s]
 96%|#########5| 479/500 [02:05<00:05,  3.92it/s]
 96%|#########6| 480/500 [02:05<00:05,  3.93it/s]
 96%|#########6| 481/500 [02:05<00:04,  3.93it/s]
 96%|#########6| 482/500 [02:06<00:04,  3.93it/s]
 97%|#########6| 483/500 [02:06<00:04,  3.94it/s]
 97%|#########6| 484/500 [02:06<00:04,  3.94it/s]
 97%|#########7| 485/500 [02:06<00:03,  3.94it/s]
 97%|#########7| 486/500 [02:07<00:03,  3.94it/s]
 97%|#########7| 487/500 [02:07<00:03,  3.94it/s]
 98%|#########7| 488/500 [02:07<00:03,  3.94it/s]
 98%|#########7| 489/500 [02:07<00:02,  3.94it/s]
 98%|#########8| 490/500 [02:08<00:02,  3.94it/s]
 98%|#########8| 491/500 [02:08<00:02,  3.95it/s]
 98%|#########8| 492/500 [02:08<00:02,  3.95it/s]
 99%|#########8| 493/500 [02:08<00:01,  3.95it/s]
 99%|#########8| 494/500 [02:09<00:01,  3.09it/s]
 99%|#########9| 495/500 [02:09<00:01,  3.33it/s]
 99%|#########9| 496/500 [02:09<00:01,  3.49it/s]
 99%|#########9| 497/500 [02:10<00:00,  3.61it/s]
100%|#########9| 498/500 [02:10<00:00,  3.69it/s]
100%|#########9| 499/500 [02:10<00:00,  3.76it/s]
100%|##########| 500/500 [02:10<00:00,  3.82it/s]
100%|##########| 500/500 [02:10<00:00,  3.82it/s]
Train Epoch 24
{
    "Loss": 0.01004829548485577,
    "Optimizer/policy0_lr": 0.00010000000000000003,
    "Policy_Grad_Norms": 0.06355469461595388,
    "Time_Data_Loading": 0.10625706911087036,
    "Time_Epoch": 2.1821337779362997,
    "Time_Log_Info": 0.024601606527964275,
    "Time_Process_Batch": 0.788142987092336,
    "Time_Train_Batch": 1.2359326004981994
}

Epoch 24 Memory Usage: 2298 MB


  0%|          | 0/500 [00:00<?, ?it/s]
  0%|          | 1/500 [00:00<03:13,  2.58it/s]
  0%|          | 2/500 [00:00<02:32,  3.26it/s]
  1%|          | 3/500 [00:00<02:20,  3.53it/s]
  1%|          | 4/500 [00:01<02:15,  3.67it/s]
  1%|1         | 5/500 [00:01<02:12,  3.75it/s]
  1%|1         | 6/500 [00:01<02:10,  3.80it/s]
  1%|1         | 7/500 [00:01<02:08,  3.83it/s]
  2%|1         | 8/500 [00:02<02:07,  3.85it/s]
  2%|1         | 9/500 [00:02<02:06,  3.87it/s]
  2%|2         | 10/500 [00:02<02:05,  3.89it/s]
  2%|2         | 11/500 [00:02<02:05,  3.91it/s]
  2%|2         | 12/500 [00:03<02:04,  3.91it/s]
  3%|2         | 13/500 [00:03<02:04,  3.91it/s]
  3%|2         | 14/500 [00:03<02:04,  3.91it/s]
  3%|3         | 15/500 [00:03<02:03,  3.91it/s]
  3%|3         | 16/500 [00:04<02:03,  3.92it/s]
  3%|3         | 17/500 [00:04<02:03,  3.92it/s]
  4%|3         | 18/500 [00:04<02:02,  3.92it/s]
  4%|3         | 19/500 [00:04<02:02,  3.91it/s]
  4%|4         | 20/500 [00:05<02:02,  3.93it/s]
  4%|4         | 21/500 [00:05<02:02,  3.93it/s]
  4%|4         | 22/500 [00:05<02:01,  3.92it/s]
  5%|4         | 23/500 [00:06<02:01,  3.91it/s]
  5%|4         | 24/500 [00:06<02:01,  3.92it/s]
  5%|5         | 25/500 [00:06<02:00,  3.93it/s]
  5%|5         | 26/500 [00:06<02:00,  3.94it/s]
  5%|5         | 27/500 [00:07<01:59,  3.95it/s]
  6%|5         | 28/500 [00:07<01:59,  3.94it/s]
  6%|5         | 29/500 [00:07<01:59,  3.94it/s]
  6%|6         | 30/500 [00:08<02:31,  3.10it/s]
  6%|6         | 31/500 [00:08<02:20,  3.33it/s]
  6%|6         | 32/500 [00:08<02:13,  3.50it/s]
  7%|6         | 33/500 [00:08<02:09,  3.61it/s]
  7%|6         | 34/500 [00:09<02:05,  3.71it/s]
  7%|7         | 35/500 [00:09<02:03,  3.76it/s]
  7%|7         | 36/500 [00:09<02:01,  3.82it/s]
  7%|7         | 37/500 [00:09<01:59,  3.86it/s]
  8%|7         | 38/500 [00:10<01:58,  3.89it/s]
  8%|7         | 39/500 [00:10<01:58,  3.90it/s]
  8%|8         | 40/500 [00:10<01:57,  3.91it/s]
  8%|8         | 41/500 [00:10<01:57,  3.92it/s]
  8%|8         | 42/500 [00:11<01:56,  3.93it/s]
  9%|8         | 43/500 [00:11<01:55,  3.94it/s]
  9%|8         | 44/500 [00:11<01:55,  3.95it/s]
  9%|9         | 45/500 [00:11<01:55,  3.95it/s]
  9%|9         | 46/500 [00:12<01:54,  3.95it/s]
  9%|9         | 47/500 [00:12<01:54,  3.95it/s]
 10%|9         | 48/500 [00:12<01:54,  3.93it/s]
 10%|9         | 49/500 [00:12<01:54,  3.94it/s]
 10%|#         | 50/500 [00:13<01:53,  3.95it/s]
 10%|#         | 51/500 [00:13<01:53,  3.94it/s]
 10%|#         | 52/500 [00:13<01:53,  3.95it/s]
 11%|#         | 53/500 [00:13<01:52,  3.96it/s]
 11%|#         | 54/500 [00:14<01:52,  3.96it/s]
 11%|#1        | 55/500 [00:14<01:52,  3.96it/s]
 11%|#1        | 56/500 [00:14<01:52,  3.95it/s]
 11%|#1        | 57/500 [00:14<01:52,  3.95it/s]
 12%|#1        | 58/500 [00:15<01:52,  3.94it/s]
 12%|#1        | 59/500 [00:15<02:22,  3.11it/s]
 12%|#2        | 60/500 [00:15<02:12,  3.33it/s]
 12%|#2        | 61/500 [00:16<02:05,  3.50it/s]
 12%|#2        | 62/500 [00:16<02:00,  3.63it/s]
 13%|#2        | 63/500 [00:16<01:57,  3.73it/s]
 13%|#2        | 64/500 [00:16<01:55,  3.79it/s]
 13%|#3        | 65/500 [00:17<01:53,  3.83it/s]
 13%|#3        | 66/500 [00:17<01:52,  3.86it/s]
 13%|#3        | 67/500 [00:17<01:51,  3.89it/s]
 14%|#3        | 68/500 [00:17<01:50,  3.91it/s]
 14%|#3        | 69/500 [00:18<01:50,  3.91it/s]
 14%|#4        | 70/500 [00:18<01:49,  3.92it/s]
 14%|#4        | 71/500 [00:18<01:49,  3.92it/s]
 14%|#4        | 72/500 [00:18<01:48,  3.93it/s]
 15%|#4        | 73/500 [00:19<01:48,  3.93it/s]
 15%|#4        | 74/500 [00:19<01:48,  3.92it/s]
 15%|#5        | 75/500 [00:19<01:48,  3.92it/s]
 15%|#5        | 76/500 [00:19<01:47,  3.93it/s]
 15%|#5        | 77/500 [00:20<01:47,  3.93it/s]
 16%|#5        | 78/500 [00:20<01:47,  3.93it/s]
 16%|#5        | 79/500 [00:20<01:47,  3.93it/s]
 16%|#6        | 80/500 [00:20<01:47,  3.92it/s]
 16%|#6        | 81/500 [00:21<01:46,  3.92it/s]
 16%|#6        | 82/500 [00:21<01:46,  3.92it/s]
 17%|#6        | 83/500 [00:21<01:46,  3.92it/s]
 17%|#6        | 84/500 [00:21<01:46,  3.92it/s]
 17%|#7        | 85/500 [00:22<01:45,  3.93it/s]
 17%|#7        | 86/500 [00:22<01:45,  3.94it/s]
 17%|#7        | 87/500 [00:22<01:44,  3.94it/s]
 18%|#7        | 88/500 [00:23<02:11,  3.13it/s]
 18%|#7        | 89/500 [00:23<02:02,  3.35it/s]
 18%|#8        | 90/500 [00:23<01:55,  3.54it/s]
 18%|#8        | 91/500 [00:23<01:51,  3.66it/s]
 18%|#8        | 92/500 [00:24<01:48,  3.74it/s]
 19%|#8        | 93/500 [00:24<01:47,  3.80it/s]
 19%|#8        | 94/500 [00:24<01:45,  3.84it/s]
 19%|#9        | 95/500 [00:24<01:44,  3.87it/s]
 19%|#9        | 96/500 [00:25<01:43,  3.89it/s]
 19%|#9        | 97/500 [00:25<01:42,  3.92it/s]
 20%|#9        | 98/500 [00:25<01:42,  3.92it/s]
 20%|#9        | 99/500 [00:25<01:41,  3.94it/s]
 20%|##        | 100/500 [00:26<01:41,  3.95it/s]
 20%|##        | 101/500 [00:26<01:40,  3.95it/s]
 20%|##        | 102/500 [00:26<01:40,  3.95it/s]
 21%|##        | 103/500 [00:26<01:40,  3.95it/s]
 21%|##        | 104/500 [00:27<01:39,  3.96it/s]
 21%|##1       | 105/500 [00:27<01:39,  3.96it/s]
 21%|##1       | 106/500 [00:27<01:39,  3.96it/s]
 21%|##1       | 107/500 [00:27<01:39,  3.96it/s]
 22%|##1       | 108/500 [00:28<01:38,  3.96it/s]
 22%|##1       | 109/500 [00:28<01:38,  3.95it/s]
 22%|##2       | 110/500 [00:28<01:38,  3.97it/s]
 22%|##2       | 111/500 [00:28<01:37,  3.97it/s]
 22%|##2       | 112/500 [00:29<01:37,  3.97it/s]
 23%|##2       | 113/500 [00:29<01:37,  3.96it/s]
 23%|##2       | 114/500 [00:29<01:37,  3.95it/s]
 23%|##3       | 115/500 [00:29<01:37,  3.95it/s]
 23%|##3       | 116/500 [00:30<01:37,  3.94it/s]
 23%|##3       | 117/500 [00:30<02:02,  3.12it/s]
 24%|##3       | 118/500 [00:30<01:54,  3.34it/s]
 24%|##3       | 119/500 [00:31<01:49,  3.49it/s]
 24%|##4       | 120/500 [00:31<01:45,  3.61it/s]
 24%|##4       | 121/500 [00:31<01:42,  3.69it/s]
 24%|##4       | 122/500 [00:31<01:40,  3.76it/s]
 25%|##4       | 123/500 [00:32<01:39,  3.80it/s]
 25%|##4       | 124/500 [00:32<01:37,  3.85it/s]
 25%|##5       | 125/500 [00:32<01:36,  3.87it/s]
 25%|##5       | 126/500 [00:32<01:36,  3.89it/s]
 25%|##5       | 127/500 [00:33<01:35,  3.90it/s]
 26%|##5       | 128/500 [00:33<01:35,  3.90it/s]
 26%|##5       | 129/500 [00:33<01:35,  3.91it/s]
 26%|##6       | 130/500 [00:34<01:34,  3.91it/s]
 26%|##6       | 131/500 [00:34<01:34,  3.92it/s]
 26%|##6       | 132/500 [00:34<01:33,  3.92it/s]
 27%|##6       | 133/500 [00:34<01:33,  3.92it/s]
 27%|##6       | 134/500 [00:35<01:33,  3.93it/s]
 27%|##7       | 135/500 [00:35<01:32,  3.93it/s]
 27%|##7       | 136/500 [00:35<01:32,  3.92it/s]
 27%|##7       | 137/500 [00:35<01:32,  3.93it/s]
 28%|##7       | 138/500 [00:36<01:32,  3.92it/s]
 28%|##7       | 139/500 [00:36<01:31,  3.93it/s]
 28%|##8       | 140/500 [00:36<01:31,  3.92it/s]
 28%|##8       | 141/500 [00:36<01:31,  3.92it/s]
 28%|##8       | 142/500 [00:37<01:31,  3.93it/s]
 29%|##8       | 143/500 [00:37<01:30,  3.93it/s]
 29%|##8       | 144/500 [00:37<01:30,  3.93it/s]
 29%|##9       | 145/500 [00:37<01:29,  3.94it/s]
 29%|##9       | 146/500 [00:38<01:53,  3.11it/s]
 29%|##9       | 147/500 [00:38<01:45,  3.33it/s]
 30%|##9       | 148/500 [00:38<01:40,  3.49it/s]
 30%|##9       | 149/500 [00:39<01:36,  3.62it/s]
 30%|###       | 150/500 [00:39<01:34,  3.71it/s]
 30%|###       | 151/500 [00:39<01:32,  3.79it/s]
 30%|###       | 152/500 [00:39<01:30,  3.83it/s]
 31%|###       | 153/500 [00:40<01:29,  3.86it/s]
 31%|###       | 154/500 [00:40<01:28,  3.89it/s]
 31%|###1      | 155/500 [00:40<01:28,  3.90it/s]
 31%|###1      | 156/500 [00:40<01:28,  3.90it/s]
 31%|###1      | 157/500 [00:41<01:27,  3.91it/s]
 32%|###1      | 158/500 [00:41<01:27,  3.92it/s]
 32%|###1      | 159/500 [00:41<01:26,  3.92it/s]
 32%|###2      | 160/500 [00:41<01:26,  3.93it/s]
 32%|###2      | 161/500 [00:42<01:26,  3.92it/s]
 32%|###2      | 162/500 [00:42<01:26,  3.93it/s]
 33%|###2      | 163/500 [00:42<01:25,  3.92it/s]
 33%|###2      | 164/500 [00:42<01:25,  3.92it/s]
 33%|###3      | 165/500 [00:43<01:25,  3.93it/s]
 33%|###3      | 166/500 [00:43<01:24,  3.93it/s]
 33%|###3      | 167/500 [00:43<01:24,  3.93it/s]
 34%|###3      | 168/500 [00:43<01:24,  3.94it/s]
 34%|###3      | 169/500 [00:44<01:24,  3.94it/s]
 34%|###4      | 170/500 [00:44<01:23,  3.94it/s]
 34%|###4      | 171/500 [00:44<01:23,  3.95it/s]
 34%|###4      | 172/500 [00:44<01:22,  3.95it/s]
 35%|###4      | 173/500 [00:45<01:22,  3.95it/s]
 35%|###4      | 174/500 [00:45<01:22,  3.95it/s]
 35%|###5      | 175/500 [00:45<01:45,  3.09it/s]
 35%|###5      | 176/500 [00:46<01:38,  3.30it/s]
 35%|###5      | 177/500 [00:46<01:33,  3.46it/s]
 36%|###5      | 178/500 [00:46<01:29,  3.59it/s]
 36%|###5      | 179/500 [00:46<01:27,  3.68it/s]
 36%|###6      | 180/500 [00:47<01:25,  3.74it/s]
 36%|###6      | 181/500 [00:47<01:24,  3.79it/s]
 36%|###6      | 182/500 [00:47<01:23,  3.82it/s]
 37%|###6      | 183/500 [00:47<01:22,  3.85it/s]
 37%|###6      | 184/500 [00:48<01:22,  3.85it/s]
 37%|###7      | 185/500 [00:48<01:21,  3.87it/s]
 37%|###7      | 186/500 [00:48<01:20,  3.89it/s]
 37%|###7      | 187/500 [00:48<01:20,  3.90it/s]
 38%|###7      | 188/500 [00:49<01:20,  3.89it/s]
 38%|###7      | 189/500 [00:49<01:19,  3.90it/s]
 38%|###8      | 190/500 [00:49<01:19,  3.90it/s]
 38%|###8      | 191/500 [00:49<01:19,  3.91it/s]
 38%|###8      | 192/500 [00:50<01:18,  3.92it/s]
 39%|###8      | 193/500 [00:50<01:18,  3.92it/s]
 39%|###8      | 194/500 [00:50<01:18,  3.92it/s]
 39%|###9      | 195/500 [00:51<01:17,  3.91it/s]
 39%|###9      | 196/500 [00:51<01:17,  3.91it/s]
 39%|###9      | 197/500 [00:51<01:17,  3.91it/s]
 40%|###9      | 198/500 [00:51<01:17,  3.91it/s]
 40%|###9      | 199/500 [00:52<01:16,  3.93it/s]
 40%|####      | 200/500 [00:52<01:16,  3.94it/s]
 40%|####      | 201/500 [00:52<01:16,  3.93it/s]
 40%|####      | 202/500 [00:52<01:15,  3.94it/s]
 41%|####      | 203/500 [00:53<01:15,  3.95it/s]
 41%|####      | 204/500 [00:53<01:34,  3.13it/s]
 41%|####1     | 205/500 [00:53<01:28,  3.35it/s]
 41%|####1     | 206/500 [00:54<01:24,  3.50it/s]
 41%|####1     | 207/500 [00:54<01:20,  3.63it/s]
 42%|####1     | 208/500 [00:54<01:18,  3.71it/s]
 42%|####1     | 209/500 [00:54<01:17,  3.77it/s]
 42%|####2     | 210/500 [00:55<01:16,  3.80it/s]
 42%|####2     | 211/500 [00:55<01:15,  3.84it/s]
 42%|####2     | 212/500 [00:55<01:14,  3.87it/s]
 43%|####2     | 213/500 [00:55<01:13,  3.89it/s]
 43%|####2     | 214/500 [00:56<01:13,  3.89it/s]
 43%|####3     | 215/500 [00:56<01:13,  3.90it/s]
 43%|####3     | 216/500 [00:56<01:12,  3.90it/s]
 43%|####3     | 217/500 [00:56<01:12,  3.90it/s]
 44%|####3     | 218/500 [00:57<01:12,  3.92it/s]
 44%|####3     | 219/500 [00:57<01:11,  3.92it/s]
 44%|####4     | 220/500 [00:57<01:11,  3.92it/s]
 44%|####4     | 221/500 [00:57<01:11,  3.92it/s]
 44%|####4     | 222/500 [00:58<01:11,  3.91it/s]
 45%|####4     | 223/500 [00:58<01:10,  3.91it/s]
 45%|####4     | 224/500 [00:58<01:10,  3.91it/s]
 45%|####5     | 225/500 [00:58<01:10,  3.90it/s]
 45%|####5     | 226/500 [00:59<01:10,  3.90it/s]
 45%|####5     | 227/500 [00:59<01:09,  3.90it/s]
 46%|####5     | 228/500 [00:59<01:09,  3.90it/s]
 46%|####5     | 229/500 [00:59<01:09,  3.91it/s]
 46%|####6     | 230/500 [01:00<01:08,  3.93it/s]
 46%|####6     | 231/500 [01:00<01:08,  3.93it/s]
 46%|####6     | 232/500 [01:00<01:07,  3.94it/s]
 47%|####6     | 233/500 [01:01<01:25,  3.14it/s]
 47%|####6     | 234/500 [01:01<01:18,  3.37it/s]
 47%|####6     | 235/500 [01:01<01:15,  3.52it/s]
 47%|####7     | 236/500 [01:01<01:12,  3.63it/s]
 47%|####7     | 237/500 [01:02<01:10,  3.71it/s]
 48%|####7     | 238/500 [01:02<01:09,  3.79it/s]
 48%|####7     | 239/500 [01:02<01:08,  3.83it/s]
 48%|####8     | 240/500 [01:02<01:07,  3.87it/s]
 48%|####8     | 241/500 [01:03<01:06,  3.90it/s]
 48%|####8     | 242/500 [01:03<01:05,  3.92it/s]
 49%|####8     | 243/500 [01:03<01:05,  3.92it/s]
 49%|####8     | 244/500 [01:03<01:05,  3.93it/s]
 49%|####9     | 245/500 [01:04<01:04,  3.95it/s]
 49%|####9     | 246/500 [01:04<01:04,  3.94it/s]
 49%|####9     | 247/500 [01:04<01:04,  3.95it/s]
 50%|####9     | 248/500 [01:04<01:03,  3.95it/s]
 50%|####9     | 249/500 [01:05<01:03,  3.96it/s]
 50%|#####     | 250/500 [01:05<01:03,  3.95it/s]
 50%|#####     | 251/500 [01:05<01:03,  3.94it/s]
 50%|#####     | 252/500 [01:05<01:02,  3.95it/s]
 51%|#####     | 253/500 [01:06<01:02,  3.95it/s]
 51%|#####     | 254/500 [01:06<01:02,  3.95it/s]
 51%|#####1    | 255/500 [01:06<01:02,  3.93it/s]
 51%|#####1    | 256/500 [01:06<01:02,  3.93it/s]
 51%|#####1    | 257/500 [01:07<01:01,  3.94it/s]
 52%|#####1    | 258/500 [01:07<01:01,  3.95it/s]
 52%|#####1    | 259/500 [01:07<01:01,  3.95it/s]
 52%|#####2    | 260/500 [01:07<01:00,  3.96it/s]
 52%|#####2    | 261/500 [01:08<01:00,  3.96it/s]
 52%|#####2    | 262/500 [01:08<01:15,  3.15it/s]
 53%|#####2    | 263/500 [01:08<01:10,  3.37it/s]
 53%|#####2    | 264/500 [01:09<01:07,  3.52it/s]
 53%|#####3    | 265/500 [01:09<01:04,  3.64it/s]
 53%|#####3    | 266/500 [01:09<01:02,  3.73it/s]
 53%|#####3    | 267/500 [01:09<01:01,  3.78it/s]
 54%|#####3    | 268/500 [01:10<01:00,  3.82it/s]
 54%|#####3    | 269/500 [01:10<00:59,  3.86it/s]
 54%|#####4    | 270/500 [01:10<00:59,  3.89it/s]
 54%|#####4    | 271/500 [01:10<00:58,  3.89it/s]
 54%|#####4    | 272/500 [01:11<00:58,  3.90it/s]
 55%|#####4    | 273/500 [01:11<00:58,  3.90it/s]
 55%|#####4    | 274/500 [01:11<00:57,  3.92it/s]
 55%|#####5    | 275/500 [01:11<00:57,  3.92it/s]
 55%|#####5    | 276/500 [01:12<00:57,  3.92it/s]
 55%|#####5    | 277/500 [01:12<00:56,  3.92it/s]
 56%|#####5    | 278/500 [01:12<00:56,  3.93it/s]
 56%|#####5    | 279/500 [01:12<00:56,  3.93it/s]
 56%|#####6    | 280/500 [01:13<00:55,  3.93it/s]
 56%|#####6    | 281/500 [01:13<00:55,  3.92it/s]
 56%|#####6    | 282/500 [01:13<00:55,  3.92it/s]
 57%|#####6    | 283/500 [01:14<00:55,  3.92it/s]
 57%|#####6    | 284/500 [01:14<00:55,  3.92it/s]
 57%|#####6    | 285/500 [01:14<00:54,  3.92it/s]
 57%|#####7    | 286/500 [01:14<00:54,  3.92it/s]
 57%|#####7    | 287/500 [01:15<00:54,  3.94it/s]
 58%|#####7    | 288/500 [01:15<00:53,  3.94it/s]
 58%|#####7    | 289/500 [01:15<00:53,  3.94it/s]
 58%|#####8    | 290/500 [01:15<00:53,  3.94it/s]
 58%|#####8    | 291/500 [01:16<01:06,  3.13it/s]
 58%|#####8    | 292/500 [01:16<01:02,  3.35it/s]
 59%|#####8    | 293/500 [01:16<00:59,  3.51it/s]
 59%|#####8    | 294/500 [01:17<00:56,  3.63it/s]
 59%|#####8    | 295/500 [01:17<00:55,  3.72it/s]
 59%|#####9    | 296/500 [01:17<00:53,  3.78it/s]
 59%|#####9    | 297/500 [01:17<00:53,  3.83it/s]
 60%|#####9    | 298/500 [01:18<00:52,  3.86it/s]
 60%|#####9    | 299/500 [01:18<00:51,  3.88it/s]
 60%|######    | 300/500 [01:18<00:51,  3.90it/s]
 60%|######    | 301/500 [01:18<00:50,  3.92it/s]
 60%|######    | 302/500 [01:19<00:50,  3.93it/s]
 61%|######    | 303/500 [01:19<00:50,  3.93it/s]
 61%|######    | 304/500 [01:19<00:50,  3.91it/s]
 61%|######1   | 305/500 [01:19<00:49,  3.92it/s]
 61%|######1   | 306/500 [01:20<00:49,  3.93it/s]
 61%|######1   | 307/500 [01:20<00:49,  3.93it/s]
 62%|######1   | 308/500 [01:20<00:48,  3.93it/s]
 62%|######1   | 309/500 [01:20<00:48,  3.93it/s]
 62%|######2   | 310/500 [01:21<00:48,  3.92it/s]
 62%|######2   | 311/500 [01:21<00:48,  3.92it/s]
 62%|######2   | 312/500 [01:21<00:47,  3.93it/s]
 63%|######2   | 313/500 [01:21<00:47,  3.93it/s]
 63%|######2   | 314/500 [01:22<00:47,  3.93it/s]
 63%|######3   | 315/500 [01:22<00:47,  3.92it/s]
 63%|######3   | 316/500 [01:22<00:46,  3.94it/s]
 63%|######3   | 317/500 [01:22<00:46,  3.95it/s]
 64%|######3   | 318/500 [01:23<00:46,  3.95it/s]
 64%|######3   | 319/500 [01:23<00:45,  3.95it/s]
 64%|######4   | 320/500 [01:23<00:57,  3.13it/s]
 64%|######4   | 321/500 [01:24<00:53,  3.34it/s]
 64%|######4   | 322/500 [01:24<00:50,  3.50it/s]
 65%|######4   | 323/500 [01:24<00:48,  3.62it/s]
 65%|######4   | 324/500 [01:24<00:47,  3.70it/s]
 65%|######5   | 325/500 [01:25<00:46,  3.75it/s]
 65%|######5   | 326/500 [01:25<00:45,  3.79it/s]
 65%|######5   | 327/500 [01:25<00:45,  3.84it/s]
 66%|######5   | 328/500 [01:25<00:44,  3.87it/s]
 66%|######5   | 329/500 [01:26<00:43,  3.90it/s]
 66%|######6   | 330/500 [01:26<00:43,  3.92it/s]
 66%|######6   | 331/500 [01:26<00:43,  3.93it/s]
 66%|######6   | 332/500 [01:26<00:42,  3.94it/s]
 67%|######6   | 333/500 [01:27<00:42,  3.94it/s]
 67%|######6   | 334/500 [01:27<00:42,  3.93it/s]
 67%|######7   | 335/500 [01:27<00:41,  3.93it/s]
 67%|######7   | 336/500 [01:27<00:41,  3.93it/s]
 67%|######7   | 337/500 [01:28<00:41,  3.94it/s]
 68%|######7   | 338/500 [01:28<00:41,  3.95it/s]
 68%|######7   | 339/500 [01:28<00:40,  3.95it/s]
 68%|######8   | 340/500 [01:28<00:40,  3.94it/s]
 68%|######8   | 341/500 [01:29<00:40,  3.93it/s]
 68%|######8   | 342/500 [01:29<00:40,  3.93it/s]
 69%|######8   | 343/500 [01:29<00:39,  3.93it/s]
 69%|######8   | 344/500 [01:29<00:39,  3.94it/s]
 69%|######9   | 345/500 [01:30<00:39,  3.95it/s]
 69%|######9   | 346/500 [01:30<00:39,  3.95it/s]
 69%|######9   | 347/500 [01:30<00:38,  3.95it/s]
 70%|######9   | 348/500 [01:30<00:38,  3.95it/s]
 70%|######9   | 349/500 [01:31<00:47,  3.17it/s]
 70%|#######   | 350/500 [01:31<00:44,  3.39it/s]
 70%|#######   | 351/500 [01:31<00:41,  3.55it/s]
 70%|#######   | 352/500 [01:32<00:40,  3.67it/s]
 71%|#######   | 353/500 [01:32<00:39,  3.75it/s]
 71%|#######   | 354/500 [01:32<00:38,  3.78it/s]
 71%|#######1  | 355/500 [01:32<00:37,  3.82it/s]
 71%|#######1  | 356/500 [01:33<00:37,  3.84it/s]
 71%|#######1  | 357/500 [01:33<00:37,  3.86it/s]
 72%|#######1  | 358/500 [01:33<00:36,  3.88it/s]
 72%|#######1  | 359/500 [01:33<00:36,  3.90it/s]
 72%|#######2  | 360/500 [01:34<00:35,  3.90it/s]
 72%|#######2  | 361/500 [01:34<00:35,  3.91it/s]
 72%|#######2  | 362/500 [01:34<00:35,  3.92it/s]
 73%|#######2  | 363/500 [01:34<00:34,  3.93it/s]
 73%|#######2  | 364/500 [01:35<00:34,  3.94it/s]
 73%|#######3  | 365/500 [01:35<00:34,  3.94it/s]
 73%|#######3  | 366/500 [01:35<00:34,  3.94it/s]
 73%|#######3  | 367/500 [01:35<00:33,  3.94it/s]
 74%|#######3  | 368/500 [01:36<00:33,  3.94it/s]
 74%|#######3  | 369/500 [01:36<00:33,  3.94it/s]
 74%|#######4  | 370/500 [01:36<00:33,  3.93it/s]
 74%|#######4  | 371/500 [01:37<00:32,  3.93it/s]
 74%|#######4  | 372/500 [01:37<00:32,  3.93it/s]
 75%|#######4  | 373/500 [01:37<00:32,  3.94it/s]
 75%|#######4  | 374/500 [01:37<00:31,  3.94it/s]
 75%|#######5  | 375/500 [01:38<00:31,  3.95it/s]
 75%|#######5  | 376/500 [01:38<00:31,  3.95it/s]
 75%|#######5  | 377/500 [01:38<00:31,  3.95it/s]
 76%|#######5  | 378/500 [01:38<00:38,  3.14it/s]
 76%|#######5  | 379/500 [01:39<00:35,  3.36it/s]
 76%|#######6  | 380/500 [01:39<00:34,  3.52it/s]
 76%|#######6  | 381/500 [01:39<00:32,  3.63it/s]
 76%|#######6  | 382/500 [01:40<00:31,  3.73it/s]
 77%|#######6  | 383/500 [01:40<00:30,  3.80it/s]
 77%|#######6  | 384/500 [01:40<00:30,  3.85it/s]
 77%|#######7  | 385/500 [01:40<00:29,  3.88it/s]
 77%|#######7  | 386/500 [01:41<00:29,  3.90it/s]
 77%|#######7  | 387/500 [01:41<00:28,  3.92it/s]
 78%|#######7  | 388/500 [01:41<00:28,  3.93it/s]
 78%|#######7  | 389/500 [01:41<00:28,  3.93it/s]
 78%|#######8  | 390/500 [01:42<00:27,  3.94it/s]
 78%|#######8  | 391/500 [01:42<00:27,  3.94it/s]
 78%|#######8  | 392/500 [01:42<00:27,  3.94it/s]
 79%|#######8  | 393/500 [01:42<00:27,  3.94it/s]
 79%|#######8  | 394/500 [01:43<00:26,  3.94it/s]
 79%|#######9  | 395/500 [01:43<00:26,  3.94it/s]
 79%|#######9  | 396/500 [01:43<00:26,  3.96it/s]
 79%|#######9  | 397/500 [01:43<00:26,  3.95it/s]
 80%|#######9  | 398/500 [01:44<00:25,  3.95it/s]
 80%|#######9  | 399/500 [01:44<00:25,  3.95it/s]
 80%|########  | 400/500 [01:44<00:25,  3.96it/s]
 80%|########  | 401/500 [01:44<00:24,  3.96it/s]
 80%|########  | 402/500 [01:45<00:24,  3.97it/s]
 81%|########  | 403/500 [01:45<00:24,  3.97it/s]
 81%|########  | 404/500 [01:45<00:24,  3.98it/s]
 81%|########1 | 405/500 [01:45<00:23,  3.97it/s]
 81%|########1 | 406/500 [01:46<00:23,  3.97it/s]
 81%|########1 | 407/500 [01:46<00:29,  3.14it/s]
 82%|########1 | 408/500 [01:46<00:27,  3.38it/s]
 82%|########1 | 409/500 [01:47<00:25,  3.54it/s]
 82%|########2 | 410/500 [01:47<00:24,  3.66it/s]
 82%|########2 | 411/500 [01:47<00:23,  3.74it/s]
 82%|########2 | 412/500 [01:47<00:23,  3.79it/s]
 83%|########2 | 413/500 [01:48<00:22,  3.82it/s]
 83%|########2 | 414/500 [01:48<00:22,  3.85it/s]
 83%|########2 | 415/500 [01:48<00:21,  3.90it/s]
 83%|########3 | 416/500 [01:48<00:21,  3.92it/s]
 83%|########3 | 417/500 [01:49<00:21,  3.92it/s]
 84%|########3 | 418/500 [01:49<00:20,  3.93it/s]
 84%|########3 | 419/500 [01:49<00:20,  3.93it/s]
 84%|########4 | 420/500 [01:49<00:20,  3.93it/s]
 84%|########4 | 421/500 [01:50<00:20,  3.93it/s]
 84%|########4 | 422/500 [01:50<00:19,  3.92it/s]
 85%|########4 | 423/500 [01:50<00:19,  3.93it/s]
 85%|########4 | 424/500 [01:50<00:19,  3.93it/s]
 85%|########5 | 425/500 [01:51<00:19,  3.93it/s]
 85%|########5 | 426/500 [01:51<00:18,  3.93it/s]
 85%|########5 | 427/500 [01:51<00:18,  3.94it/s]
 86%|########5 | 428/500 [01:51<00:18,  3.94it/s]
 86%|########5 | 429/500 [01:52<00:18,  3.92it/s]
 86%|########6 | 430/500 [01:52<00:17,  3.93it/s]
 86%|########6 | 431/500 [01:52<00:17,  3.93it/s]
 86%|########6 | 432/500 [01:52<00:17,  3.95it/s]
 87%|########6 | 433/500 [01:53<00:16,  3.96it/s]
 87%|########6 | 434/500 [01:53<00:16,  3.97it/s]
 87%|########7 | 435/500 [01:53<00:16,  3.97it/s]
 87%|########7 | 436/500 [01:54<00:20,  3.16it/s]
 87%|########7 | 437/500 [01:54<00:18,  3.38it/s]
 88%|########7 | 438/500 [01:54<00:17,  3.53it/s]
 88%|########7 | 439/500 [01:54<00:16,  3.65it/s]
 88%|########8 | 440/500 [01:55<00:16,  3.74it/s]
 88%|########8 | 441/500 [01:55<00:15,  3.81it/s]
 88%|########8 | 442/500 [01:55<00:15,  3.86it/s]
 89%|########8 | 443/500 [01:55<00:14,  3.88it/s]
 89%|########8 | 444/500 [01:56<00:14,  3.90it/s]
 89%|########9 | 445/500 [01:56<00:14,  3.92it/s]
 89%|########9 | 446/500 [01:56<00:13,  3.94it/s]
 89%|########9 | 447/500 [01:56<00:13,  3.94it/s]
 90%|########9 | 448/500 [01:57<00:13,  3.94it/s]
 90%|########9 | 449/500 [01:57<00:12,  3.94it/s]
 90%|######### | 450/500 [01:57<00:12,  3.95it/s]
 90%|######### | 451/500 [01:57<00:12,  3.96it/s]
 90%|######### | 452/500 [01:58<00:12,  3.96it/s]
 91%|######### | 453/500 [01:58<00:11,  3.95it/s]
 91%|######### | 454/500 [01:58<00:11,  3.96it/s]
 91%|#########1| 455/500 [01:58<00:11,  3.96it/s]
 91%|#########1| 456/500 [01:59<00:11,  3.96it/s]
 91%|#########1| 457/500 [01:59<00:10,  3.96it/s]
 92%|#########1| 458/500 [01:59<00:10,  3.96it/s]
 92%|#########1| 459/500 [01:59<00:10,  3.96it/s]
 92%|#########2| 460/500 [02:00<00:10,  3.97it/s]
 92%|#########2| 461/500 [02:00<00:09,  3.97it/s]
 92%|#########2| 462/500 [02:00<00:09,  3.98it/s]
 93%|#########2| 463/500 [02:00<00:09,  3.97it/s]
 93%|#########2| 464/500 [02:01<00:09,  3.97it/s]
 93%|#########3| 465/500 [02:01<00:11,  3.16it/s]
 93%|#########3| 466/500 [02:01<00:10,  3.38it/s]
 93%|#########3| 467/500 [02:02<00:09,  3.53it/s]
 94%|#########3| 468/500 [02:02<00:08,  3.64it/s]
 94%|#########3| 469/500 [02:02<00:08,  3.73it/s]
 94%|#########3| 470/500 [02:02<00:07,  3.79it/s]
 94%|#########4| 471/500 [02:03<00:07,  3.84it/s]
 94%|#########4| 472/500 [02:03<00:07,  3.86it/s]
 95%|#########4| 473/500 [02:03<00:06,  3.88it/s]
 95%|#########4| 474/500 [02:03<00:06,  3.91it/s]
 95%|#########5| 475/500 [02:04<00:06,  3.92it/s]
 95%|#########5| 476/500 [02:04<00:06,  3.93it/s]
 95%|#########5| 477/500 [02:04<00:05,  3.93it/s]
 96%|#########5| 478/500 [02:04<00:05,  3.93it/s]
 96%|#########5| 479/500 [02:05<00:05,  3.92it/s]
 96%|#########6| 480/500 [02:05<00:05,  3.92it/s]
 96%|#########6| 481/500 [02:05<00:04,  3.92it/s]
 96%|#########6| 482/500 [02:05<00:04,  3.92it/s]
 97%|#########6| 483/500 [02:06<00:04,  3.92it/s]
 97%|#########6| 484/500 [02:06<00:04,  3.92it/s]
 97%|#########7| 485/500 [02:06<00:03,  3.92it/s]
 97%|#########7| 486/500 [02:06<00:03,  3.92it/s]
 97%|#########7| 487/500 [02:07<00:03,  3.92it/s]
 98%|#########7| 488/500 [02:07<00:03,  3.92it/s]
 98%|#########7| 489/500 [02:07<00:02,  3.93it/s]
 98%|#########8| 490/500 [02:07<00:02,  3.93it/s]
 98%|#########8| 491/500 [02:08<00:02,  3.94it/s]
 98%|#########8| 492/500 [02:08<00:02,  3.95it/s]
 99%|#########8| 493/500 [02:08<00:01,  3.95it/s]
 99%|#########8| 494/500 [02:09<00:01,  3.11it/s]
 99%|#########9| 495/500 [02:09<00:01,  3.33it/s]
 99%|#########9| 496/500 [02:09<00:01,  3.51it/s]
 99%|#########9| 497/500 [02:09<00:00,  3.62it/s]
100%|#########9| 498/500 [02:10<00:00,  3.72it/s]
100%|#########9| 499/500 [02:10<00:00,  3.78it/s]
100%|##########| 500/500 [02:10<00:00,  3.82it/s]
100%|##########| 500/500 [02:10<00:00,  3.82it/s]
Train Epoch 25
{
    "Loss": 0.00949516115617007,
    "Optimizer/policy0_lr": 0.00010000000000000003,
    "Policy_Grad_Norms": 0.05424824556337479,
    "Time_Data_Loading": 0.10562751690546672,
    "Time_Epoch": 2.179590658346812,
    "Time_Log_Info": 0.02468915780385335,
    "Time_Process_Batch": 0.7863567272822062,
    "Time_Train_Batch": 1.235846479733785
}

Epoch 25 Memory Usage: 2298 MB


  0%|          | 0/500 [00:00<?, ?it/s]
  0%|          | 1/500 [00:00<03:16,  2.54it/s]
  0%|          | 2/500 [00:00<02:34,  3.22it/s]
  1%|          | 3/500 [00:00<02:21,  3.51it/s]
  1%|          | 4/500 [00:01<02:16,  3.64it/s]
  1%|1         | 5/500 [00:01<02:11,  3.75it/s]
  1%|1         | 6/500 [00:01<02:10,  3.80it/s]
  1%|1         | 7/500 [00:01<02:08,  3.85it/s]
  2%|1         | 8/500 [00:02<02:07,  3.87it/s]
  2%|1         | 9/500 [00:02<02:06,  3.88it/s]
  2%|2         | 10/500 [00:02<02:05,  3.90it/s]
  2%|2         | 11/500 [00:02<02:05,  3.91it/s]
  2%|2         | 12/500 [00:03<02:04,  3.92it/s]
  3%|2         | 13/500 [00:03<02:04,  3.92it/s]
  3%|2         | 14/500 [00:03<02:03,  3.92it/s]
  3%|3         | 15/500 [00:03<02:03,  3.91it/s]
  3%|3         | 16/500 [00:04<02:03,  3.91it/s]
  3%|3         | 17/500 [00:04<02:03,  3.92it/s]
  4%|3         | 18/500 [00:04<02:02,  3.93it/s]
  4%|3         | 19/500 [00:04<02:02,  3.93it/s]
  4%|4         | 20/500 [00:05<02:02,  3.93it/s]
  4%|4         | 21/500 [00:05<02:01,  3.93it/s]
  4%|4         | 22/500 [00:05<02:01,  3.93it/s]
  5%|4         | 23/500 [00:05<02:01,  3.93it/s]
  5%|4         | 24/500 [00:06<02:00,  3.94it/s]
  5%|5         | 25/500 [00:06<02:00,  3.93it/s]
  5%|5         | 26/500 [00:06<02:00,  3.94it/s]
  5%|5         | 27/500 [00:07<01:59,  3.94it/s]
  6%|5         | 28/500 [00:07<01:59,  3.95it/s]
  6%|5         | 29/500 [00:07<01:59,  3.95it/s]
  6%|6         | 30/500 [00:07<02:31,  3.11it/s]
  6%|6         | 31/500 [00:08<02:20,  3.33it/s]
  6%|6         | 32/500 [00:08<02:13,  3.49it/s]
  7%|6         | 33/500 [00:08<02:08,  3.63it/s]
  7%|6         | 34/500 [00:09<02:05,  3.71it/s]
  7%|7         | 35/500 [00:09<02:03,  3.78it/s]
  7%|7         | 36/500 [00:09<02:01,  3.82it/s]
  7%|7         | 37/500 [00:09<01:59,  3.86it/s]
  8%|7         | 38/500 [00:10<01:58,  3.88it/s]
  8%|7         | 39/500 [00:10<01:58,  3.90it/s]
  8%|8         | 40/500 [00:10<01:57,  3.92it/s]
  8%|8         | 41/500 [00:10<01:56,  3.93it/s]
  8%|8         | 42/500 [00:11<01:56,  3.93it/s]
  9%|8         | 43/500 [00:11<01:56,  3.92it/s]
  9%|8         | 44/500 [00:11<01:56,  3.92it/s]
  9%|9         | 45/500 [00:11<01:55,  3.93it/s]
  9%|9         | 46/500 [00:12<01:55,  3.94it/s]
  9%|9         | 47/500 [00:12<01:55,  3.92it/s]
 10%|9         | 48/500 [00:12<01:55,  3.92it/s]
 10%|9         | 49/500 [00:12<01:54,  3.93it/s]
 10%|#         | 50/500 [00:13<01:54,  3.92it/s]
 10%|#         | 51/500 [00:13<01:54,  3.91it/s]
 10%|#         | 52/500 [00:13<01:53,  3.95it/s]
 11%|#         | 53/500 [00:13<01:52,  3.97it/s]
 11%|#         | 54/500 [00:14<01:52,  3.97it/s]
 11%|#1        | 55/500 [00:14<01:52,  3.96it/s]
 11%|#1        | 56/500 [00:14<01:52,  3.96it/s]
 11%|#1        | 57/500 [00:14<01:52,  3.95it/s]
 12%|#1        | 58/500 [00:15<01:51,  3.95it/s]
 12%|#1        | 59/500 [00:15<02:23,  3.08it/s]
 12%|#2        | 60/500 [00:15<02:12,  3.32it/s]
 12%|#2        | 61/500 [00:16<02:05,  3.48it/s]
 12%|#2        | 62/500 [00:16<02:01,  3.61it/s]
 13%|#2        | 63/500 [00:16<01:58,  3.70it/s]
 13%|#2        | 64/500 [00:16<01:55,  3.78it/s]
 13%|#3        | 65/500 [00:17<01:53,  3.83it/s]
 13%|#3        | 66/500 [00:17<01:52,  3.85it/s]
 13%|#3        | 67/500 [00:17<01:51,  3.87it/s]
 14%|#3        | 68/500 [00:17<01:51,  3.88it/s]
 14%|#3        | 69/500 [00:18<01:51,  3.88it/s]
 14%|#4        | 70/500 [00:18<01:50,  3.88it/s]
 14%|#4        | 71/500 [00:18<01:50,  3.89it/s]
 14%|#4        | 72/500 [00:18<01:49,  3.90it/s]
 15%|#4        | 73/500 [00:19<01:49,  3.89it/s]
 15%|#4        | 74/500 [00:19<01:49,  3.89it/s]
 15%|#5        | 75/500 [00:19<01:49,  3.89it/s]
 15%|#5        | 76/500 [00:19<01:48,  3.89it/s]
 15%|#5        | 77/500 [00:20<01:48,  3.90it/s]
 16%|#5        | 78/500 [00:20<01:48,  3.91it/s]
 16%|#5        | 79/500 [00:20<01:47,  3.92it/s]
 16%|#6        | 80/500 [00:20<01:46,  3.93it/s]
 16%|#6        | 81/500 [00:21<01:46,  3.93it/s]
 16%|#6        | 82/500 [00:21<01:46,  3.92it/s]
 17%|#6        | 83/500 [00:21<01:46,  3.92it/s]
 17%|#6        | 84/500 [00:21<01:45,  3.93it/s]
 17%|#7        | 85/500 [00:22<01:45,  3.93it/s]
 17%|#7        | 86/500 [00:22<01:45,  3.93it/s]
 17%|#7        | 87/500 [00:22<01:45,  3.93it/s]
 18%|#7        | 88/500 [00:23<02:11,  3.13it/s]
 18%|#7        | 89/500 [00:23<02:02,  3.35it/s]
 18%|#8        | 90/500 [00:23<01:56,  3.51it/s]
 18%|#8        | 91/500 [00:23<01:53,  3.61it/s]
 18%|#8        | 92/500 [00:24<01:50,  3.69it/s]
 19%|#8        | 93/500 [00:24<01:48,  3.76it/s]
 19%|#8        | 94/500 [00:24<01:46,  3.81it/s]
 19%|#9        | 95/500 [00:24<01:45,  3.83it/s]
 19%|#9        | 96/500 [00:25<01:44,  3.86it/s]
 19%|#9        | 97/500 [00:25<01:43,  3.88it/s]
 20%|#9        | 98/500 [00:25<01:43,  3.90it/s]
 20%|#9        | 99/500 [00:25<01:42,  3.91it/s]
 20%|##        | 100/500 [00:26<01:42,  3.92it/s]
 20%|##        | 101/500 [00:26<01:41,  3.92it/s]
 20%|##        | 102/500 [00:26<01:41,  3.94it/s]
 21%|##        | 103/500 [00:27<01:40,  3.94it/s]
 21%|##        | 104/500 [00:27<01:40,  3.94it/s]
 21%|##1       | 105/500 [00:27<01:39,  3.96it/s]
 21%|##1       | 106/500 [00:27<01:39,  3.95it/s]
 21%|##1       | 107/500 [00:28<01:38,  3.98it/s]
 22%|##1       | 108/500 [00:28<01:39,  3.95it/s]
 22%|##1       | 109/500 [00:28<01:38,  3.96it/s]
 22%|##2       | 110/500 [00:28<01:38,  3.97it/s]
 22%|##2       | 111/500 [00:29<01:38,  3.96it/s]
 22%|##2       | 112/500 [00:29<01:37,  3.97it/s]
 23%|##2       | 113/500 [00:29<01:37,  3.97it/s]
 23%|##2       | 114/500 [00:29<01:36,  3.98it/s]
 23%|##3       | 115/500 [00:30<01:36,  3.98it/s]
 23%|##3       | 116/500 [00:30<01:36,  3.99it/s]
 23%|##3       | 117/500 [00:30<02:03,  3.09it/s]
 24%|##3       | 118/500 [00:31<01:55,  3.31it/s]
 24%|##3       | 119/500 [00:31<01:49,  3.47it/s]
 24%|##4       | 120/500 [00:31<01:45,  3.60it/s]
 24%|##4       | 121/500 [00:31<01:42,  3.69it/s]
 24%|##4       | 122/500 [00:32<01:40,  3.76it/s]
 25%|##4       | 123/500 [00:32<01:38,  3.83it/s]
 25%|##4       | 124/500 [00:32<01:37,  3.87it/s]
 25%|##5       | 125/500 [00:32<01:36,  3.90it/s]
 25%|##5       | 126/500 [00:33<01:35,  3.93it/s]
 25%|##5       | 127/500 [00:33<01:34,  3.94it/s]
 26%|##5       | 128/500 [00:33<01:34,  3.96it/s]
 26%|##5       | 129/500 [00:33<01:33,  3.96it/s]
 26%|##6       | 130/500 [00:34<01:32,  3.99it/s]
 26%|##6       | 131/500 [00:34<01:32,  3.99it/s]
 26%|##6       | 132/500 [00:34<01:31,  4.01it/s]
 27%|##6       | 133/500 [00:34<01:31,  4.02it/s]
 27%|##6       | 134/500 [00:35<01:31,  4.02it/s]
 27%|##7       | 135/500 [00:35<01:30,  4.02it/s]
 27%|##7       | 136/500 [00:35<01:29,  4.04it/s]
 27%|##7       | 137/500 [00:35<01:29,  4.06it/s]
 28%|##7       | 138/500 [00:36<01:29,  4.06it/s]
 28%|##7       | 139/500 [00:36<01:28,  4.06it/s]
 28%|##8       | 140/500 [00:36<01:28,  4.06it/s]
 28%|##8       | 141/500 [00:36<01:28,  4.05it/s]
 28%|##8       | 142/500 [00:37<01:27,  4.08it/s]
 29%|##8       | 143/500 [00:37<01:27,  4.10it/s]
 29%|##8       | 144/500 [00:37<01:26,  4.11it/s]
 29%|##9       | 145/500 [00:37<01:26,  4.11it/s]
 29%|##9       | 146/500 [00:38<01:49,  3.24it/s]
 29%|##9       | 147/500 [00:38<01:42,  3.45it/s]
 30%|##9       | 148/500 [00:38<01:37,  3.62it/s]
 30%|##9       | 149/500 [00:38<01:34,  3.73it/s]
 30%|###       | 150/500 [00:39<01:31,  3.82it/s]
 30%|###       | 151/500 [00:39<01:30,  3.86it/s]
 30%|###       | 152/500 [00:39<01:29,  3.90it/s]
 31%|###       | 153/500 [00:39<01:28,  3.92it/s]
 31%|###       | 154/500 [00:40<01:28,  3.93it/s]
 31%|###1      | 155/500 [00:40<01:27,  3.94it/s]
 31%|###1      | 156/500 [00:40<01:26,  3.96it/s]
 31%|###1      | 157/500 [00:40<01:26,  3.96it/s]
 32%|###1      | 158/500 [00:41<01:26,  3.97it/s]
 32%|###1      | 159/500 [00:41<01:25,  3.97it/s]
 32%|###2      | 160/500 [00:41<01:25,  3.98it/s]
 32%|###2      | 161/500 [00:41<01:25,  3.99it/s]
 32%|###2      | 162/500 [00:42<01:24,  3.98it/s]
 33%|###2      | 163/500 [00:42<01:24,  4.00it/s]
 33%|###2      | 164/500 [00:42<01:24,  4.00it/s]
 33%|###3      | 165/500 [00:42<01:23,  3.99it/s]
 33%|###3      | 166/500 [00:43<01:23,  4.00it/s]
 33%|###3      | 167/500 [00:43<01:23,  3.99it/s]
 34%|###3      | 168/500 [00:43<01:23,  3.99it/s]
 34%|###3      | 169/500 [00:43<01:22,  3.99it/s]
 34%|###4      | 170/500 [00:44<01:22,  3.99it/s]
 34%|###4      | 171/500 [00:44<01:22,  3.99it/s]
 34%|###4      | 172/500 [00:44<01:21,  4.03it/s]
 35%|###4      | 173/500 [00:44<01:20,  4.05it/s]
 35%|###4      | 174/500 [00:45<01:20,  4.04it/s]
 35%|###5      | 175/500 [00:45<01:41,  3.21it/s]
 35%|###5      | 176/500 [00:45<01:34,  3.44it/s]
 35%|###5      | 177/500 [00:46<01:29,  3.60it/s]
 36%|###5      | 178/500 [00:46<01:26,  3.72it/s]
 36%|###5      | 179/500 [00:46<01:24,  3.80it/s]
 36%|###6      | 180/500 [00:46<01:23,  3.85it/s]
 36%|###6      | 181/500 [00:47<01:21,  3.90it/s]
 36%|###6      | 182/500 [00:47<01:21,  3.93it/s]
 37%|###6      | 183/500 [00:47<01:20,  3.95it/s]
 37%|###6      | 184/500 [00:47<01:19,  3.97it/s]
 37%|###7      | 185/500 [00:48<01:19,  3.98it/s]
 37%|###7      | 186/500 [00:48<01:18,  3.99it/s]
 37%|###7      | 187/500 [00:48<01:18,  3.99it/s]
 38%|###7      | 188/500 [00:48<01:18,  4.00it/s]
 38%|###7      | 189/500 [00:49<01:17,  4.00it/s]
 38%|###8      | 190/500 [00:49<01:17,  4.00it/s]
 38%|###8      | 191/500 [00:49<01:17,  4.00it/s]
 38%|###8      | 192/500 [00:49<01:16,  4.00it/s]
 39%|###8      | 193/500 [00:50<01:16,  4.01it/s]
 39%|###8      | 194/500 [00:50<01:16,  4.01it/s]
 39%|###9      | 195/500 [00:50<01:16,  4.01it/s]
 39%|###9      | 196/500 [00:50<01:16,  4.00it/s]
 39%|###9      | 197/500 [00:51<01:15,  4.00it/s]
 40%|###9      | 198/500 [00:51<01:15,  4.00it/s]
 40%|###9      | 199/500 [00:51<01:15,  4.00it/s]
 40%|####      | 200/500 [00:51<01:14,  4.00it/s]
 40%|####      | 201/500 [00:52<01:14,  4.01it/s]
 40%|####      | 202/500 [00:52<01:14,  4.02it/s]
 41%|####      | 203/500 [00:52<01:13,  4.02it/s]
 41%|####      | 204/500 [00:53<01:32,  3.19it/s]
 41%|####1     | 205/500 [00:53<01:26,  3.43it/s]
 41%|####1     | 206/500 [00:53<01:22,  3.57it/s]
 41%|####1     | 207/500 [00:53<01:19,  3.69it/s]
 42%|####1     | 208/500 [00:54<01:17,  3.78it/s]
 42%|####1     | 209/500 [00:54<01:15,  3.85it/s]
 42%|####2     | 210/500 [00:54<01:14,  3.92it/s]
 42%|####2     | 211/500 [00:54<01:13,  3.95it/s]
 42%|####2     | 212/500 [00:55<01:12,  3.98it/s]
 43%|####2     | 213/500 [00:55<01:11,  4.02it/s]
 43%|####2     | 214/500 [00:55<01:10,  4.04it/s]
 43%|####3     | 215/500 [00:55<01:10,  4.06it/s]
 43%|####3     | 216/500 [00:56<01:10,  4.05it/s]
 43%|####3     | 217/500 [00:56<01:10,  4.03it/s]
 44%|####3     | 218/500 [00:56<01:10,  4.02it/s]
 44%|####3     | 219/500 [00:56<01:09,  4.02it/s]
 44%|####4     | 220/500 [00:57<01:09,  4.00it/s]
 44%|####4     | 221/500 [00:57<01:09,  4.00it/s]
 44%|####4     | 222/500 [00:57<01:09,  4.01it/s]
 45%|####4     | 223/500 [00:57<01:09,  4.00it/s]
 45%|####4     | 224/500 [00:58<01:08,  4.00it/s]
 45%|####5     | 225/500 [00:58<01:08,  3.99it/s]
 45%|####5     | 226/500 [00:58<01:08,  3.99it/s]
 45%|####5     | 227/500 [00:58<01:08,  3.99it/s]
 46%|####5     | 228/500 [00:59<01:08,  3.98it/s]
 46%|####5     | 229/500 [00:59<01:07,  4.00it/s]
 46%|####6     | 230/500 [00:59<01:07,  4.01it/s]
 46%|####6     | 231/500 [00:59<01:07,  4.01it/s]
 46%|####6     | 232/500 [01:00<01:06,  4.01it/s]
 47%|####6     | 233/500 [01:00<01:23,  3.19it/s]
 47%|####6     | 234/500 [01:00<01:18,  3.39it/s]
 47%|####6     | 235/500 [01:01<01:14,  3.55it/s]
 47%|####7     | 236/500 [01:01<01:11,  3.68it/s]
 47%|####7     | 237/500 [01:01<01:09,  3.77it/s]
 48%|####7     | 238/500 [01:01<01:08,  3.84it/s]
 48%|####7     | 239/500 [01:02<01:07,  3.89it/s]
 48%|####8     | 240/500 [01:02<01:06,  3.93it/s]
 48%|####8     | 241/500 [01:02<01:05,  3.95it/s]
 48%|####8     | 242/500 [01:02<01:04,  3.98it/s]
 49%|####8     | 243/500 [01:03<01:04,  3.99it/s]
 49%|####8     | 244/500 [01:03<01:04,  3.99it/s]
 49%|####9     | 245/500 [01:03<01:03,  4.00it/s]
 49%|####9     | 246/500 [01:03<01:03,  4.01it/s]
 49%|####9     | 247/500 [01:03<01:03,  4.02it/s]
 50%|####9     | 248/500 [01:04<01:02,  4.02it/s]
 50%|####9     | 249/500 [01:04<01:02,  4.04it/s]
 50%|#####     | 250/500 [01:04<01:02,  4.03it/s]
 50%|#####     | 251/500 [01:04<01:01,  4.04it/s]
 50%|#####     | 252/500 [01:05<01:01,  4.05it/s]
 51%|#####     | 253/500 [01:05<01:01,  4.04it/s]
 51%|#####     | 254/500 [01:05<01:01,  4.03it/s]
 51%|#####1    | 255/500 [01:05<01:00,  4.04it/s]
 51%|#####1    | 256/500 [01:06<01:00,  4.03it/s]
 51%|#####1    | 257/500 [01:06<01:00,  4.03it/s]
 52%|#####1    | 258/500 [01:06<01:00,  4.02it/s]
 52%|#####1    | 259/500 [01:06<00:59,  4.02it/s]
 52%|#####2    | 260/500 [01:07<00:59,  4.03it/s]
 52%|#####2    | 261/500 [01:07<00:59,  4.05it/s]
 52%|#####2    | 262/500 [01:07<01:15,  3.17it/s]
 53%|#####2    | 263/500 [01:08<01:09,  3.39it/s]
 53%|#####2    | 264/500 [01:08<01:06,  3.56it/s]
 53%|#####3    | 265/500 [01:08<01:03,  3.69it/s]
 53%|#####3    | 266/500 [01:08<01:01,  3.79it/s]
 53%|#####3    | 267/500 [01:09<01:00,  3.86it/s]
 54%|#####3    | 268/500 [01:09<00:59,  3.91it/s]
 54%|#####3    | 269/500 [01:09<00:58,  3.93it/s]
 54%|#####4    | 270/500 [01:09<00:58,  3.96it/s]
 54%|#####4    | 271/500 [01:10<00:57,  3.97it/s]
 54%|#####4    | 272/500 [01:10<00:57,  3.99it/s]
 55%|#####4    | 273/500 [01:10<00:56,  3.99it/s]
 55%|#####4    | 274/500 [01:10<00:56,  4.00it/s]
 55%|#####5    | 275/500 [01:11<00:56,  4.01it/s]
 55%|#####5    | 276/500 [01:11<00:55,  4.02it/s]
 55%|#####5    | 277/500 [01:11<00:55,  4.02it/s]
 56%|#####5    | 278/500 [01:11<00:55,  4.02it/s]
 56%|#####5    | 279/500 [01:12<00:55,  4.02it/s]
 56%|#####6    | 280/500 [01:12<00:54,  4.01it/s]
 56%|#####6    | 281/500 [01:12<00:54,  4.01it/s]
 56%|#####6    | 282/500 [01:12<00:54,  4.01it/s]
 57%|#####6    | 283/500 [01:13<00:54,  4.00it/s]
 57%|#####6    | 284/500 [01:13<00:54,  3.99it/s]
 57%|#####6    | 285/500 [01:13<00:53,  3.99it/s]
 57%|#####7    | 286/500 [01:13<00:53,  4.00it/s]
 57%|#####7    | 287/500 [01:14<00:53,  4.00it/s]
 58%|#####7    | 288/500 [01:14<00:53,  4.00it/s]
 58%|#####7    | 289/500 [01:14<00:52,  4.01it/s]
 58%|#####8    | 290/500 [01:14<00:52,  4.01it/s]
 58%|#####8    | 291/500 [01:15<01:05,  3.19it/s]
 58%|#####8    | 292/500 [01:15<01:00,  3.42it/s]
 59%|#####8    | 293/500 [01:15<00:57,  3.58it/s]
 59%|#####8    | 294/500 [01:16<00:55,  3.71it/s]
 59%|#####8    | 295/500 [01:16<00:54,  3.80it/s]
 59%|#####9    | 296/500 [01:16<00:52,  3.87it/s]
 59%|#####9    | 297/500 [01:16<00:51,  3.93it/s]
 60%|#####9    | 298/500 [01:17<00:50,  3.98it/s]
 60%|#####9    | 299/500 [01:17<00:50,  3.98it/s]
 60%|######    | 300/500 [01:17<00:49,  4.02it/s]
 60%|######    | 301/500 [01:17<00:49,  4.05it/s]
 60%|######    | 302/500 [01:18<00:49,  4.03it/s]
 61%|######    | 303/500 [01:18<00:48,  4.03it/s]
 61%|######    | 304/500 [01:18<00:48,  4.04it/s]
 61%|######1   | 305/500 [01:18<00:48,  4.03it/s]
 61%|######1   | 306/500 [01:19<00:48,  4.03it/s]
 61%|######1   | 307/500 [01:19<00:48,  4.01it/s]
 62%|######1   | 308/500 [01:19<00:47,  4.01it/s]
 62%|######1   | 309/500 [01:19<00:47,  4.02it/s]
 62%|######2   | 310/500 [01:20<00:47,  4.02it/s]
 62%|######2   | 311/500 [01:20<00:47,  4.01it/s]
 62%|######2   | 312/500 [01:20<00:46,  4.01it/s]
 63%|######2   | 313/500 [01:20<00:46,  4.00it/s]
 63%|######2   | 314/500 [01:21<00:46,  3.98it/s]
 63%|######3   | 315/500 [01:21<00:46,  3.98it/s]
 63%|######3   | 316/500 [01:21<00:45,  4.00it/s]
 63%|######3   | 317/500 [01:21<00:45,  4.02it/s]
 64%|######3   | 318/500 [01:22<00:45,  4.02it/s]
 64%|######3   | 319/500 [01:22<00:44,  4.03it/s]
 64%|######4   | 320/500 [01:22<00:56,  3.19it/s]
 64%|######4   | 321/500 [01:23<00:52,  3.41it/s]
 64%|######4   | 322/500 [01:23<00:49,  3.57it/s]
 65%|######4   | 323/500 [01:23<00:47,  3.69it/s]
 65%|######4   | 324/500 [01:23<00:46,  3.77it/s]
 65%|######5   | 325/500 [01:24<00:45,  3.83it/s]
 65%|######5   | 326/500 [01:24<00:44,  3.88it/s]
 65%|######5   | 327/500 [01:24<00:44,  3.91it/s]
 66%|######5   | 328/500 [01:24<00:43,  3.92it/s]
 66%|######5   | 329/500 [01:25<00:43,  3.94it/s]
 66%|######6   | 330/500 [01:25<00:42,  3.97it/s]
 66%|######6   | 331/500 [01:25<00:42,  3.98it/s]
 66%|######6   | 332/500 [01:25<00:42,  3.98it/s]
 67%|######6   | 333/500 [01:26<00:41,  3.99it/s]
 67%|######6   | 334/500 [01:26<00:41,  3.98it/s]
 67%|######7   | 335/500 [01:26<00:41,  3.97it/s]
 67%|######7   | 336/500 [01:26<00:41,  3.99it/s]
 67%|######7   | 337/500 [01:27<00:40,  3.99it/s]
 68%|######7   | 338/500 [01:27<00:40,  4.00it/s]
 68%|######7   | 339/500 [01:27<00:40,  3.99it/s]
 68%|######8   | 340/500 [01:27<00:40,  3.98it/s]
 68%|######8   | 341/500 [01:28<00:40,  3.97it/s]
 68%|######8   | 342/500 [01:28<00:39,  3.98it/s]
 69%|######8   | 343/500 [01:28<00:39,  3.99it/s]
 69%|######8   | 344/500 [01:28<00:39,  3.99it/s]
 69%|######9   | 345/500 [01:29<00:38,  4.00it/s]
 69%|######9   | 346/500 [01:29<00:38,  4.00it/s]
 69%|######9   | 347/500 [01:29<00:38,  4.02it/s]
 70%|######9   | 348/500 [01:29<00:37,  4.03it/s]
 70%|######9   | 349/500 [01:30<00:48,  3.14it/s]
 70%|#######   | 350/500 [01:30<00:44,  3.38it/s]
 70%|#######   | 351/500 [01:30<00:41,  3.56it/s]
 70%|#######   | 352/500 [01:31<00:40,  3.68it/s]
 71%|#######   | 353/500 [01:31<00:38,  3.78it/s]
 71%|#######   | 354/500 [01:31<00:38,  3.84it/s]
 71%|#######1  | 355/500 [01:31<00:37,  3.89it/s]
 71%|#######1  | 356/500 [01:32<00:36,  3.92it/s]
 71%|#######1  | 357/500 [01:32<00:36,  3.94it/s]
 72%|#######1  | 358/500 [01:32<00:35,  3.96it/s]
 72%|#######1  | 359/500 [01:32<00:35,  3.97it/s]
 72%|#######2  | 360/500 [01:33<00:35,  3.98it/s]
 72%|#######2  | 361/500 [01:33<00:34,  3.99it/s]
 72%|#######2  | 362/500 [01:33<00:34,  3.99it/s]
 73%|#######2  | 363/500 [01:33<00:34,  4.00it/s]
 73%|#######2  | 364/500 [01:34<00:33,  4.00it/s]
 73%|#######3  | 365/500 [01:34<00:33,  4.00it/s]
 73%|#######3  | 366/500 [01:34<00:33,  4.01it/s]
 73%|#######3  | 367/500 [01:34<00:33,  4.01it/s]
 74%|#######3  | 368/500 [01:35<00:32,  4.02it/s]
 74%|#######3  | 369/500 [01:35<00:32,  4.03it/s]
 74%|#######4  | 370/500 [01:35<00:32,  4.02it/s]
 74%|#######4  | 371/500 [01:35<00:32,  4.00it/s]
 74%|#######4  | 372/500 [01:36<00:32,  4.00it/s]
 75%|#######4  | 373/500 [01:36<00:31,  4.01it/s]
 75%|#######4  | 374/500 [01:36<00:31,  4.02it/s]
 75%|#######5  | 375/500 [01:36<00:31,  4.02it/s]
 75%|#######5  | 376/500 [01:36<00:30,  4.02it/s]
 75%|#######5  | 377/500 [01:37<00:30,  4.03it/s]
 76%|#######5  | 378/500 [01:37<00:38,  3.18it/s]
 76%|#######5  | 379/500 [01:37<00:35,  3.40it/s]
 76%|#######6  | 380/500 [01:38<00:33,  3.57it/s]
 76%|#######6  | 381/500 [01:38<00:31,  3.73it/s]
 76%|#######6  | 382/500 [01:38<00:30,  3.82it/s]
 77%|#######6  | 383/500 [01:38<00:30,  3.88it/s]
 77%|#######6  | 384/500 [01:39<00:29,  3.92it/s]
 77%|#######7  | 385/500 [01:39<00:29,  3.95it/s]
 77%|#######7  | 386/500 [01:39<00:28,  3.97it/s]
 77%|#######7  | 387/500 [01:39<00:28,  3.98it/s]
 78%|#######7  | 388/500 [01:40<00:28,  3.99it/s]
 78%|#######7  | 389/500 [01:40<00:27,  3.99it/s]
 78%|#######8  | 390/500 [01:40<00:27,  3.99it/s]
 78%|#######8  | 391/500 [01:40<00:27,  3.99it/s]
 78%|#######8  | 392/500 [01:41<00:27,  3.99it/s]
 79%|#######8  | 393/500 [01:41<00:26,  4.00it/s]
 79%|#######8  | 394/500 [01:41<00:26,  4.01it/s]
 79%|#######9  | 395/500 [01:41<00:26,  4.01it/s]
 79%|#######9  | 396/500 [01:42<00:25,  4.02it/s]
 79%|#######9  | 397/500 [01:42<00:25,  4.02it/s]
 80%|#######9  | 398/500 [01:42<00:25,  4.02it/s]
 80%|#######9  | 399/500 [01:42<00:25,  4.03it/s]
 80%|########  | 400/500 [01:43<00:24,  4.03it/s]
 80%|########  | 401/500 [01:43<00:24,  4.02it/s]
 80%|########  | 402/500 [01:43<00:24,  4.02it/s]
 81%|########  | 403/500 [01:43<00:24,  4.03it/s]
 81%|########  | 404/500 [01:44<00:23,  4.03it/s]
 81%|########1 | 405/500 [01:44<00:23,  4.03it/s]
 81%|########1 | 406/500 [01:44<00:23,  4.03it/s]
 81%|########1 | 407/500 [01:45<00:28,  3.21it/s]
 82%|########1 | 408/500 [01:45<00:26,  3.42it/s]
 82%|########1 | 409/500 [01:45<00:25,  3.57it/s]
 82%|########2 | 410/500 [01:45<00:24,  3.70it/s]
 82%|########2 | 411/500 [01:46<00:23,  3.79it/s]
 82%|########2 | 412/500 [01:46<00:22,  3.86it/s]
 83%|########2 | 413/500 [01:46<00:22,  3.90it/s]
 83%|########2 | 414/500 [01:46<00:21,  3.94it/s]
 83%|########2 | 415/500 [01:47<00:21,  3.95it/s]
 83%|########3 | 416/500 [01:47<00:21,  3.96it/s]
 83%|########3 | 417/500 [01:47<00:20,  3.97it/s]
 84%|########3 | 418/500 [01:47<00:20,  3.97it/s]
 84%|########3 | 419/500 [01:48<00:20,  3.98it/s]
 84%|########4 | 420/500 [01:48<00:20,  3.97it/s]
 84%|########4 | 421/500 [01:48<00:19,  3.97it/s]
 84%|########4 | 422/500 [01:48<00:19,  3.97it/s]
 85%|########4 | 423/500 [01:49<00:19,  3.96it/s]
 85%|########4 | 424/500 [01:49<00:19,  3.97it/s]
 85%|########5 | 425/500 [01:49<00:18,  3.99it/s]
 85%|########5 | 426/500 [01:49<00:18,  3.99it/s]
 85%|########5 | 427/500 [01:50<00:18,  3.99it/s]
 86%|########5 | 428/500 [01:50<00:18,  3.99it/s]
 86%|########5 | 429/500 [01:50<00:17,  3.98it/s]
 86%|########6 | 430/500 [01:50<00:17,  3.98it/s]
 86%|########6 | 431/500 [01:51<00:17,  3.98it/s]
 86%|########6 | 432/500 [01:51<00:17,  3.98it/s]
 87%|########6 | 433/500 [01:51<00:16,  3.99it/s]
 87%|########6 | 434/500 [01:51<00:16,  4.00it/s]
 87%|########7 | 435/500 [01:52<00:16,  4.00it/s]
 87%|########7 | 436/500 [01:52<00:20,  3.19it/s]
 87%|########7 | 437/500 [01:52<00:18,  3.42it/s]
 88%|########7 | 438/500 [01:53<00:17,  3.57it/s]
 88%|########7 | 439/500 [01:53<00:16,  3.71it/s]
 88%|########8 | 440/500 [01:53<00:15,  3.81it/s]
 88%|########8 | 441/500 [01:53<00:15,  3.86it/s]
 88%|########8 | 442/500 [01:54<00:14,  3.90it/s]
 89%|########8 | 443/500 [01:54<00:14,  3.92it/s]
 89%|########8 | 444/500 [01:54<00:14,  3.94it/s]
 89%|########9 | 445/500 [01:54<00:13,  3.98it/s]
 89%|########9 | 446/500 [01:55<00:13,  4.00it/s]
 89%|########9 | 447/500 [01:55<00:13,  4.02it/s]
 90%|########9 | 448/500 [01:55<00:12,  4.02it/s]
 90%|########9 | 449/500 [01:55<00:12,  4.01it/s]
 90%|######### | 450/500 [01:56<00:12,  4.01it/s]
 90%|######### | 451/500 [01:56<00:12,  4.00it/s]
 90%|######### | 452/500 [01:56<00:11,  4.00it/s]
 91%|######### | 453/500 [01:56<00:11,  4.03it/s]
 91%|######### | 454/500 [01:57<00:11,  4.03it/s]
 91%|#########1| 455/500 [01:57<00:11,  4.02it/s]
 91%|#########1| 456/500 [01:57<00:10,  4.01it/s]
 91%|#########1| 457/500 [01:57<00:10,  4.00it/s]
 92%|#########1| 458/500 [01:58<00:10,  4.03it/s]
 92%|#########1| 459/500 [01:58<00:10,  4.04it/s]
 92%|#########2| 460/500 [01:58<00:09,  4.03it/s]
 92%|#########2| 461/500 [01:58<00:09,  4.06it/s]
 92%|#########2| 462/500 [01:59<00:09,  4.08it/s]
 93%|#########2| 463/500 [01:59<00:09,  4.09it/s]
 93%|#########2| 464/500 [01:59<00:08,  4.09it/s]
 93%|#########3| 465/500 [01:59<00:10,  3.23it/s]
 93%|#########3| 466/500 [02:00<00:09,  3.44it/s]
 93%|#########3| 467/500 [02:00<00:09,  3.61it/s]
 94%|#########3| 468/500 [02:00<00:08,  3.72it/s]
 94%|#########3| 469/500 [02:00<00:08,  3.80it/s]
 94%|#########3| 470/500 [02:01<00:07,  3.86it/s]
 94%|#########4| 471/500 [02:01<00:07,  3.89it/s]
 94%|#########4| 472/500 [02:01<00:07,  3.92it/s]
 95%|#########4| 473/500 [02:01<00:06,  3.93it/s]
 95%|#########4| 474/500 [02:02<00:06,  3.94it/s]
 95%|#########5| 475/500 [02:02<00:06,  3.95it/s]
 95%|#########5| 476/500 [02:02<00:06,  3.96it/s]
 95%|#########5| 477/500 [02:02<00:05,  3.95it/s]
 96%|#########5| 478/500 [02:03<00:05,  3.96it/s]
 96%|#########5| 479/500 [02:03<00:05,  3.96it/s]
 96%|#########6| 480/500 [02:03<00:05,  3.97it/s]
 96%|#########6| 481/500 [02:04<00:04,  3.97it/s]
 96%|#########6| 482/500 [02:04<00:04,  3.97it/s]
 97%|#########6| 483/500 [02:04<00:04,  3.97it/s]
 97%|#########6| 484/500 [02:04<00:04,  3.97it/s]
 97%|#########7| 485/500 [02:05<00:03,  3.98it/s]
 97%|#########7| 486/500 [02:05<00:03,  3.98it/s]
 97%|#########7| 487/500 [02:05<00:03,  3.98it/s]
 98%|#########7| 488/500 [02:05<00:02,  4.00it/s]
 98%|#########7| 489/500 [02:06<00:02,  4.01it/s]
 98%|#########8| 490/500 [02:06<00:02,  4.01it/s]
 98%|#########8| 491/500 [02:06<00:02,  4.01it/s]
 98%|#########8| 492/500 [02:06<00:01,  4.01it/s]
 99%|#########8| 493/500 [02:07<00:01,  4.01it/s]
 99%|#########8| 494/500 [02:07<00:01,  3.14it/s]
 99%|#########9| 495/500 [02:07<00:01,  3.37it/s]
 99%|#########9| 496/500 [02:07<00:01,  3.54it/s]
 99%|#########9| 497/500 [02:08<00:00,  3.67it/s]
100%|#########9| 498/500 [02:08<00:00,  3.77it/s]
100%|#########9| 499/500 [02:08<00:00,  3.83it/s]
100%|##########| 500/500 [02:08<00:00,  3.89it/s]
100%|##########| 500/500 [02:08<00:00,  3.88it/s]
Train Epoch 26
{
    "Loss": 0.009491318680346012,
    "Optimizer/policy0_lr": 0.00010000000000000003,
    "Policy_Grad_Norms": 0.05370168374255105,
    "Time_Data_Loading": 0.09989312887191773,
    "Time_Epoch": 2.150331489245097,
    "Time_Log_Info": 0.02450750271479289,
    "Time_Process_Batch": 0.7617530147234599,
    "Time_Train_Batch": 1.2363559405008953
}

Epoch 26 Memory Usage: 2298 MB


  0%|          | 0/500 [00:00<?, ?it/s]
  0%|          | 1/500 [00:00<03:14,  2.56it/s]
  0%|          | 2/500 [00:00<02:31,  3.28it/s]
  1%|          | 3/500 [00:00<02:18,  3.59it/s]
  1%|          | 4/500 [00:01<02:12,  3.74it/s]
  1%|1         | 5/500 [00:01<02:09,  3.82it/s]
  1%|1         | 6/500 [00:01<02:07,  3.88it/s]
  1%|1         | 7/500 [00:01<02:06,  3.91it/s]
  2%|1         | 8/500 [00:02<02:05,  3.93it/s]
  2%|1         | 9/500 [00:02<02:04,  3.95it/s]
  2%|2         | 10/500 [00:02<02:03,  3.96it/s]
  2%|2         | 11/500 [00:02<02:03,  3.97it/s]
  2%|2         | 12/500 [00:03<02:02,  3.98it/s]
  3%|2         | 13/500 [00:03<02:02,  3.98it/s]
  3%|2         | 14/500 [00:03<02:01,  3.98it/s]
  3%|3         | 15/500 [00:03<02:01,  3.98it/s]
  3%|3         | 16/500 [00:04<02:01,  3.98it/s]
  3%|3         | 17/500 [00:04<02:01,  3.98it/s]
  4%|3         | 18/500 [00:04<02:00,  3.99it/s]
  4%|3         | 19/500 [00:04<01:59,  4.02it/s]
  4%|4         | 20/500 [00:05<01:59,  4.03it/s]
  4%|4         | 21/500 [00:05<01:58,  4.04it/s]
  4%|4         | 22/500 [00:05<01:58,  4.04it/s]
  5%|4         | 23/500 [00:05<01:58,  4.03it/s]
  5%|4         | 24/500 [00:06<01:58,  4.03it/s]
  5%|5         | 25/500 [00:06<01:57,  4.03it/s]
  5%|5         | 26/500 [00:06<01:57,  4.04it/s]
  5%|5         | 27/500 [00:06<01:57,  4.03it/s]
  6%|5         | 28/500 [00:07<01:57,  4.03it/s]
  6%|5         | 29/500 [00:07<01:56,  4.03it/s]
  6%|6         | 30/500 [00:07<02:27,  3.19it/s]
  6%|6         | 31/500 [00:08<02:17,  3.42it/s]
  6%|6         | 32/500 [00:08<02:10,  3.59it/s]
  7%|6         | 33/500 [00:08<02:06,  3.69it/s]
  7%|6         | 34/500 [00:08<02:03,  3.78it/s]
  7%|7         | 35/500 [00:09<02:01,  3.82it/s]
  7%|7         | 36/500 [00:09<01:59,  3.87it/s]
  7%|7         | 37/500 [00:09<01:58,  3.91it/s]
  8%|7         | 38/500 [00:09<01:57,  3.93it/s]
  8%|7         | 39/500 [00:10<01:56,  3.95it/s]
  8%|8         | 40/500 [00:10<01:56,  3.95it/s]
  8%|8         | 41/500 [00:10<01:56,  3.95it/s]
  8%|8         | 42/500 [00:10<01:55,  3.95it/s]
  9%|8         | 43/500 [00:11<01:55,  3.95it/s]
  9%|8         | 44/500 [00:11<01:55,  3.94it/s]
  9%|9         | 45/500 [00:11<01:55,  3.95it/s]
  9%|9         | 46/500 [00:11<01:55,  3.94it/s]
  9%|9         | 47/500 [00:12<01:55,  3.94it/s]
 10%|9         | 48/500 [00:12<01:54,  3.95it/s]
 10%|9         | 49/500 [00:12<01:54,  3.95it/s]
 10%|#         | 50/500 [00:12<01:53,  3.97it/s]
 10%|#         | 51/500 [00:13<01:52,  3.98it/s]
 10%|#         | 52/500 [00:13<01:52,  3.97it/s]
 11%|#         | 53/500 [00:13<01:52,  3.97it/s]
 11%|#         | 54/500 [00:13<01:52,  3.97it/s]
 11%|#1        | 55/500 [00:14<01:51,  3.98it/s]
 11%|#1        | 56/500 [00:14<01:51,  3.99it/s]
 11%|#1        | 57/500 [00:14<01:50,  4.00it/s]
 12%|#1        | 58/500 [00:14<01:50,  4.00it/s]
 12%|#1        | 59/500 [00:15<02:19,  3.15it/s]
 12%|#2        | 60/500 [00:15<02:09,  3.39it/s]
 12%|#2        | 61/500 [00:15<02:03,  3.56it/s]
 12%|#2        | 62/500 [00:16<01:59,  3.68it/s]
 13%|#2        | 63/500 [00:16<01:56,  3.76it/s]
 13%|#2        | 64/500 [00:16<01:54,  3.82it/s]
 13%|#3        | 65/500 [00:16<01:52,  3.86it/s]
 13%|#3        | 66/500 [00:17<01:51,  3.89it/s]
 13%|#3        | 67/500 [00:17<01:50,  3.93it/s]
 14%|#3        | 68/500 [00:17<01:49,  3.94it/s]
 14%|#3        | 69/500 [00:17<01:49,  3.95it/s]
 14%|#4        | 70/500 [00:18<01:49,  3.94it/s]
 14%|#4        | 71/500 [00:18<01:48,  3.95it/s]
 14%|#4        | 72/500 [00:18<01:48,  3.96it/s]
 15%|#4        | 73/500 [00:18<01:47,  3.96it/s]
 15%|#4        | 74/500 [00:19<01:47,  3.96it/s]
 15%|#5        | 75/500 [00:19<01:47,  3.95it/s]
 15%|#5        | 76/500 [00:19<01:46,  3.96it/s]
 15%|#5        | 77/500 [00:19<01:46,  3.96it/s]
 16%|#5        | 78/500 [00:20<01:45,  3.99it/s]
 16%|#5        | 79/500 [00:20<01:45,  3.99it/s]
 16%|#6        | 80/500 [00:20<01:45,  3.99it/s]
 16%|#6        | 81/500 [00:20<01:45,  3.99it/s]
 16%|#6        | 82/500 [00:21<01:44,  3.99it/s]
 17%|#6        | 83/500 [00:21<01:44,  3.98it/s]
 17%|#6        | 84/500 [00:21<01:44,  3.99it/s]
 17%|#7        | 85/500 [00:21<01:44,  3.99it/s]
 17%|#7        | 86/500 [00:22<01:43,  3.99it/s]
 17%|#7        | 87/500 [00:22<01:43,  3.99it/s]
 18%|#7        | 88/500 [00:22<02:10,  3.16it/s]
 18%|#7        | 89/500 [00:23<02:01,  3.39it/s]
 18%|#8        | 90/500 [00:23<01:55,  3.55it/s]
 18%|#8        | 91/500 [00:23<01:51,  3.67it/s]
 18%|#8        | 92/500 [00:23<01:48,  3.75it/s]
 19%|#8        | 93/500 [00:24<01:46,  3.82it/s]
 19%|#8        | 94/500 [00:24<01:44,  3.87it/s]
 19%|#9        | 95/500 [00:24<01:43,  3.90it/s]
 19%|#9        | 96/500 [00:24<01:42,  3.92it/s]
 19%|#9        | 97/500 [00:25<01:42,  3.94it/s]
 20%|#9        | 98/500 [00:25<01:41,  3.95it/s]
 20%|#9        | 99/500 [00:25<01:41,  3.96it/s]
 20%|##        | 100/500 [00:25<01:40,  3.96it/s]
 20%|##        | 101/500 [00:26<01:40,  3.96it/s]
 20%|##        | 102/500 [00:26<01:40,  3.97it/s]
 21%|##        | 103/500 [00:26<01:40,  3.96it/s]
 21%|##        | 104/500 [00:26<01:39,  3.97it/s]
 21%|##1       | 105/500 [00:27<01:39,  3.97it/s]
 21%|##1       | 106/500 [00:27<01:39,  3.96it/s]
 21%|##1       | 107/500 [00:27<01:39,  3.96it/s]
 22%|##1       | 108/500 [00:27<01:38,  3.97it/s]
 22%|##1       | 109/500 [00:28<01:38,  3.98it/s]
 22%|##2       | 110/500 [00:28<01:37,  3.98it/s]
 22%|##2       | 111/500 [00:28<01:37,  3.97it/s]
 22%|##2       | 112/500 [00:28<01:37,  3.96it/s]
 23%|##2       | 113/500 [00:29<01:37,  3.99it/s]
 23%|##2       | 114/500 [00:29<01:36,  4.01it/s]
 23%|##3       | 115/500 [00:29<01:35,  4.01it/s]
 23%|##3       | 116/500 [00:29<01:35,  4.02it/s]
 23%|##3       | 117/500 [00:30<02:00,  3.19it/s]
 24%|##3       | 118/500 [00:30<01:52,  3.39it/s]
 24%|##3       | 119/500 [00:30<01:47,  3.55it/s]
 24%|##4       | 120/500 [00:31<01:43,  3.68it/s]
 24%|##4       | 121/500 [00:31<01:40,  3.75it/s]
 24%|##4       | 122/500 [00:31<01:39,  3.82it/s]
 25%|##4       | 123/500 [00:31<01:37,  3.85it/s]
 25%|##4       | 124/500 [00:32<01:36,  3.89it/s]
 25%|##5       | 125/500 [00:32<01:34,  3.95it/s]
 25%|##5       | 126/500 [00:32<01:34,  3.98it/s]
 25%|##5       | 127/500 [00:32<01:33,  3.98it/s]
 26%|##5       | 128/500 [00:33<01:33,  3.99it/s]
 26%|##5       | 129/500 [00:33<01:33,  3.99it/s]
 26%|##6       | 130/500 [00:33<01:32,  3.99it/s]
 26%|##6       | 131/500 [00:33<01:32,  3.99it/s]
 26%|##6       | 132/500 [00:34<01:32,  3.97it/s]
 27%|##6       | 133/500 [00:34<01:32,  3.98it/s]
 27%|##6       | 134/500 [00:34<01:32,  3.97it/s]
 27%|##7       | 135/500 [00:34<01:31,  3.98it/s]
 27%|##7       | 136/500 [00:35<01:31,  3.98it/s]
 27%|##7       | 137/500 [00:35<01:31,  3.97it/s]
 28%|##7       | 138/500 [00:35<01:31,  3.97it/s]
 28%|##7       | 139/500 [00:35<01:30,  3.97it/s]
 28%|##8       | 140/500 [00:36<01:30,  3.97it/s]
 28%|##8       | 141/500 [00:36<01:30,  3.96it/s]
 28%|##8       | 142/500 [00:36<01:29,  3.98it/s]
 29%|##8       | 143/500 [00:36<01:29,  3.99it/s]
 29%|##8       | 144/500 [00:37<01:29,  3.99it/s]
 29%|##9       | 145/500 [00:37<01:29,  3.98it/s]
 29%|##9       | 146/500 [00:37<01:53,  3.12it/s]
 29%|##9       | 147/500 [00:38<01:45,  3.35it/s]
 30%|##9       | 148/500 [00:38<01:39,  3.52it/s]
 30%|##9       | 149/500 [00:38<01:35,  3.67it/s]
 30%|###       | 150/500 [00:38<01:32,  3.77it/s]
 30%|###       | 151/500 [00:39<01:30,  3.84it/s]
 30%|###       | 152/500 [00:39<01:29,  3.88it/s]
 31%|###       | 153/500 [00:39<01:28,  3.92it/s]
 31%|###       | 154/500 [00:39<01:28,  3.93it/s]
 31%|###1      | 155/500 [00:40<01:27,  3.94it/s]
 31%|###1      | 156/500 [00:40<01:27,  3.94it/s]
 31%|###1      | 157/500 [00:40<01:26,  3.94it/s]
 32%|###1      | 158/500 [00:40<01:26,  3.95it/s]
 32%|###1      | 159/500 [00:41<01:26,  3.96it/s]
 32%|###2      | 160/500 [00:41<01:25,  3.97it/s]
 32%|###2      | 161/500 [00:41<01:25,  3.97it/s]
 32%|###2      | 162/500 [00:41<01:24,  3.98it/s]
 33%|###2      | 163/500 [00:42<01:24,  3.98it/s]
 33%|###2      | 164/500 [00:42<01:24,  3.97it/s]
 33%|###3      | 165/500 [00:42<01:24,  3.97it/s]
 33%|###3      | 166/500 [00:42<01:23,  3.98it/s]
 33%|###3      | 167/500 [00:43<01:23,  3.98it/s]
 34%|###3      | 168/500 [00:43<01:23,  3.98it/s]
 34%|###3      | 169/500 [00:43<01:23,  3.97it/s]
 34%|###4      | 170/500 [00:43<01:23,  3.96it/s]
 34%|###4      | 171/500 [00:44<01:22,  3.97it/s]
 34%|###4      | 172/500 [00:44<01:22,  3.98it/s]
 35%|###4      | 173/500 [00:44<01:22,  3.98it/s]
 35%|###4      | 174/500 [00:44<01:21,  3.99it/s]
 35%|###5      | 175/500 [00:45<01:42,  3.17it/s]
 35%|###5      | 176/500 [00:45<01:35,  3.38it/s]
 35%|###5      | 177/500 [00:45<01:31,  3.54it/s]
 36%|###5      | 178/500 [00:46<01:27,  3.67it/s]
 36%|###5      | 179/500 [00:46<01:25,  3.74it/s]
 36%|###6      | 180/500 [00:46<01:23,  3.82it/s]
 36%|###6      | 181/500 [00:46<01:22,  3.87it/s]
 36%|###6      | 182/500 [00:47<01:21,  3.91it/s]
 37%|###6      | 183/500 [00:47<01:20,  3.94it/s]
 37%|###6      | 184/500 [00:47<01:20,  3.94it/s]
 37%|###7      | 185/500 [00:47<01:19,  3.95it/s]
 37%|###7      | 186/500 [00:48<01:19,  3.96it/s]
 37%|###7      | 187/500 [00:48<01:19,  3.96it/s]
 38%|###7      | 188/500 [00:48<01:18,  3.96it/s]
 38%|###7      | 189/500 [00:48<01:18,  3.98it/s]
 38%|###8      | 190/500 [00:49<01:17,  3.98it/s]
 38%|###8      | 191/500 [00:49<01:17,  3.98it/s]
 38%|###8      | 192/500 [00:49<01:17,  3.98it/s]
 39%|###8      | 193/500 [00:49<01:17,  3.98it/s]
 39%|###8      | 194/500 [00:50<01:16,  3.98it/s]
 39%|###9      | 195/500 [00:50<01:16,  3.98it/s]
 39%|###9      | 196/500 [00:50<01:16,  3.99it/s]
 39%|###9      | 197/500 [00:50<01:15,  4.00it/s]
 40%|###9      | 198/500 [00:51<01:15,  4.00it/s]
 40%|###9      | 199/500 [00:51<01:15,  4.00it/s]
 40%|####      | 200/500 [00:51<01:14,  4.01it/s]
 40%|####      | 201/500 [00:51<01:14,  4.01it/s]
 40%|####      | 202/500 [00:52<01:14,  4.01it/s]
 41%|####      | 203/500 [00:52<01:13,  4.01it/s]
 41%|####      | 204/500 [00:52<01:32,  3.18it/s]
 41%|####1     | 205/500 [00:53<01:26,  3.43it/s]
 41%|####1     | 206/500 [00:53<01:22,  3.58it/s]
 41%|####1     | 207/500 [00:53<01:19,  3.70it/s]
 42%|####1     | 208/500 [00:53<01:17,  3.79it/s]
 42%|####1     | 209/500 [00:54<01:15,  3.85it/s]
 42%|####2     | 210/500 [00:54<01:14,  3.90it/s]
 42%|####2     | 211/500 [00:54<01:13,  3.93it/s]
 42%|####2     | 212/500 [00:54<01:12,  3.95it/s]
 43%|####2     | 213/500 [00:55<01:12,  3.97it/s]
 43%|####2     | 214/500 [00:55<01:11,  3.97it/s]
 43%|####3     | 215/500 [00:55<01:11,  3.98it/s]
 43%|####3     | 216/500 [00:55<01:11,  3.99it/s]
 43%|####3     | 217/500 [00:56<01:10,  3.99it/s]
 44%|####3     | 218/500 [00:56<01:10,  3.98it/s]
 44%|####3     | 219/500 [00:56<01:10,  3.99it/s]
 44%|####4     | 220/500 [00:56<01:09,  4.02it/s]
 44%|####4     | 221/500 [00:57<01:09,  4.03it/s]
 44%|####4     | 222/500 [00:57<01:08,  4.04it/s]
 45%|####4     | 223/500 [00:57<01:08,  4.04it/s]
 45%|####4     | 224/500 [00:57<01:08,  4.02it/s]
 45%|####5     | 225/500 [00:58<01:08,  4.03it/s]
 45%|####5     | 226/500 [00:58<01:08,  4.03it/s]
 45%|####5     | 227/500 [00:58<01:08,  4.01it/s]
 46%|####5     | 228/500 [00:58<01:07,  4.01it/s]
 46%|####5     | 229/500 [00:59<01:07,  4.02it/s]
 46%|####6     | 230/500 [00:59<01:07,  4.02it/s]
 46%|####6     | 231/500 [00:59<01:06,  4.02it/s]
 46%|####6     | 232/500 [00:59<01:06,  4.04it/s]
 47%|####6     | 233/500 [01:00<01:24,  3.17it/s]
 47%|####6     | 234/500 [01:00<01:18,  3.41it/s]
 47%|####6     | 235/500 [01:00<01:14,  3.57it/s]
 47%|####7     | 236/500 [01:00<01:11,  3.70it/s]
 47%|####7     | 237/500 [01:01<01:08,  3.82it/s]
 48%|####7     | 238/500 [01:01<01:07,  3.88it/s]
 48%|####7     | 239/500 [01:01<01:06,  3.92it/s]
 48%|####8     | 240/500 [01:01<01:05,  3.96it/s]
 48%|####8     | 241/500 [01:02<01:05,  3.98it/s]
 48%|####8     | 242/500 [01:02<01:04,  4.00it/s]
 49%|####8     | 243/500 [01:02<01:04,  4.01it/s]
 49%|####8     | 244/500 [01:02<01:03,  4.01it/s]
 49%|####9     | 245/500 [01:03<01:03,  4.02it/s]
 49%|####9     | 246/500 [01:03<01:03,  4.02it/s]
 49%|####9     | 247/500 [01:03<01:02,  4.02it/s]
 50%|####9     | 248/500 [01:03<01:02,  4.03it/s]
 50%|####9     | 249/500 [01:04<01:02,  4.03it/s]
 50%|#####     | 250/500 [01:04<01:02,  4.03it/s]
 50%|#####     | 251/500 [01:04<01:01,  4.03it/s]
 50%|#####     | 252/500 [01:04<01:01,  4.03it/s]
 51%|#####     | 253/500 [01:05<01:01,  4.03it/s]
 51%|#####     | 254/500 [01:05<01:01,  4.03it/s]
 51%|#####1    | 255/500 [01:05<01:00,  4.03it/s]
 51%|#####1    | 256/500 [01:05<01:00,  4.02it/s]
 51%|#####1    | 257/500 [01:06<01:00,  4.02it/s]
 52%|#####1    | 258/500 [01:06<01:00,  4.03it/s]
 52%|#####1    | 259/500 [01:06<00:59,  4.02it/s]
 52%|#####2    | 260/500 [01:06<00:59,  4.02it/s]
 52%|#####2    | 261/500 [01:07<00:59,  4.01it/s]
 52%|#####2    | 262/500 [01:07<01:15,  3.13it/s]
 53%|#####2    | 263/500 [01:07<01:10,  3.37it/s]
 53%|#####2    | 264/500 [01:08<01:06,  3.54it/s]
 53%|#####3    | 265/500 [01:08<01:04,  3.67it/s]
 53%|#####3    | 266/500 [01:08<01:02,  3.77it/s]
 53%|#####3    | 267/500 [01:08<01:00,  3.83it/s]
 54%|#####3    | 268/500 [01:09<00:59,  3.89it/s]
 54%|#####3    | 269/500 [01:09<00:58,  3.92it/s]
 54%|#####4    | 270/500 [01:09<00:58,  3.94it/s]
 54%|#####4    | 271/500 [01:09<00:57,  3.96it/s]
 54%|#####4    | 272/500 [01:10<00:57,  3.97it/s]
 55%|#####4    | 273/500 [01:10<00:57,  3.98it/s]
 55%|#####4    | 274/500 [01:10<00:56,  4.00it/s]
 55%|#####5    | 275/500 [01:10<00:56,  4.01it/s]
 55%|#####5    | 276/500 [01:11<00:55,  4.01it/s]
 55%|#####5    | 277/500 [01:11<00:55,  4.01it/s]
 56%|#####5    | 278/500 [01:11<00:54,  4.04it/s]
 56%|#####5    | 279/500 [01:11<00:54,  4.07it/s]
 56%|#####6    | 280/500 [01:12<00:53,  4.10it/s]
 56%|#####6    | 281/500 [01:12<00:53,  4.07it/s]
 56%|#####6    | 282/500 [01:12<00:53,  4.06it/s]
 57%|#####6    | 283/500 [01:12<00:53,  4.05it/s]
 57%|#####6    | 284/500 [01:13<00:53,  4.04it/s]
 57%|#####6    | 285/500 [01:13<00:53,  4.03it/s]
 57%|#####7    | 286/500 [01:13<00:53,  4.03it/s]
 57%|#####7    | 287/500 [01:13<00:52,  4.02it/s]
 58%|#####7    | 288/500 [01:14<00:52,  4.02it/s]
 58%|#####7    | 289/500 [01:14<00:52,  4.02it/s]
 58%|#####8    | 290/500 [01:14<00:52,  4.01it/s]
 58%|#####8    | 291/500 [01:15<01:05,  3.18it/s]
 58%|#####8    | 292/500 [01:15<01:01,  3.40it/s]
 59%|#####8    | 293/500 [01:15<00:58,  3.56it/s]
 59%|#####8    | 294/500 [01:15<00:56,  3.67it/s]
 59%|#####8    | 295/500 [01:16<00:54,  3.77it/s]
 59%|#####9    | 296/500 [01:16<00:53,  3.82it/s]
 59%|#####9    | 297/500 [01:16<00:52,  3.88it/s]
 60%|#####9    | 298/500 [01:16<00:51,  3.91it/s]
 60%|#####9    | 299/500 [01:17<00:50,  3.97it/s]
 60%|######    | 300/500 [01:17<00:50,  3.98it/s]
 60%|######    | 301/500 [01:17<00:49,  3.98it/s]
 60%|######    | 302/500 [01:17<00:49,  3.98it/s]
 61%|######    | 303/500 [01:18<00:49,  3.98it/s]
 61%|######    | 304/500 [01:18<00:49,  3.99it/s]
 61%|######1   | 305/500 [01:18<00:49,  3.98it/s]
 61%|######1   | 306/500 [01:18<00:48,  3.98it/s]
 61%|######1   | 307/500 [01:19<00:48,  4.00it/s]
 62%|######1   | 308/500 [01:19<00:47,  4.04it/s]
 62%|######1   | 309/500 [01:19<00:47,  4.04it/s]
 62%|######2   | 310/500 [01:19<00:47,  4.04it/s]
 62%|######2   | 311/500 [01:20<00:46,  4.03it/s]
 62%|######2   | 312/500 [01:20<00:46,  4.02it/s]
 63%|######2   | 313/500 [01:20<00:46,  4.01it/s]
 63%|######2   | 314/500 [01:20<00:46,  3.99it/s]
 63%|######3   | 315/500 [01:21<00:46,  3.98it/s]
 63%|######3   | 316/500 [01:21<00:46,  3.99it/s]
 63%|######3   | 317/500 [01:21<00:45,  3.99it/s]
 64%|######3   | 318/500 [01:21<00:45,  4.00it/s]
 64%|######3   | 319/500 [01:22<00:45,  4.00it/s]
 64%|######4   | 320/500 [01:22<00:56,  3.17it/s]
 64%|######4   | 321/500 [01:22<00:52,  3.40it/s]
 64%|######4   | 322/500 [01:23<00:49,  3.56it/s]
 65%|######4   | 323/500 [01:23<00:47,  3.70it/s]
 65%|######4   | 324/500 [01:23<00:46,  3.77it/s]
 65%|######5   | 325/500 [01:23<00:45,  3.83it/s]
 65%|######5   | 326/500 [01:24<00:44,  3.87it/s]
 65%|######5   | 327/500 [01:24<00:44,  3.90it/s]
 66%|######5   | 328/500 [01:24<00:43,  3.92it/s]
 66%|######5   | 329/500 [01:24<00:43,  3.95it/s]
 66%|######6   | 330/500 [01:25<00:42,  3.97it/s]
 66%|######6   | 331/500 [01:25<00:42,  3.95it/s]
 66%|######6   | 332/500 [01:25<00:42,  3.96it/s]
 67%|######6   | 333/500 [01:25<00:41,  3.98it/s]
 67%|######6   | 334/500 [01:26<00:41,  3.98it/s]
 67%|######7   | 335/500 [01:26<00:41,  3.98it/s]
 67%|######7   | 336/500 [01:26<00:41,  3.99it/s]
 67%|######7   | 337/500 [01:26<00:40,  3.99it/s]
 68%|######7   | 338/500 [01:27<00:40,  4.00it/s]
 68%|######7   | 339/500 [01:27<00:40,  3.99it/s]
 68%|######8   | 340/500 [01:27<00:40,  3.98it/s]
 68%|######8   | 341/500 [01:27<00:39,  3.98it/s]
 68%|######8   | 342/500 [01:28<00:39,  3.98it/s]
 69%|######8   | 343/500 [01:28<00:39,  3.97it/s]
 69%|######8   | 344/500 [01:28<00:39,  3.98it/s]
 69%|######9   | 345/500 [01:28<00:38,  3.98it/s]
 69%|######9   | 346/500 [01:29<00:38,  3.99it/s]
 69%|######9   | 347/500 [01:29<00:38,  4.00it/s]
 70%|######9   | 348/500 [01:29<00:38,  4.00it/s]
 70%|######9   | 349/500 [01:30<00:47,  3.19it/s]
 70%|#######   | 350/500 [01:30<00:44,  3.41it/s]
 70%|#######   | 351/500 [01:30<00:41,  3.57it/s]
 70%|#######   | 352/500 [01:30<00:40,  3.69it/s]
 71%|#######   | 353/500 [01:31<00:38,  3.78it/s]
 71%|#######   | 354/500 [01:31<00:38,  3.82it/s]
 71%|#######1  | 355/500 [01:31<00:37,  3.86it/s]
 71%|#######1  | 356/500 [01:31<00:36,  3.91it/s]
 71%|#######1  | 357/500 [01:32<00:36,  3.94it/s]
 72%|#######1  | 358/500 [01:32<00:35,  3.96it/s]
 72%|#######1  | 359/500 [01:32<00:35,  3.96it/s]
 72%|#######2  | 360/500 [01:32<00:35,  3.96it/s]
 72%|#######2  | 361/500 [01:33<00:34,  3.99it/s]
 72%|#######2  | 362/500 [01:33<00:34,  4.00it/s]
 73%|#######2  | 363/500 [01:33<00:34,  3.99it/s]
 73%|#######2  | 364/500 [01:33<00:34,  4.00it/s]
 73%|#######3  | 365/500 [01:34<00:33,  3.99it/s]
 73%|#######3  | 366/500 [01:34<00:33,  3.99it/s]
 73%|#######3  | 367/500 [01:34<00:33,  3.99it/s]
 74%|#######3  | 368/500 [01:34<00:33,  3.99it/s]
 74%|#######3  | 369/500 [01:35<00:32,  4.00it/s]
 74%|#######4  | 370/500 [01:35<00:32,  3.97it/s]
 74%|#######4  | 371/500 [01:35<00:32,  3.97it/s]
 74%|#######4  | 372/500 [01:35<00:32,  3.97it/s]
 75%|#######4  | 373/500 [01:36<00:32,  3.96it/s]
 75%|#######4  | 374/500 [01:36<00:31,  3.97it/s]
 75%|#######5  | 375/500 [01:36<00:31,  3.98it/s]
 75%|#######5  | 376/500 [01:36<00:31,  3.98it/s]
 75%|#######5  | 377/500 [01:37<00:30,  4.00it/s]
 76%|#######5  | 378/500 [01:37<00:38,  3.17it/s]
 76%|#######5  | 379/500 [01:37<00:35,  3.40it/s]
 76%|#######6  | 380/500 [01:37<00:33,  3.56it/s]
 76%|#######6  | 381/500 [01:38<00:32,  3.68it/s]
 76%|#######6  | 382/500 [01:38<00:31,  3.76it/s]
 77%|#######6  | 383/500 [01:38<00:30,  3.83it/s]
 77%|#######6  | 384/500 [01:38<00:29,  3.89it/s]
 77%|#######7  | 385/500 [01:39<00:29,  3.93it/s]
 77%|#######7  | 386/500 [01:39<00:28,  3.96it/s]
 77%|#######7  | 387/500 [01:39<00:28,  3.97it/s]
 78%|#######7  | 388/500 [01:39<00:28,  3.97it/s]
 78%|#######7  | 389/500 [01:40<00:27,  3.98it/s]
 78%|#######8  | 390/500 [01:40<00:27,  3.99it/s]
 78%|#######8  | 391/500 [01:40<00:27,  3.99it/s]
 78%|#######8  | 392/500 [01:40<00:27,  3.99it/s]
 79%|#######8  | 393/500 [01:41<00:26,  3.99it/s]
 79%|#######8  | 394/500 [01:41<00:26,  3.99it/s]
 79%|#######9  | 395/500 [01:41<00:26,  4.00it/s]
 79%|#######9  | 396/500 [01:41<00:26,  3.99it/s]
 79%|#######9  | 397/500 [01:42<00:25,  3.99it/s]
 80%|#######9  | 398/500 [01:42<00:25,  3.99it/s]
 80%|#######9  | 399/500 [01:42<00:25,  3.99it/s]
 80%|########  | 400/500 [01:42<00:25,  3.99it/s]
 80%|########  | 401/500 [01:43<00:24,  3.99it/s]
 80%|########  | 402/500 [01:43<00:24,  3.99it/s]
 81%|########  | 403/500 [01:43<00:24,  4.00it/s]
 81%|########  | 404/500 [01:43<00:24,  4.00it/s]
 81%|########1 | 405/500 [01:44<00:23,  3.99it/s]
 81%|########1 | 406/500 [01:44<00:23,  3.99it/s]
 81%|########1 | 407/500 [01:44<00:29,  3.19it/s]
 82%|########1 | 408/500 [01:45<00:26,  3.41it/s]
 82%|########1 | 409/500 [01:45<00:25,  3.58it/s]
 82%|########2 | 410/500 [01:45<00:24,  3.69it/s]
 82%|########2 | 411/500 [01:45<00:23,  3.79it/s]
 82%|########2 | 412/500 [01:46<00:22,  3.84it/s]
 83%|########2 | 413/500 [01:46<00:22,  3.88it/s]
 83%|########2 | 414/500 [01:46<00:21,  3.91it/s]
 83%|########2 | 415/500 [01:46<00:21,  3.93it/s]
 83%|########3 | 416/500 [01:47<00:21,  3.93it/s]
 83%|########3 | 417/500 [01:47<00:21,  3.94it/s]
 84%|########3 | 418/500 [01:47<00:20,  3.94it/s]
 84%|########3 | 419/500 [01:47<00:20,  3.95it/s]
 84%|########4 | 420/500 [01:48<00:20,  3.96it/s]
 84%|########4 | 421/500 [01:48<00:19,  3.96it/s]
 84%|########4 | 422/500 [01:48<00:19,  3.96it/s]
 85%|########4 | 423/500 [01:48<00:19,  3.96it/s]
 85%|########4 | 424/500 [01:49<00:19,  3.97it/s]
 85%|########5 | 425/500 [01:49<00:18,  3.97it/s]
 85%|########5 | 426/500 [01:49<00:18,  3.97it/s]
 85%|########5 | 427/500 [01:49<00:18,  3.96it/s]
 86%|########5 | 428/500 [01:50<00:18,  3.95it/s]
 86%|########5 | 429/500 [01:50<00:17,  3.96it/s]
 86%|########6 | 430/500 [01:50<00:17,  3.95it/s]
 86%|########6 | 431/500 [01:51<00:17,  3.95it/s]
 86%|########6 | 432/500 [01:51<00:17,  3.96it/s]
 87%|########6 | 433/500 [01:51<00:16,  3.97it/s]
 87%|########6 | 434/500 [01:51<00:16,  3.97it/s]
 87%|########7 | 435/500 [01:52<00:16,  3.98it/s]
 87%|########7 | 436/500 [01:52<00:20,  3.12it/s]
 87%|########7 | 437/500 [01:52<00:18,  3.35it/s]
 88%|########7 | 438/500 [01:52<00:17,  3.51it/s]
 88%|########7 | 439/500 [01:53<00:16,  3.63it/s]
 88%|########8 | 440/500 [01:53<00:16,  3.74it/s]
 88%|########8 | 441/500 [01:53<00:15,  3.80it/s]
 88%|########8 | 442/500 [01:53<00:15,  3.85it/s]
 89%|########8 | 443/500 [01:54<00:14,  3.89it/s]
 89%|########8 | 444/500 [01:54<00:14,  3.91it/s]
 89%|########9 | 445/500 [01:54<00:13,  3.93it/s]
 89%|########9 | 446/500 [01:55<00:13,  3.94it/s]
 89%|########9 | 447/500 [01:55<00:13,  3.95it/s]
 90%|########9 | 448/500 [01:55<00:13,  3.96it/s]
 90%|########9 | 449/500 [01:55<00:12,  3.96it/s]
 90%|######### | 450/500 [01:56<00:12,  3.96it/s]
 90%|######### | 451/500 [01:56<00:12,  3.96it/s]
 90%|######### | 452/500 [01:56<00:12,  3.96it/s]
 91%|######### | 453/500 [01:56<00:11,  3.96it/s]
 91%|######### | 454/500 [01:57<00:11,  3.96it/s]
 91%|#########1| 455/500 [01:57<00:11,  3.96it/s]
 91%|#########1| 456/500 [01:57<00:11,  3.96it/s]
 91%|#########1| 457/500 [01:57<00:10,  3.97it/s]
 92%|#########1| 458/500 [01:58<00:10,  3.96it/s]
 92%|#########1| 459/500 [01:58<00:10,  3.97it/s]
 92%|#########2| 460/500 [01:58<00:10,  3.96it/s]
 92%|#########2| 461/500 [01:58<00:09,  3.98it/s]
 92%|#########2| 462/500 [01:59<00:09,  3.99it/s]
 93%|#########2| 463/500 [01:59<00:09,  4.00it/s]
 93%|#########2| 464/500 [01:59<00:09,  4.00it/s]
 93%|#########3| 465/500 [02:00<00:11,  3.14it/s]
 93%|#########3| 466/500 [02:00<00:10,  3.38it/s]
 93%|#########3| 467/500 [02:00<00:09,  3.56it/s]
 94%|#########3| 468/500 [02:00<00:08,  3.69it/s]
 94%|#########3| 469/500 [02:00<00:08,  3.78it/s]
 94%|#########3| 470/500 [02:01<00:07,  3.83it/s]
 94%|#########4| 471/500 [02:01<00:07,  3.87it/s]
 94%|#########4| 472/500 [02:01<00:07,  3.91it/s]
 95%|#########4| 473/500 [02:02<00:06,  3.92it/s]
 95%|#########4| 474/500 [02:02<00:06,  3.94it/s]
 95%|#########5| 475/500 [02:02<00:06,  3.96it/s]
 95%|#########5| 476/500 [02:02<00:06,  3.98it/s]
 95%|#########5| 477/500 [02:03<00:05,  3.98it/s]
 96%|#########5| 478/500 [02:03<00:05,  3.99it/s]
 96%|#########5| 479/500 [02:03<00:05,  3.99it/s]
 96%|#########6| 480/500 [02:03<00:05,  3.99it/s]
 96%|#########6| 481/500 [02:04<00:04,  3.99it/s]
 96%|#########6| 482/500 [02:04<00:04,  3.98it/s]
 97%|#########6| 483/500 [02:04<00:04,  3.98it/s]
 97%|#########6| 484/500 [02:04<00:04,  3.98it/s]
 97%|#########7| 485/500 [02:05<00:03,  3.99it/s]
 97%|#########7| 486/500 [02:05<00:03,  3.99it/s]
 97%|#########7| 487/500 [02:05<00:03,  3.99it/s]
 98%|#########7| 488/500 [02:05<00:03,  3.99it/s]
 98%|#########7| 489/500 [02:06<00:02,  3.99it/s]
 98%|#########8| 490/500 [02:06<00:02,  4.00it/s]
 98%|#########8| 491/500 [02:06<00:02,  4.01it/s]
 98%|#########8| 492/500 [02:06<00:01,  4.02it/s]
 99%|#########8| 493/500 [02:07<00:01,  4.01it/s]
 99%|#########8| 494/500 [02:07<00:01,  3.12it/s]
 99%|#########9| 495/500 [02:07<00:01,  3.35it/s]
 99%|#########9| 496/500 [02:07<00:01,  3.51it/s]
 99%|#########9| 497/500 [02:08<00:00,  3.65it/s]
100%|#########9| 498/500 [02:08<00:00,  3.75it/s]
100%|#########9| 499/500 [02:08<00:00,  3.83it/s]
100%|##########| 500/500 [02:08<00:00,  3.89it/s]
100%|##########| 500/500 [02:08<00:00,  3.88it/s]
Train Epoch 27
{
    "Loss": 0.00931465180311352,
    "Optimizer/policy0_lr": 0.00010000000000000003,
    "Policy_Grad_Norms": 0.054125463548030085,
    "Time_Data_Loading": 0.10072147051493327,
    "Time_Epoch": 2.150556969642639,
    "Time_Log_Info": 0.02454444169998169,
    "Time_Process_Batch": 0.7613820274670918,
    "Time_Train_Batch": 1.236255156993866
}

Epoch 27 Memory Usage: 2298 MB


  0%|          | 0/500 [00:00<?, ?it/s]
  0%|          | 1/500 [00:00<03:15,  2.55it/s]
  0%|          | 2/500 [00:00<02:31,  3.28it/s]
  1%|          | 3/500 [00:00<02:18,  3.58it/s]
  1%|          | 4/500 [00:01<02:12,  3.75it/s]
  1%|1         | 5/500 [00:01<02:09,  3.83it/s]
  1%|1         | 6/500 [00:01<02:07,  3.87it/s]
  1%|1         | 7/500 [00:01<02:06,  3.91it/s]
  2%|1         | 8/500 [00:02<02:04,  3.94it/s]
  2%|1         | 9/500 [00:02<02:04,  3.96it/s]
  2%|2         | 10/500 [00:02<02:03,  3.98it/s]
  2%|2         | 11/500 [00:02<02:02,  3.99it/s]
  2%|2         | 12/500 [00:03<02:02,  3.98it/s]
  3%|2         | 13/500 [00:03<02:02,  3.99it/s]
  3%|2         | 14/500 [00:03<02:01,  4.00it/s]
  3%|3         | 15/500 [00:03<02:01,  4.00it/s]
  3%|3         | 16/500 [00:04<02:01,  3.99it/s]
  3%|3         | 17/500 [00:04<02:00,  4.00it/s]
  4%|3         | 18/500 [00:04<02:00,  3.99it/s]
  4%|3         | 19/500 [00:04<02:00,  4.00it/s]
  4%|4         | 20/500 [00:05<02:00,  4.00it/s]
  4%|4         | 21/500 [00:05<01:59,  4.00it/s]
  4%|4         | 22/500 [00:05<01:59,  4.01it/s]
  5%|4         | 23/500 [00:05<01:59,  4.00it/s]
  5%|4         | 24/500 [00:06<01:58,  4.00it/s]
  5%|5         | 25/500 [00:06<01:58,  4.00it/s]
  5%|5         | 26/500 [00:06<01:58,  4.01it/s]
  5%|5         | 27/500 [00:06<01:57,  4.01it/s]
  6%|5         | 28/500 [00:07<01:57,  4.01it/s]
  6%|5         | 29/500 [00:07<01:57,  4.01it/s]
  6%|6         | 30/500 [00:07<02:27,  3.18it/s]
  6%|6         | 31/500 [00:08<02:18,  3.39it/s]
  6%|6         | 32/500 [00:08<02:11,  3.57it/s]
  7%|6         | 33/500 [00:08<02:06,  3.69it/s]
  7%|6         | 34/500 [00:08<02:03,  3.78it/s]
  7%|7         | 35/500 [00:09<02:00,  3.85it/s]
  7%|7         | 36/500 [00:09<01:59,  3.89it/s]
  7%|7         | 37/500 [00:09<01:57,  3.93it/s]
  8%|7         | 38/500 [00:09<01:57,  3.94it/s]
  8%|7         | 39/500 [00:10<01:56,  3.95it/s]
  8%|8         | 40/500 [00:10<01:56,  3.95it/s]
  8%|8         | 41/500 [00:10<01:56,  3.95it/s]
  8%|8         | 42/500 [00:10<01:55,  3.96it/s]
  9%|8         | 43/500 [00:11<01:54,  3.98it/s]
  9%|8         | 44/500 [00:11<01:54,  3.98it/s]
  9%|9         | 45/500 [00:11<01:54,  3.98it/s]
  9%|9         | 46/500 [00:11<01:53,  3.99it/s]
  9%|9         | 47/500 [00:12<01:53,  3.98it/s]
 10%|9         | 48/500 [00:12<01:53,  3.98it/s]
 10%|9         | 49/500 [00:12<01:53,  3.99it/s]
 10%|#         | 50/500 [00:12<01:52,  4.00it/s]
 10%|#         | 51/500 [00:13<01:52,  3.99it/s]
 10%|#         | 52/500 [00:13<01:52,  3.98it/s]
 11%|#         | 53/500 [00:13<01:52,  3.97it/s]
 11%|#         | 54/500 [00:13<01:52,  3.96it/s]
 11%|#1        | 55/500 [00:14<01:51,  3.98it/s]
 11%|#1        | 56/500 [00:14<01:51,  3.98it/s]
 11%|#1        | 57/500 [00:14<01:51,  3.99it/s]
 12%|#1        | 58/500 [00:14<01:50,  4.00it/s]
 12%|#1        | 59/500 [00:15<02:19,  3.16it/s]
 12%|#2        | 60/500 [00:15<02:09,  3.40it/s]
 12%|#2        | 61/500 [00:15<02:03,  3.57it/s]
 12%|#2        | 62/500 [00:16<01:58,  3.70it/s]
 13%|#2        | 63/500 [00:16<01:55,  3.79it/s]
 13%|#2        | 64/500 [00:16<01:53,  3.85it/s]
 13%|#3        | 65/500 [00:16<01:51,  3.90it/s]
 13%|#3        | 66/500 [00:17<01:50,  3.94it/s]
 13%|#3        | 67/500 [00:17<01:49,  3.97it/s]
 14%|#3        | 68/500 [00:17<01:48,  3.98it/s]
 14%|#3        | 69/500 [00:17<01:48,  3.99it/s]
 14%|#4        | 70/500 [00:18<01:47,  4.00it/s]
 14%|#4        | 71/500 [00:18<01:47,  4.00it/s]
 14%|#4        | 72/500 [00:18<01:47,  4.00it/s]
 15%|#4        | 73/500 [00:18<01:46,  3.99it/s]
 15%|#4        | 74/500 [00:19<01:46,  3.99it/s]
 15%|#5        | 75/500 [00:19<01:45,  4.02it/s]
 15%|#5        | 76/500 [00:19<01:44,  4.04it/s]
 15%|#5        | 77/500 [00:19<01:44,  4.03it/s]
 16%|#5        | 78/500 [00:20<01:44,  4.02it/s]
 16%|#5        | 79/500 [00:20<01:44,  4.02it/s]
 16%|#6        | 80/500 [00:20<01:44,  4.02it/s]
 16%|#6        | 81/500 [00:20<01:44,  4.00it/s]
 16%|#6        | 82/500 [00:21<01:44,  3.99it/s]
 17%|#6        | 83/500 [00:21<01:44,  3.99it/s]
 17%|#6        | 84/500 [00:21<01:44,  4.00it/s]
 17%|#7        | 85/500 [00:21<01:43,  4.00it/s]
 17%|#7        | 86/500 [00:22<01:43,  4.01it/s]
 17%|#7        | 87/500 [00:22<01:42,  4.02it/s]
 18%|#7        | 88/500 [00:22<02:10,  3.16it/s]
 18%|#7        | 89/500 [00:23<02:00,  3.40it/s]
 18%|#8        | 90/500 [00:23<01:55,  3.56it/s]
 18%|#8        | 91/500 [00:23<01:51,  3.68it/s]
 18%|#8        | 92/500 [00:23<01:48,  3.75it/s]
 19%|#8        | 93/500 [00:24<01:46,  3.82it/s]
 19%|#8        | 94/500 [00:24<01:44,  3.87it/s]
 19%|#9        | 95/500 [00:24<01:44,  3.89it/s]
 19%|#9        | 96/500 [00:24<01:43,  3.91it/s]
 19%|#9        | 97/500 [00:25<01:42,  3.92it/s]
 20%|#9        | 98/500 [00:25<01:42,  3.92it/s]
 20%|#9        | 99/500 [00:25<01:42,  3.92it/s]
 20%|##        | 100/500 [00:25<01:41,  3.95it/s]
 20%|##        | 101/500 [00:26<01:41,  3.94it/s]
 20%|##        | 102/500 [00:26<01:40,  3.96it/s]
 21%|##        | 103/500 [00:26<01:39,  3.98it/s]
 21%|##        | 104/500 [00:26<01:39,  3.98it/s]
 21%|##1       | 105/500 [00:27<01:39,  3.99it/s]
 21%|##1       | 106/500 [00:27<01:39,  3.98it/s]
 21%|##1       | 107/500 [00:27<01:38,  3.99it/s]
 22%|##1       | 108/500 [00:27<01:38,  3.99it/s]
 22%|##1       | 109/500 [00:28<01:37,  4.00it/s]
 22%|##2       | 110/500 [00:28<01:37,  3.99it/s]
 22%|##2       | 111/500 [00:28<01:37,  3.98it/s]
 22%|##2       | 112/500 [00:28<01:37,  3.97it/s]
 23%|##2       | 113/500 [00:29<01:37,  3.97it/s]
 23%|##2       | 114/500 [00:29<01:36,  4.00it/s]
 23%|##3       | 115/500 [00:29<01:35,  4.01it/s]
 23%|##3       | 116/500 [00:29<01:35,  4.03it/s]
 23%|##3       | 117/500 [00:30<01:59,  3.20it/s]
 24%|##3       | 118/500 [00:30<01:51,  3.42it/s]
 24%|##3       | 119/500 [00:30<01:46,  3.57it/s]
 24%|##4       | 120/500 [00:31<01:43,  3.69it/s]
 24%|##4       | 121/500 [00:31<01:40,  3.78it/s]
 24%|##4       | 122/500 [00:31<01:38,  3.84it/s]
 25%|##4       | 123/500 [00:31<01:37,  3.88it/s]
 25%|##4       | 124/500 [00:32<01:36,  3.90it/s]
 25%|##5       | 125/500 [00:32<01:35,  3.93it/s]
 25%|##5       | 126/500 [00:32<01:34,  3.95it/s]
 25%|##5       | 127/500 [00:32<01:33,  3.97it/s]
 26%|##5       | 128/500 [00:33<01:33,  3.98it/s]
 26%|##5       | 129/500 [00:33<01:33,  3.97it/s]
 26%|##6       | 130/500 [00:33<01:33,  3.97it/s]
 26%|##6       | 131/500 [00:33<01:32,  3.98it/s]
 26%|##6       | 132/500 [00:34<01:32,  3.98it/s]
 27%|##6       | 133/500 [00:34<01:32,  3.98it/s]
 27%|##6       | 134/500 [00:34<01:31,  3.98it/s]
 27%|##7       | 135/500 [00:34<01:31,  3.99it/s]
 27%|##7       | 136/500 [00:35<01:31,  3.98it/s]
 27%|##7       | 137/500 [00:35<01:31,  3.98it/s]
 28%|##7       | 138/500 [00:35<01:30,  3.98it/s]
 28%|##7       | 139/500 [00:35<01:30,  3.98it/s]
 28%|##8       | 140/500 [00:36<01:30,  3.98it/s]
 28%|##8       | 141/500 [00:36<01:30,  3.97it/s]
 28%|##8       | 142/500 [00:36<01:29,  3.99it/s]
 29%|##8       | 143/500 [00:36<01:29,  3.99it/s]
 29%|##8       | 144/500 [00:37<01:29,  4.00it/s]
 29%|##9       | 145/500 [00:37<01:28,  4.00it/s]
 29%|##9       | 146/500 [00:37<01:51,  3.19it/s]
 29%|##9       | 147/500 [00:37<01:43,  3.42it/s]
 30%|##9       | 148/500 [00:38<01:38,  3.59it/s]
 30%|##9       | 149/500 [00:38<01:34,  3.70it/s]
 30%|###       | 150/500 [00:38<01:32,  3.79it/s]
 30%|###       | 151/500 [00:38<01:30,  3.85it/s]
 30%|###       | 152/500 [00:39<01:29,  3.89it/s]
 31%|###       | 153/500 [00:39<01:27,  3.94it/s]
 31%|###       | 154/500 [00:39<01:26,  3.99it/s]
 31%|###1      | 155/500 [00:39<01:26,  3.98it/s]
 31%|###1      | 156/500 [00:40<01:26,  4.00it/s]
 31%|###1      | 157/500 [00:40<01:25,  4.01it/s]
 32%|###1      | 158/500 [00:40<01:25,  4.00it/s]
 32%|###1      | 159/500 [00:40<01:25,  4.01it/s]
 32%|###2      | 160/500 [00:41<01:24,  4.01it/s]
 32%|###2      | 161/500 [00:41<01:24,  4.03it/s]
 32%|###2      | 162/500 [00:41<01:23,  4.03it/s]
 33%|###2      | 163/500 [00:41<01:23,  4.02it/s]
 33%|###2      | 164/500 [00:42<01:23,  4.01it/s]
 33%|###3      | 165/500 [00:42<01:23,  4.01it/s]
 33%|###3      | 166/500 [00:42<01:23,  4.01it/s]
 33%|###3      | 167/500 [00:42<01:23,  3.99it/s]
 34%|###3      | 168/500 [00:43<01:22,  4.00it/s]
 34%|###3      | 169/500 [00:43<01:22,  4.00it/s]
 34%|###4      | 170/500 [00:43<01:22,  4.01it/s]
 34%|###4      | 171/500 [00:43<01:21,  4.02it/s]
 34%|###4      | 172/500 [00:44<01:21,  4.02it/s]
 35%|###4      | 173/500 [00:44<01:21,  4.02it/s]
 35%|###4      | 174/500 [00:44<01:20,  4.02it/s]
 35%|###5      | 175/500 [00:45<01:41,  3.19it/s]
 35%|###5      | 176/500 [00:45<01:35,  3.40it/s]
 35%|###5      | 177/500 [00:45<01:30,  3.56it/s]
 36%|###5      | 178/500 [00:45<01:27,  3.67it/s]
 36%|###5      | 179/500 [00:46<01:25,  3.76it/s]
 36%|###6      | 180/500 [00:46<01:23,  3.82it/s]
 36%|###6      | 181/500 [00:46<01:22,  3.87it/s]
 36%|###6      | 182/500 [00:46<01:21,  3.89it/s]
 37%|###6      | 183/500 [00:47<01:21,  3.91it/s]
 37%|###6      | 184/500 [00:47<01:20,  3.93it/s]
 37%|###7      | 185/500 [00:47<01:19,  3.95it/s]
 37%|###7      | 186/500 [00:47<01:19,  3.95it/s]
 37%|###7      | 187/500 [00:48<01:19,  3.96it/s]
 38%|###7      | 188/500 [00:48<01:18,  3.95it/s]
 38%|###7      | 189/500 [00:48<01:18,  3.96it/s]
 38%|###8      | 190/500 [00:48<01:17,  3.98it/s]
 38%|###8      | 191/500 [00:49<01:17,  3.97it/s]
 38%|###8      | 192/500 [00:49<01:17,  3.99it/s]
 39%|###8      | 193/500 [00:49<01:16,  3.99it/s]
 39%|###8      | 194/500 [00:49<01:16,  3.99it/s]
 39%|###9      | 195/500 [00:50<01:16,  3.98it/s]
 39%|###9      | 196/500 [00:50<01:16,  3.98it/s]
 39%|###9      | 197/500 [00:50<01:16,  3.98it/s]
 40%|###9      | 198/500 [00:50<01:15,  3.99it/s]
 40%|###9      | 199/500 [00:51<01:15,  3.98it/s]
 40%|####      | 200/500 [00:51<01:15,  3.99it/s]
 40%|####      | 201/500 [00:51<01:14,  3.99it/s]
 40%|####      | 202/500 [00:51<01:14,  4.01it/s]
 41%|####      | 203/500 [00:52<01:14,  4.01it/s]
 41%|####      | 204/500 [00:52<01:33,  3.18it/s]
 41%|####1     | 205/500 [00:52<01:26,  3.41it/s]
 41%|####1     | 206/500 [00:53<01:22,  3.58it/s]
 41%|####1     | 207/500 [00:53<01:18,  3.71it/s]
 42%|####1     | 208/500 [00:53<01:16,  3.80it/s]
 42%|####1     | 209/500 [00:53<01:15,  3.86it/s]
 42%|####2     | 210/500 [00:54<01:14,  3.90it/s]
 42%|####2     | 211/500 [00:54<01:13,  3.93it/s]
 42%|####2     | 212/500 [00:54<01:12,  3.96it/s]
 43%|####2     | 213/500 [00:54<01:12,  3.96it/s]
 43%|####2     | 214/500 [00:55<01:11,  3.98it/s]
 43%|####3     | 215/500 [00:55<01:11,  3.98it/s]
 43%|####3     | 216/500 [00:55<01:11,  3.99it/s]
 43%|####3     | 217/500 [00:55<01:10,  3.99it/s]
 44%|####3     | 218/500 [00:56<01:10,  4.00it/s]
 44%|####3     | 219/500 [00:56<01:10,  3.99it/s]
 44%|####4     | 220/500 [00:56<01:10,  3.99it/s]
 44%|####4     | 221/500 [00:56<01:10,  3.99it/s]
 44%|####4     | 222/500 [00:57<01:10,  3.97it/s]
 45%|####4     | 223/500 [00:57<01:09,  3.96it/s]
 45%|####4     | 224/500 [00:57<01:09,  3.97it/s]
 45%|####5     | 225/500 [00:57<01:09,  3.97it/s]
 45%|####5     | 226/500 [00:58<01:09,  3.97it/s]
 45%|####5     | 227/500 [00:58<01:08,  3.99it/s]
 46%|####5     | 228/500 [00:58<01:08,  3.99it/s]
 46%|####5     | 229/500 [00:58<01:07,  4.01it/s]
 46%|####6     | 230/500 [00:59<01:07,  4.01it/s]
 46%|####6     | 231/500 [00:59<01:07,  4.01it/s]
 46%|####6     | 232/500 [00:59<01:06,  4.00it/s]
 47%|####6     | 233/500 [01:00<01:24,  3.15it/s]
 47%|####6     | 234/500 [01:00<01:18,  3.39it/s]
 47%|####6     | 235/500 [01:00<01:14,  3.56it/s]
 47%|####7     | 236/500 [01:00<01:11,  3.69it/s]
 47%|####7     | 237/500 [01:01<01:09,  3.78it/s]
 48%|####7     | 238/500 [01:01<01:08,  3.84it/s]
 48%|####7     | 239/500 [01:01<01:07,  3.88it/s]
 48%|####8     | 240/500 [01:01<01:06,  3.92it/s]
 48%|####8     | 241/500 [01:02<01:05,  3.95it/s]
 48%|####8     | 242/500 [01:02<01:05,  3.96it/s]
 49%|####8     | 243/500 [01:02<01:04,  3.98it/s]
 49%|####8     | 244/500 [01:02<01:04,  3.98it/s]
 49%|####9     | 245/500 [01:03<01:04,  3.98it/s]
 49%|####9     | 246/500 [01:03<01:03,  3.99it/s]
 49%|####9     | 247/500 [01:03<01:03,  4.00it/s]
 50%|####9     | 248/500 [01:03<01:03,  3.99it/s]
 50%|####9     | 249/500 [01:04<01:02,  3.99it/s]
 50%|#####     | 250/500 [01:04<01:02,  3.98it/s]
 50%|#####     | 251/500 [01:04<01:02,  3.98it/s]
 50%|#####     | 252/500 [01:04<01:02,  3.99it/s]
 51%|#####     | 253/500 [01:05<01:01,  3.99it/s]
 51%|#####     | 254/500 [01:05<01:01,  3.99it/s]
 51%|#####1    | 255/500 [01:05<01:01,  3.99it/s]
 51%|#####1    | 256/500 [01:05<01:01,  3.98it/s]
 51%|#####1    | 257/500 [01:06<01:00,  3.99it/s]
 52%|#####1    | 258/500 [01:06<01:00,  4.00it/s]
 52%|#####1    | 259/500 [01:06<01:00,  3.99it/s]
 52%|#####2    | 260/500 [01:06<01:00,  3.99it/s]
 52%|#####2    | 261/500 [01:07<00:59,  3.99it/s]
 52%|#####2    | 262/500 [01:07<01:16,  3.12it/s]
 53%|#####2    | 263/500 [01:07<01:10,  3.35it/s]
 53%|#####2    | 264/500 [01:08<01:06,  3.52it/s]
 53%|#####3    | 265/500 [01:08<01:04,  3.65it/s]
 53%|#####3    | 266/500 [01:08<01:02,  3.75it/s]
 53%|#####3    | 267/500 [01:08<01:01,  3.82it/s]
 54%|#####3    | 268/500 [01:09<01:00,  3.86it/s]
 54%|#####3    | 269/500 [01:09<00:59,  3.89it/s]
 54%|#####4    | 270/500 [01:09<00:58,  3.92it/s]
 54%|#####4    | 271/500 [01:09<00:58,  3.92it/s]
 54%|#####4    | 272/500 [01:10<00:57,  3.93it/s]
 55%|#####4    | 273/500 [01:10<00:57,  3.94it/s]
 55%|#####4    | 274/500 [01:10<00:57,  3.95it/s]
 55%|#####5    | 275/500 [01:10<00:56,  3.96it/s]
 55%|#####5    | 276/500 [01:11<00:56,  3.98it/s]
 55%|#####5    | 277/500 [01:11<00:55,  3.98it/s]
 56%|#####5    | 278/500 [01:11<00:55,  4.00it/s]
 56%|#####5    | 279/500 [01:11<00:55,  4.00it/s]
 56%|#####6    | 280/500 [01:12<00:55,  3.99it/s]
 56%|#####6    | 281/500 [01:12<00:54,  3.99it/s]
 56%|#####6    | 282/500 [01:12<00:54,  4.02it/s]
 57%|#####6    | 283/500 [01:12<00:53,  4.04it/s]
 57%|#####6    | 284/500 [01:13<00:53,  4.02it/s]
 57%|#####6    | 285/500 [01:13<00:53,  4.01it/s]
 57%|#####7    | 286/500 [01:13<00:53,  4.00it/s]
 57%|#####7    | 287/500 [01:13<00:53,  4.01it/s]
 58%|#####7    | 288/500 [01:14<00:52,  4.02it/s]
 58%|#####7    | 289/500 [01:14<00:52,  4.02it/s]
 58%|#####8    | 290/500 [01:14<00:52,  4.02it/s]
 58%|#####8    | 291/500 [01:15<01:05,  3.18it/s]
 58%|#####8    | 292/500 [01:15<01:01,  3.40it/s]
 59%|#####8    | 293/500 [01:15<00:58,  3.56it/s]
 59%|#####8    | 294/500 [01:15<00:56,  3.68it/s]
 59%|#####8    | 295/500 [01:16<00:54,  3.77it/s]
 59%|#####9    | 296/500 [01:16<00:53,  3.83it/s]
 59%|#####9    | 297/500 [01:16<00:52,  3.86it/s]
 60%|#####9    | 298/500 [01:16<00:51,  3.88it/s]
 60%|#####9    | 299/500 [01:17<00:51,  3.90it/s]
 60%|######    | 300/500 [01:17<00:51,  3.91it/s]
 60%|######    | 301/500 [01:17<00:50,  3.94it/s]
 60%|######    | 302/500 [01:17<00:50,  3.95it/s]
 61%|######    | 303/500 [01:18<00:49,  3.94it/s]
 61%|######    | 304/500 [01:18<00:49,  3.94it/s]
 61%|######1   | 305/500 [01:18<00:49,  3.95it/s]
 61%|######1   | 306/500 [01:18<00:48,  3.96it/s]
 61%|######1   | 307/500 [01:19<00:48,  3.95it/s]
 62%|######1   | 308/500 [01:19<00:48,  3.95it/s]
 62%|######1   | 309/500 [01:19<00:48,  3.95it/s]
 62%|######2   | 310/500 [01:19<00:47,  3.96it/s]
 62%|######2   | 311/500 [01:20<00:47,  3.97it/s]
 62%|######2   | 312/500 [01:20<00:47,  3.97it/s]
 63%|######2   | 313/500 [01:20<00:47,  3.97it/s]
 63%|######2   | 314/500 [01:20<00:46,  3.97it/s]
 63%|######3   | 315/500 [01:21<00:46,  3.97it/s]
 63%|######3   | 316/500 [01:21<00:46,  3.98it/s]
 63%|######3   | 317/500 [01:21<00:45,  3.99it/s]
 64%|######3   | 318/500 [01:21<00:45,  4.00it/s]
 64%|######3   | 319/500 [01:22<00:45,  4.02it/s]
 64%|######4   | 320/500 [01:22<00:57,  3.14it/s]
 64%|######4   | 321/500 [01:22<00:53,  3.37it/s]
 64%|######4   | 322/500 [01:23<00:50,  3.55it/s]
 65%|######4   | 323/500 [01:23<00:47,  3.69it/s]
 65%|######4   | 324/500 [01:23<00:46,  3.77it/s]
 65%|######5   | 325/500 [01:23<00:45,  3.83it/s]
 65%|######5   | 326/500 [01:24<00:44,  3.87it/s]
 65%|######5   | 327/500 [01:24<00:44,  3.91it/s]
 66%|######5   | 328/500 [01:24<00:43,  3.94it/s]
 66%|######5   | 329/500 [01:24<00:43,  3.96it/s]
 66%|######6   | 330/500 [01:25<00:42,  3.99it/s]
 66%|######6   | 331/500 [01:25<00:42,  3.99it/s]
 66%|######6   | 332/500 [01:25<00:42,  3.99it/s]
 67%|######6   | 333/500 [01:25<00:41,  4.00it/s]
 67%|######6   | 334/500 [01:26<00:41,  4.00it/s]
 67%|######7   | 335/500 [01:26<00:41,  4.00it/s]
 67%|######7   | 336/500 [01:26<00:40,  4.01it/s]
 67%|######7   | 337/500 [01:26<00:40,  4.01it/s]
 68%|######7   | 338/500 [01:27<00:40,  4.01it/s]
 68%|######7   | 339/500 [01:27<00:40,  4.01it/s]
 68%|######8   | 340/500 [01:27<00:39,  4.02it/s]
 68%|######8   | 341/500 [01:27<00:39,  4.02it/s]
 68%|######8   | 342/500 [01:28<00:39,  4.03it/s]
 69%|######8   | 343/500 [01:28<00:39,  4.02it/s]
 69%|######8   | 344/500 [01:28<00:38,  4.01it/s]
 69%|######9   | 345/500 [01:28<00:38,  4.01it/s]
 69%|######9   | 346/500 [01:29<00:38,  4.02it/s]
 69%|######9   | 347/500 [01:29<00:38,  4.02it/s]
 70%|######9   | 348/500 [01:29<00:37,  4.03it/s]
 70%|######9   | 349/500 [01:30<00:47,  3.17it/s]
 70%|#######   | 350/500 [01:30<00:44,  3.39it/s]
 70%|#######   | 351/500 [01:30<00:41,  3.57it/s]
 70%|#######   | 352/500 [01:30<00:40,  3.68it/s]
 71%|#######   | 353/500 [01:31<00:38,  3.78it/s]
 71%|#######   | 354/500 [01:31<00:38,  3.83it/s]
 71%|#######1  | 355/500 [01:31<00:37,  3.87it/s]
 71%|#######1  | 356/500 [01:31<00:36,  3.90it/s]
 71%|#######1  | 357/500 [01:32<00:36,  3.91it/s]
 72%|#######1  | 358/500 [01:32<00:36,  3.93it/s]
 72%|#######1  | 359/500 [01:32<00:35,  3.94it/s]
 72%|#######2  | 360/500 [01:32<00:35,  3.97it/s]
 72%|#######2  | 361/500 [01:33<00:34,  3.97it/s]
 72%|#######2  | 362/500 [01:33<00:34,  3.98it/s]
 73%|#######2  | 363/500 [01:33<00:34,  3.99it/s]
 73%|#######2  | 364/500 [01:33<00:33,  4.00it/s]
 73%|#######3  | 365/500 [01:34<00:33,  4.00it/s]
 73%|#######3  | 366/500 [01:34<00:33,  3.99it/s]
 73%|#######3  | 367/500 [01:34<00:33,  4.00it/s]
 74%|#######3  | 368/500 [01:34<00:33,  4.00it/s]
 74%|#######3  | 369/500 [01:35<00:32,  4.00it/s]
 74%|#######4  | 370/500 [01:35<00:32,  3.99it/s]
 74%|#######4  | 371/500 [01:35<00:32,  3.99it/s]
 74%|#######4  | 372/500 [01:35<00:32,  3.98it/s]
 75%|#######4  | 373/500 [01:36<00:31,  3.98it/s]
 75%|#######4  | 374/500 [01:36<00:31,  3.98it/s]
 75%|#######5  | 375/500 [01:36<00:31,  3.99it/s]
 75%|#######5  | 376/500 [01:36<00:31,  4.00it/s]
 75%|#######5  | 377/500 [01:37<00:30,  4.00it/s]
 76%|#######5  | 378/500 [01:37<00:38,  3.18it/s]
 76%|#######5  | 379/500 [01:37<00:35,  3.40it/s]
 76%|#######6  | 380/500 [01:38<00:33,  3.57it/s]
 76%|#######6  | 381/500 [01:38<00:32,  3.69it/s]
 76%|#######6  | 382/500 [01:38<00:31,  3.78it/s]
 77%|#######6  | 383/500 [01:38<00:30,  3.84it/s]
 77%|#######6  | 384/500 [01:39<00:29,  3.89it/s]
 77%|#######7  | 385/500 [01:39<00:29,  3.93it/s]
 77%|#######7  | 386/500 [01:39<00:28,  3.95it/s]
 77%|#######7  | 387/500 [01:39<00:28,  3.98it/s]
 78%|#######7  | 388/500 [01:40<00:28,  3.97it/s]
 78%|#######7  | 389/500 [01:40<00:28,  3.96it/s]
 78%|#######8  | 390/500 [01:40<00:27,  3.98it/s]
 78%|#######8  | 391/500 [01:40<00:27,  3.98it/s]
 78%|#######8  | 392/500 [01:41<00:27,  3.98it/s]
 79%|#######8  | 393/500 [01:41<00:26,  3.98it/s]
 79%|#######8  | 394/500 [01:41<00:26,  3.99it/s]
 79%|#######9  | 395/500 [01:41<00:26,  3.99it/s]
 79%|#######9  | 396/500 [01:42<00:26,  3.99it/s]
 79%|#######9  | 397/500 [01:42<00:25,  4.01it/s]
 80%|#######9  | 398/500 [01:42<00:25,  4.00it/s]
 80%|#######9  | 399/500 [01:42<00:25,  4.00it/s]
 80%|########  | 400/500 [01:43<00:25,  3.99it/s]
 80%|########  | 401/500 [01:43<00:24,  3.99it/s]
 80%|########  | 402/500 [01:43<00:24,  4.00it/s]
 81%|########  | 403/500 [01:43<00:24,  4.00it/s]
 81%|########  | 404/500 [01:44<00:23,  4.01it/s]
 81%|########1 | 405/500 [01:44<00:23,  4.01it/s]
 81%|########1 | 406/500 [01:44<00:23,  4.01it/s]
 81%|########1 | 407/500 [01:44<00:29,  3.17it/s]
 82%|########1 | 408/500 [01:45<00:26,  3.41it/s]
 82%|########1 | 409/500 [01:45<00:25,  3.57it/s]
 82%|########2 | 410/500 [01:45<00:24,  3.69it/s]
 82%|########2 | 411/500 [01:45<00:23,  3.78it/s]
 82%|########2 | 412/500 [01:46<00:22,  3.84it/s]
 83%|########2 | 413/500 [01:46<00:22,  3.89it/s]
 83%|########2 | 414/500 [01:46<00:21,  3.93it/s]
 83%|########2 | 415/500 [01:46<00:21,  3.94it/s]
 83%|########3 | 416/500 [01:47<00:21,  3.94it/s]
 83%|########3 | 417/500 [01:47<00:21,  3.95it/s]
 84%|########3 | 418/500 [01:47<00:20,  3.96it/s]
 84%|########3 | 419/500 [01:47<00:20,  3.97it/s]
 84%|########4 | 420/500 [01:48<00:20,  3.97it/s]
 84%|########4 | 421/500 [01:48<00:19,  3.98it/s]
 84%|########4 | 422/500 [01:48<00:19,  3.98it/s]
 85%|########4 | 423/500 [01:48<00:19,  3.98it/s]
 85%|########4 | 424/500 [01:49<00:19,  3.98it/s]
 85%|########5 | 425/500 [01:49<00:18,  3.98it/s]
 85%|########5 | 426/500 [01:49<00:18,  3.98it/s]
 85%|########5 | 427/500 [01:49<00:18,  3.97it/s]
 86%|########5 | 428/500 [01:50<00:18,  3.97it/s]
 86%|########5 | 429/500 [01:50<00:17,  3.97it/s]
 86%|########6 | 430/500 [01:50<00:17,  3.97it/s]
 86%|########6 | 431/500 [01:50<00:17,  3.99it/s]
 86%|########6 | 432/500 [01:51<00:17,  3.99it/s]
 87%|########6 | 433/500 [01:51<00:16,  4.00it/s]
 87%|########6 | 434/500 [01:51<00:16,  4.00it/s]
 87%|########7 | 435/500 [01:51<00:16,  3.99it/s]
 87%|########7 | 436/500 [01:52<00:20,  3.17it/s]
 87%|########7 | 437/500 [01:52<00:18,  3.40it/s]
 88%|########7 | 438/500 [01:52<00:17,  3.55it/s]
 88%|########7 | 439/500 [01:53<00:16,  3.66it/s]
 88%|########8 | 440/500 [01:53<00:15,  3.78it/s]
 88%|########8 | 441/500 [01:53<00:15,  3.86it/s]
 88%|########8 | 442/500 [01:53<00:14,  3.91it/s]
 89%|########8 | 443/500 [01:54<00:14,  3.94it/s]
 89%|########8 | 444/500 [01:54<00:14,  3.96it/s]
 89%|########9 | 445/500 [01:54<00:13,  3.98it/s]
 89%|########9 | 446/500 [01:54<00:13,  3.98it/s]
 89%|########9 | 447/500 [01:55<00:13,  3.98it/s]
 90%|########9 | 448/500 [01:55<00:13,  3.99it/s]
 90%|########9 | 449/500 [01:55<00:12,  3.99it/s]
 90%|######### | 450/500 [01:55<00:12,  3.99it/s]
 90%|######### | 451/500 [01:56<00:12,  3.98it/s]
 90%|######### | 452/500 [01:56<00:12,  3.98it/s]
 91%|######### | 453/500 [01:56<00:11,  3.99it/s]
 91%|######### | 454/500 [01:56<00:11,  3.97it/s]
 91%|#########1| 455/500 [01:57<00:11,  3.97it/s]
 91%|#########1| 456/500 [01:57<00:11,  3.99it/s]
 91%|#########1| 457/500 [01:57<00:10,  4.00it/s]
 92%|#########1| 458/500 [01:57<00:10,  4.00it/s]
 92%|#########1| 459/500 [01:58<00:10,  4.00it/s]
 92%|#########2| 460/500 [01:58<00:09,  4.00it/s]
 92%|#########2| 461/500 [01:58<00:09,  4.00it/s]
 92%|#########2| 462/500 [01:58<00:09,  3.99it/s]
 93%|#########2| 463/500 [01:59<00:09,  3.99it/s]
 93%|#########2| 464/500 [01:59<00:09,  3.99it/s]
 93%|#########3| 465/500 [01:59<00:11,  3.16it/s]
 93%|#########3| 466/500 [02:00<00:10,  3.40it/s]
 93%|#########3| 467/500 [02:00<00:09,  3.56it/s]
 94%|#########3| 468/500 [02:00<00:08,  3.70it/s]
 94%|#########3| 469/500 [02:00<00:08,  3.79it/s]
 94%|#########3| 470/500 [02:01<00:07,  3.86it/s]
 94%|#########4| 471/500 [02:01<00:07,  3.91it/s]
 94%|#########4| 472/500 [02:01<00:07,  3.94it/s]
 95%|#########4| 473/500 [02:01<00:06,  3.96it/s]
 95%|#########4| 474/500 [02:02<00:06,  3.97it/s]
 95%|#########5| 475/500 [02:02<00:06,  3.98it/s]
 95%|#########5| 476/500 [02:02<00:06,  3.98it/s]
 95%|#########5| 477/500 [02:02<00:05,  3.99it/s]
 96%|#########5| 478/500 [02:03<00:05,  3.99it/s]
 96%|#########5| 479/500 [02:03<00:05,  4.00it/s]
 96%|#########6| 480/500 [02:03<00:04,  4.00it/s]
 96%|#########6| 481/500 [02:03<00:04,  4.01it/s]
 96%|#########6| 482/500 [02:04<00:04,  4.01it/s]
 97%|#########6| 483/500 [02:04<00:04,  4.01it/s]
 97%|#########6| 484/500 [02:04<00:03,  4.01it/s]
 97%|#########7| 485/500 [02:04<00:03,  4.01it/s]
 97%|#########7| 486/500 [02:05<00:03,  4.00it/s]
 97%|#########7| 487/500 [02:05<00:03,  3.99it/s]
 98%|#########7| 488/500 [02:05<00:03,  3.98it/s]
 98%|#########7| 489/500 [02:05<00:02,  3.98it/s]
 98%|#########8| 490/500 [02:06<00:02,  3.99it/s]
 98%|#########8| 491/500 [02:06<00:02,  3.99it/s]
 98%|#########8| 492/500 [02:06<00:02,  3.99it/s]
 99%|#########8| 493/500 [02:06<00:01,  3.99it/s]
 99%|#########8| 494/500 [02:07<00:01,  3.18it/s]
 99%|#########9| 495/500 [02:07<00:01,  3.41it/s]
 99%|#########9| 496/500 [02:07<00:01,  3.57it/s]
 99%|#########9| 497/500 [02:08<00:00,  3.69it/s]
100%|#########9| 498/500 [02:08<00:00,  3.78it/s]
100%|#########9| 499/500 [02:08<00:00,  3.84it/s]
100%|##########| 500/500 [02:08<00:00,  3.90it/s]
100%|##########| 500/500 [02:08<00:00,  3.88it/s]
Train Epoch 28
{
    "Loss": 0.008986166090704501,
    "Optimizer/policy0_lr": 0.00010000000000000003,
    "Policy_Grad_Norms": 0.0488340116852691,
    "Time_Data_Loading": 0.09968819618225097,
    "Time_Epoch": 2.1485852241516112,
    "Time_Log_Info": 0.024553132057189942,
    "Time_Process_Batch": 0.7606041073799134,
    "Time_Train_Batch": 1.2363271156946818
}

Epoch 28 Memory Usage: 2298 MB


  0%|          | 0/500 [00:00<?, ?it/s]
  0%|          | 1/500 [00:00<03:12,  2.60it/s]
  0%|          | 2/500 [00:00<02:30,  3.31it/s]
  1%|          | 3/500 [00:00<02:17,  3.61it/s]
  1%|          | 4/500 [00:01<02:11,  3.76it/s]
  1%|1         | 5/500 [00:01<02:08,  3.85it/s]
  1%|1         | 6/500 [00:01<02:06,  3.91it/s]
  1%|1         | 7/500 [00:01<02:05,  3.94it/s]
  2%|1         | 8/500 [00:02<02:04,  3.96it/s]
  2%|1         | 9/500 [00:02<02:03,  3.99it/s]
  2%|2         | 10/500 [00:02<02:02,  3.99it/s]
  2%|2         | 11/500 [00:02<02:02,  4.00it/s]
  2%|2         | 12/500 [00:03<02:01,  4.01it/s]
  3%|2         | 13/500 [00:03<02:01,  4.01it/s]
  3%|2         | 14/500 [00:03<02:01,  3.99it/s]
  3%|3         | 15/500 [00:03<02:01,  3.98it/s]
  3%|3         | 16/500 [00:04<02:02,  3.97it/s]
  3%|3         | 17/500 [00:04<02:01,  3.97it/s]
  4%|3         | 18/500 [00:04<02:01,  3.96it/s]
  4%|3         | 19/500 [00:04<02:01,  3.97it/s]
  4%|4         | 20/500 [00:05<02:01,  3.95it/s]
  4%|4         | 21/500 [00:05<02:01,  3.95it/s]
  4%|4         | 22/500 [00:05<02:00,  3.96it/s]
  5%|4         | 23/500 [00:05<02:00,  3.96it/s]
  5%|4         | 24/500 [00:06<02:00,  3.96it/s]
  5%|5         | 25/500 [00:06<01:59,  3.97it/s]
  5%|5         | 26/500 [00:06<01:59,  3.96it/s]
  5%|5         | 27/500 [00:06<01:59,  3.97it/s]
  6%|5         | 28/500 [00:07<01:58,  3.98it/s]
  6%|5         | 29/500 [00:07<01:58,  3.98it/s]
  6%|6         | 30/500 [00:07<02:30,  3.13it/s]
  6%|6         | 31/500 [00:08<02:19,  3.36it/s]
  6%|6         | 32/500 [00:08<02:12,  3.53it/s]
  7%|6         | 33/500 [00:08<02:07,  3.65it/s]
  7%|6         | 34/500 [00:08<02:05,  3.73it/s]
  7%|7         | 35/500 [00:09<02:02,  3.78it/s]
  7%|7         | 36/500 [00:09<02:00,  3.84it/s]
  7%|7         | 37/500 [00:09<01:59,  3.89it/s]
  8%|7         | 38/500 [00:09<01:58,  3.91it/s]
  8%|7         | 39/500 [00:10<01:57,  3.92it/s]
  8%|8         | 40/500 [00:10<01:57,  3.93it/s]
  8%|8         | 41/500 [00:10<01:56,  3.95it/s]
  8%|8         | 42/500 [00:10<01:55,  3.95it/s]
  9%|8         | 43/500 [00:11<01:55,  3.96it/s]
  9%|8         | 44/500 [00:11<01:54,  3.97it/s]
  9%|9         | 45/500 [00:11<01:54,  3.98it/s]
  9%|9         | 46/500 [00:11<01:54,  3.98it/s]
  9%|9         | 47/500 [00:12<01:53,  3.98it/s]
 10%|9         | 48/500 [00:12<01:53,  3.98it/s]
 10%|9         | 49/500 [00:12<01:53,  3.98it/s]
 10%|#         | 50/500 [00:12<01:53,  3.97it/s]
 10%|#         | 51/500 [00:13<01:52,  3.99it/s]
 10%|#         | 52/500 [00:13<01:52,  3.98it/s]
 11%|#         | 53/500 [00:13<01:52,  3.97it/s]
 11%|#         | 54/500 [00:13<01:52,  3.96it/s]
 11%|#1        | 55/500 [00:14<01:52,  3.96it/s]
 11%|#1        | 56/500 [00:14<01:52,  3.96it/s]
 11%|#1        | 57/500 [00:14<01:51,  3.98it/s]
 12%|#1        | 58/500 [00:14<01:51,  3.98it/s]
 12%|#1        | 59/500 [00:15<02:19,  3.17it/s]
 12%|#2        | 60/500 [00:15<02:09,  3.40it/s]
 12%|#2        | 61/500 [00:15<02:03,  3.56it/s]
 12%|#2        | 62/500 [00:16<01:58,  3.68it/s]
 13%|#2        | 63/500 [00:16<01:55,  3.77it/s]
 13%|#2        | 64/500 [00:16<01:53,  3.83it/s]
 13%|#3        | 65/500 [00:16<01:52,  3.87it/s]
 13%|#3        | 66/500 [00:17<01:51,  3.89it/s]
 13%|#3        | 67/500 [00:17<01:50,  3.92it/s]
 14%|#3        | 68/500 [00:17<01:49,  3.94it/s]
 14%|#3        | 69/500 [00:17<01:49,  3.94it/s]
 14%|#4        | 70/500 [00:18<01:48,  3.95it/s]
 14%|#4        | 71/500 [00:18<01:48,  3.94it/s]
 14%|#4        | 72/500 [00:18<01:48,  3.96it/s]
 15%|#4        | 73/500 [00:18<01:47,  3.97it/s]
 15%|#4        | 74/500 [00:19<01:47,  3.97it/s]
 15%|#5        | 75/500 [00:19<01:46,  3.97it/s]
 15%|#5        | 76/500 [00:19<01:46,  3.98it/s]
 15%|#5        | 77/500 [00:19<01:46,  3.99it/s]
 16%|#5        | 78/500 [00:20<01:45,  3.99it/s]
 16%|#5        | 79/500 [00:20<01:45,  3.99it/s]
 16%|#6        | 80/500 [00:20<01:45,  3.98it/s]
 16%|#6        | 81/500 [00:20<01:45,  3.99it/s]
 16%|#6        | 82/500 [00:21<01:44,  3.98it/s]
 17%|#6        | 83/500 [00:21<01:44,  3.99it/s]
 17%|#6        | 84/500 [00:21<01:44,  3.99it/s]
 17%|#7        | 85/500 [00:21<01:43,  4.00it/s]
 17%|#7        | 86/500 [00:22<01:43,  4.01it/s]
 17%|#7        | 87/500 [00:22<01:43,  3.99it/s]
 18%|#7        | 88/500 [00:22<02:10,  3.15it/s]
 18%|#7        | 89/500 [00:23<02:02,  3.37it/s]
 18%|#8        | 90/500 [00:23<01:56,  3.53it/s]
 18%|#8        | 91/500 [00:23<01:52,  3.64it/s]
 18%|#8        | 92/500 [00:23<01:48,  3.75it/s]
 19%|#8        | 93/500 [00:24<01:46,  3.83it/s]
 19%|#8        | 94/500 [00:24<01:44,  3.87it/s]
 19%|#9        | 95/500 [00:24<01:43,  3.91it/s]
 19%|#9        | 96/500 [00:24<01:42,  3.94it/s]
 19%|#9        | 97/500 [00:25<01:41,  3.97it/s]
 20%|#9        | 98/500 [00:25<01:40,  4.00it/s]
 20%|#9        | 99/500 [00:25<01:39,  4.01it/s]
 20%|##        | 100/500 [00:25<01:39,  4.01it/s]
 20%|##        | 101/500 [00:26<01:39,  4.00it/s]
 20%|##        | 102/500 [00:26<01:39,  4.01it/s]
 21%|##        | 103/500 [00:26<01:38,  4.01it/s]
 21%|##        | 104/500 [00:26<01:38,  4.02it/s]
 21%|##1       | 105/500 [00:27<01:38,  4.02it/s]
 21%|##1       | 106/500 [00:27<01:38,  4.01it/s]
 21%|##1       | 107/500 [00:27<01:38,  4.01it/s]
 22%|##1       | 108/500 [00:27<01:38,  4.00it/s]
 22%|##1       | 109/500 [00:28<01:37,  4.00it/s]
 22%|##2       | 110/500 [00:28<01:37,  4.00it/s]
 22%|##2       | 111/500 [00:28<01:37,  3.99it/s]
 22%|##2       | 112/500 [00:28<01:37,  3.98it/s]
 23%|##2       | 113/500 [00:29<01:36,  3.99it/s]
 23%|##2       | 114/500 [00:29<01:36,  4.00it/s]
 23%|##3       | 115/500 [00:29<01:35,  4.01it/s]
 23%|##3       | 116/500 [00:29<01:35,  4.02it/s]
 23%|##3       | 117/500 [00:30<02:00,  3.19it/s]
 24%|##3       | 118/500 [00:30<01:52,  3.41it/s]
 24%|##3       | 119/500 [00:30<01:46,  3.57it/s]
 24%|##4       | 120/500 [00:31<01:43,  3.69it/s]
 24%|##4       | 121/500 [00:31<01:40,  3.77it/s]
 24%|##4       | 122/500 [00:31<01:38,  3.83it/s]
 25%|##4       | 123/500 [00:31<01:37,  3.88it/s]
 25%|##4       | 124/500 [00:32<01:35,  3.92it/s]
 25%|##5       | 125/500 [00:32<01:34,  3.95it/s]
 25%|##5       | 126/500 [00:32<01:34,  3.97it/s]
 25%|##5       | 127/500 [00:32<01:33,  3.98it/s]
 26%|##5       | 128/500 [00:33<01:33,  3.99it/s]
 26%|##5       | 129/500 [00:33<01:32,  3.99it/s]
 26%|##6       | 130/500 [00:33<01:32,  4.00it/s]
 26%|##6       | 131/500 [00:33<01:32,  3.99it/s]
 26%|##6       | 132/500 [00:34<01:32,  3.98it/s]
 27%|##6       | 133/500 [00:34<01:32,  3.98it/s]
 27%|##6       | 134/500 [00:34<01:31,  3.98it/s]
 27%|##7       | 135/500 [00:34<01:31,  3.97it/s]
 27%|##7       | 136/500 [00:35<01:31,  3.97it/s]
 27%|##7       | 137/500 [00:35<01:31,  3.97it/s]
 28%|##7       | 138/500 [00:35<01:31,  3.97it/s]
 28%|##7       | 139/500 [00:35<01:30,  3.98it/s]
 28%|##8       | 140/500 [00:36<01:30,  3.98it/s]
 28%|##8       | 141/500 [00:36<01:30,  3.98it/s]
 28%|##8       | 142/500 [00:36<01:29,  3.99it/s]
 29%|##8       | 143/500 [00:36<01:29,  3.99it/s]
 29%|##8       | 144/500 [00:37<01:29,  3.98it/s]
 29%|##9       | 145/500 [00:37<01:29,  3.99it/s]
 29%|##9       | 146/500 [00:37<01:52,  3.16it/s]
 29%|##9       | 147/500 [00:38<01:44,  3.39it/s]
 30%|##9       | 148/500 [00:38<01:38,  3.58it/s]
 30%|##9       | 149/500 [00:38<01:34,  3.71it/s]
 30%|###       | 150/500 [00:38<01:32,  3.80it/s]
 30%|###       | 151/500 [00:39<01:30,  3.86it/s]
 30%|###       | 152/500 [00:39<01:29,  3.90it/s]
 31%|###       | 153/500 [00:39<01:28,  3.93it/s]
 31%|###       | 154/500 [00:39<01:27,  3.96it/s]
 31%|###1      | 155/500 [00:40<01:26,  3.98it/s]
 31%|###1      | 156/500 [00:40<01:26,  3.98it/s]
 31%|###1      | 157/500 [00:40<01:26,  3.98it/s]
 32%|###1      | 158/500 [00:40<01:25,  3.99it/s]
 32%|###1      | 159/500 [00:41<01:25,  3.98it/s]
 32%|###2      | 160/500 [00:41<01:25,  3.97it/s]
 32%|###2      | 161/500 [00:41<01:25,  3.97it/s]
 32%|###2      | 162/500 [00:41<01:25,  3.97it/s]
 33%|###2      | 163/500 [00:42<01:25,  3.96it/s]
 33%|###2      | 164/500 [00:42<01:24,  3.96it/s]
 33%|###3      | 165/500 [00:42<01:24,  3.96it/s]
 33%|###3      | 166/500 [00:42<01:23,  3.98it/s]
 33%|###3      | 167/500 [00:43<01:23,  3.99it/s]
 34%|###3      | 168/500 [00:43<01:23,  3.98it/s]
 34%|###3      | 169/500 [00:43<01:23,  3.98it/s]
 34%|###4      | 170/500 [00:43<01:22,  3.98it/s]
 34%|###4      | 171/500 [00:44<01:22,  3.99it/s]
 34%|###4      | 172/500 [00:44<01:22,  4.00it/s]
 35%|###4      | 173/500 [00:44<01:21,  3.99it/s]
 35%|###4      | 174/500 [00:44<01:21,  3.98it/s]
 35%|###5      | 175/500 [00:45<01:43,  3.15it/s]
 35%|###5      | 176/500 [00:45<01:36,  3.37it/s]
 35%|###5      | 177/500 [00:45<01:31,  3.53it/s]
 36%|###5      | 178/500 [00:46<01:27,  3.67it/s]
 36%|###5      | 179/500 [00:46<01:25,  3.76it/s]
 36%|###6      | 180/500 [00:46<01:23,  3.83it/s]
 36%|###6      | 181/500 [00:46<01:22,  3.87it/s]
 36%|###6      | 182/500 [00:47<01:21,  3.91it/s]
 37%|###6      | 183/500 [00:47<01:20,  3.94it/s]
 37%|###6      | 184/500 [00:47<01:19,  3.96it/s]
 37%|###7      | 185/500 [00:47<01:19,  3.98it/s]
 37%|###7      | 186/500 [00:48<01:18,  3.99it/s]
 37%|###7      | 187/500 [00:48<01:18,  4.00it/s]
 38%|###7      | 188/500 [00:48<01:18,  4.00it/s]
 38%|###7      | 189/500 [00:48<01:17,  4.00it/s]
 38%|###8      | 190/500 [00:49<01:17,  4.01it/s]
 38%|###8      | 191/500 [00:49<01:16,  4.01it/s]
 38%|###8      | 192/500 [00:49<01:16,  4.00it/s]
 39%|###8      | 193/500 [00:49<01:16,  4.00it/s]
 39%|###8      | 194/500 [00:50<01:16,  3.99it/s]
 39%|###9      | 195/500 [00:50<01:16,  3.98it/s]
 39%|###9      | 196/500 [00:50<01:16,  3.98it/s]
 39%|###9      | 197/500 [00:50<01:16,  3.98it/s]
 40%|###9      | 198/500 [00:51<01:15,  3.98it/s]
 40%|###9      | 199/500 [00:51<01:15,  3.98it/s]
 40%|####      | 200/500 [00:51<01:15,  4.00it/s]
 40%|####      | 201/500 [00:51<01:14,  4.00it/s]
 40%|####      | 202/500 [00:52<01:14,  4.01it/s]
 41%|####      | 203/500 [00:52<01:14,  4.01it/s]
 41%|####      | 204/500 [00:52<01:33,  3.18it/s]
 41%|####1     | 205/500 [00:53<01:26,  3.42it/s]
 41%|####1     | 206/500 [00:53<01:21,  3.59it/s]
 41%|####1     | 207/500 [00:53<01:19,  3.71it/s]
 42%|####1     | 208/500 [00:53<01:16,  3.80it/s]
 42%|####1     | 209/500 [00:53<01:15,  3.87it/s]
 42%|####2     | 210/500 [00:54<01:13,  3.92it/s]
 42%|####2     | 211/500 [00:54<01:13,  3.95it/s]
 42%|####2     | 212/500 [00:54<01:12,  3.98it/s]
 43%|####2     | 213/500 [00:54<01:11,  4.00it/s]
 43%|####2     | 214/500 [00:55<01:11,  4.00it/s]
 43%|####3     | 215/500 [00:55<01:10,  4.01it/s]
 43%|####3     | 216/500 [00:55<01:10,  4.03it/s]
 43%|####3     | 217/500 [00:55<01:10,  4.02it/s]
 44%|####3     | 218/500 [00:56<01:10,  4.01it/s]
 44%|####3     | 219/500 [00:56<01:10,  4.01it/s]
 44%|####4     | 220/500 [00:56<01:09,  4.02it/s]
 44%|####4     | 221/500 [00:56<01:09,  4.01it/s]
 44%|####4     | 222/500 [00:57<01:09,  4.00it/s]
 45%|####4     | 223/500 [00:57<01:09,  4.00it/s]
 45%|####4     | 224/500 [00:57<01:09,  3.99it/s]
 45%|####5     | 225/500 [00:57<01:08,  4.00it/s]
 45%|####5     | 226/500 [00:58<01:08,  4.00it/s]
 45%|####5     | 227/500 [00:58<01:08,  3.99it/s]
 46%|####5     | 228/500 [00:58<01:08,  3.99it/s]
 46%|####5     | 229/500 [00:58<01:07,  3.99it/s]
 46%|####6     | 230/500 [00:59<01:07,  4.00it/s]
 46%|####6     | 231/500 [00:59<01:07,  4.00it/s]
 46%|####6     | 232/500 [00:59<01:06,  4.00it/s]
 47%|####6     | 233/500 [01:00<01:24,  3.15it/s]
 47%|####6     | 234/500 [01:00<01:19,  3.37it/s]
 47%|####6     | 235/500 [01:00<01:14,  3.54it/s]
 47%|####7     | 236/500 [01:00<01:11,  3.67it/s]
 47%|####7     | 237/500 [01:01<01:09,  3.76it/s]
 48%|####7     | 238/500 [01:01<01:08,  3.82it/s]
 48%|####7     | 239/500 [01:01<01:07,  3.87it/s]
 48%|####8     | 240/500 [01:01<01:06,  3.90it/s]
 48%|####8     | 241/500 [01:02<01:06,  3.91it/s]
 48%|####8     | 242/500 [01:02<01:05,  3.92it/s]
 49%|####8     | 243/500 [01:02<01:05,  3.94it/s]
 49%|####8     | 244/500 [01:02<01:04,  3.96it/s]
 49%|####9     | 245/500 [01:03<01:04,  3.96it/s]
 49%|####9     | 246/500 [01:03<01:04,  3.96it/s]
 49%|####9     | 247/500 [01:03<01:03,  3.97it/s]
 50%|####9     | 248/500 [01:03<01:03,  3.96it/s]
 50%|####9     | 249/500 [01:04<01:03,  3.96it/s]
 50%|#####     | 250/500 [01:04<01:03,  3.96it/s]
 50%|#####     | 251/500 [01:04<01:02,  3.96it/s]
 50%|#####     | 252/500 [01:04<01:02,  3.98it/s]
 51%|#####     | 253/500 [01:05<01:02,  3.98it/s]
 51%|#####     | 254/500 [01:05<01:02,  3.96it/s]
 51%|#####1    | 255/500 [01:05<01:01,  3.97it/s]
 51%|#####1    | 256/500 [01:05<01:01,  3.97it/s]
 51%|#####1    | 257/500 [01:06<01:01,  3.97it/s]
 52%|#####1    | 258/500 [01:06<01:00,  3.97it/s]
 52%|#####1    | 259/500 [01:06<01:00,  3.97it/s]
 52%|#####2    | 260/500 [01:06<01:00,  3.98it/s]
 52%|#####2    | 261/500 [01:07<00:59,  3.99it/s]
 52%|#####2    | 262/500 [01:07<01:15,  3.17it/s]
 53%|#####2    | 263/500 [01:07<01:09,  3.39it/s]
 53%|#####2    | 264/500 [01:08<01:06,  3.55it/s]
 53%|#####3    | 265/500 [01:08<01:03,  3.69it/s]
 53%|#####3    | 266/500 [01:08<01:01,  3.77it/s]
 53%|#####3    | 267/500 [01:08<01:00,  3.84it/s]
 54%|#####3    | 268/500 [01:09<00:59,  3.88it/s]
 54%|#####3    | 269/500 [01:09<00:59,  3.92it/s]
 54%|#####4    | 270/500 [01:09<00:58,  3.95it/s]
 54%|#####4    | 271/500 [01:09<00:57,  3.97it/s]
 54%|#####4    | 272/500 [01:10<00:57,  3.97it/s]
 55%|#####4    | 273/500 [01:10<00:57,  3.97it/s]
 55%|#####4    | 274/500 [01:10<00:56,  3.99it/s]
 55%|#####5    | 275/500 [01:10<00:56,  4.02it/s]
 55%|#####5    | 276/500 [01:11<00:55,  4.04it/s]
 55%|#####5    | 277/500 [01:11<00:55,  4.04it/s]
 56%|#####5    | 278/500 [01:11<00:54,  4.05it/s]
 56%|#####5    | 279/500 [01:11<00:54,  4.05it/s]
 56%|#####6    | 280/500 [01:12<00:54,  4.05it/s]
 56%|#####6    | 281/500 [01:12<00:53,  4.06it/s]
 56%|#####6    | 282/500 [01:12<00:53,  4.05it/s]
 57%|#####6    | 283/500 [01:12<00:53,  4.05it/s]
 57%|#####6    | 284/500 [01:13<00:53,  4.04it/s]
 57%|#####6    | 285/500 [01:13<00:53,  4.05it/s]
 57%|#####7    | 286/500 [01:13<00:52,  4.05it/s]
 57%|#####7    | 287/500 [01:13<00:52,  4.05it/s]
 58%|#####7    | 288/500 [01:14<00:52,  4.06it/s]
 58%|#####7    | 289/500 [01:14<00:52,  4.06it/s]
 58%|#####8    | 290/500 [01:14<00:51,  4.05it/s]
 58%|#####8    | 291/500 [01:15<01:05,  3.18it/s]
 58%|#####8    | 292/500 [01:15<01:00,  3.41it/s]
 59%|#####8    | 293/500 [01:15<00:57,  3.58it/s]
 59%|#####8    | 294/500 [01:15<00:55,  3.70it/s]
 59%|#####8    | 295/500 [01:16<00:53,  3.80it/s]
 59%|#####9    | 296/500 [01:16<00:52,  3.86it/s]
 59%|#####9    | 297/500 [01:16<00:51,  3.91it/s]
 60%|#####9    | 298/500 [01:16<00:50,  3.96it/s]
 60%|#####9    | 299/500 [01:17<00:50,  3.98it/s]
 60%|######    | 300/500 [01:17<00:50,  4.00it/s]
 60%|######    | 301/500 [01:17<00:49,  4.00it/s]
 60%|######    | 302/500 [01:17<00:49,  4.00it/s]
 61%|######    | 303/500 [01:18<00:49,  3.99it/s]
 61%|######    | 304/500 [01:18<00:49,  3.98it/s]
 61%|######1   | 305/500 [01:18<00:48,  3.99it/s]
 61%|######1   | 306/500 [01:18<00:48,  3.98it/s]
 61%|######1   | 307/500 [01:19<00:48,  3.97it/s]
 62%|######1   | 308/500 [01:19<00:48,  3.97it/s]
 62%|######1   | 309/500 [01:19<00:48,  3.97it/s]
 62%|######2   | 310/500 [01:19<00:47,  3.98it/s]
 62%|######2   | 311/500 [01:20<00:47,  3.98it/s]
 62%|######2   | 312/500 [01:20<00:52,  3.57it/s]
 63%|######2   | 313/500 [01:20<00:50,  3.68it/s]
 63%|######2   | 314/500 [01:20<00:49,  3.76it/s]
 63%|######3   | 315/500 [01:21<00:48,  3.84it/s]
 63%|######3   | 316/500 [01:21<00:47,  3.91it/s]
 63%|######3   | 317/500 [01:21<00:46,  3.95it/s]
 64%|######3   | 318/500 [01:21<00:45,  3.97it/s]
 64%|######3   | 319/500 [01:22<00:45,  4.00it/s]
 64%|######4   | 320/500 [01:22<00:56,  3.17it/s]
 64%|######4   | 321/500 [01:22<00:52,  3.40it/s]
 64%|######4   | 322/500 [01:23<00:49,  3.57it/s]
 65%|######4   | 323/500 [01:23<00:47,  3.70it/s]
 65%|######4   | 324/500 [01:23<00:46,  3.80it/s]
 65%|######5   | 325/500 [01:23<00:45,  3.87it/s]
 65%|######5   | 326/500 [01:24<00:44,  3.92it/s]
 65%|######5   | 327/500 [01:24<00:43,  3.96it/s]
 66%|######5   | 328/500 [01:24<00:43,  3.98it/s]
 66%|######5   | 329/500 [01:24<00:42,  3.99it/s]
 66%|######6   | 330/500 [01:25<00:42,  3.99it/s]
 66%|######6   | 331/500 [01:25<00:42,  3.99it/s]
 66%|######6   | 332/500 [01:25<00:42,  3.99it/s]
 67%|######6   | 333/500 [01:25<00:41,  3.98it/s]
 67%|######6   | 334/500 [01:26<00:41,  3.98it/s]
 67%|######7   | 335/500 [01:26<00:41,  3.98it/s]
 67%|######7   | 336/500 [01:26<00:41,  3.98it/s]
 67%|######7   | 337/500 [01:26<00:40,  3.98it/s]
 68%|######7   | 338/500 [01:27<00:40,  3.98it/s]
 68%|######7   | 339/500 [01:27<00:40,  3.97it/s]
 68%|######8   | 340/500 [01:27<00:40,  3.96it/s]
 68%|######8   | 341/500 [01:27<00:40,  3.97it/s]
 68%|######8   | 342/500 [01:28<00:39,  4.00it/s]
 69%|######8   | 343/500 [01:28<00:39,  4.00it/s]
 69%|######8   | 344/500 [01:28<00:39,  3.99it/s]
 69%|######9   | 345/500 [01:28<00:38,  3.99it/s]
 69%|######9   | 346/500 [01:29<00:38,  4.00it/s]
 69%|######9   | 347/500 [01:29<00:38,  3.99it/s]
 70%|######9   | 348/500 [01:29<00:38,  3.98it/s]
 70%|######9   | 349/500 [01:30<00:47,  3.16it/s]
 70%|#######   | 350/500 [01:30<00:44,  3.38it/s]
 70%|#######   | 351/500 [01:30<00:42,  3.54it/s]
 70%|#######   | 352/500 [01:30<00:40,  3.66it/s]
 71%|#######   | 353/500 [01:31<00:39,  3.74it/s]
 71%|#######   | 354/500 [01:31<00:38,  3.80it/s]
 71%|#######1  | 355/500 [01:31<00:37,  3.86it/s]
 71%|#######1  | 356/500 [01:31<00:37,  3.87it/s]
 71%|#######1  | 357/500 [01:32<00:36,  3.90it/s]
 72%|#######1  | 358/500 [01:32<00:36,  3.92it/s]
 72%|#######1  | 359/500 [01:32<00:35,  3.93it/s]
 72%|#######2  | 360/500 [01:32<00:35,  3.94it/s]
 72%|#######2  | 361/500 [01:33<00:35,  3.95it/s]
 72%|#######2  | 362/500 [01:33<00:34,  3.96it/s]
 73%|#######2  | 363/500 [01:33<00:34,  3.96it/s]
 73%|#######2  | 364/500 [01:33<00:34,  3.96it/s]
 73%|#######3  | 365/500 [01:34<00:34,  3.96it/s]
 73%|#######3  | 366/500 [01:34<00:33,  3.96it/s]
 73%|#######3  | 367/500 [01:34<00:33,  3.97it/s]
 74%|#######3  | 368/500 [01:34<00:33,  3.96it/s]
 74%|#######3  | 369/500 [01:35<00:33,  3.95it/s]
 74%|#######4  | 370/500 [01:35<00:32,  3.96it/s]
 74%|#######4  | 371/500 [01:35<00:32,  3.96it/s]
 74%|#######4  | 372/500 [01:35<00:32,  3.95it/s]
 75%|#######4  | 373/500 [01:36<00:32,  3.95it/s]
 75%|#######4  | 374/500 [01:36<00:31,  3.97it/s]
 75%|#######5  | 375/500 [01:36<00:31,  3.98it/s]
 75%|#######5  | 376/500 [01:36<00:31,  3.99it/s]
 75%|#######5  | 377/500 [01:37<00:30,  3.98it/s]
 76%|#######5  | 378/500 [01:37<00:38,  3.18it/s]
 76%|#######5  | 379/500 [01:37<00:35,  3.39it/s]
 76%|#######6  | 380/500 [01:38<00:33,  3.53it/s]
 76%|#######6  | 381/500 [01:38<00:32,  3.64it/s]
 76%|#######6  | 382/500 [01:38<00:31,  3.73it/s]
 77%|#######6  | 383/500 [01:38<00:30,  3.80it/s]
 77%|#######6  | 384/500 [01:39<00:30,  3.85it/s]
 77%|#######7  | 385/500 [01:39<00:29,  3.88it/s]
 77%|#######7  | 386/500 [01:39<00:29,  3.92it/s]
 77%|#######7  | 387/500 [01:39<00:28,  3.93it/s]
 78%|#######7  | 388/500 [01:40<00:28,  3.96it/s]
 78%|#######7  | 389/500 [01:40<00:27,  3.98it/s]
 78%|#######8  | 390/500 [01:40<00:27,  3.99it/s]
 78%|#######8  | 391/500 [01:40<00:27,  3.99it/s]
 78%|#######8  | 392/500 [01:41<00:27,  4.00it/s]
 79%|#######8  | 393/500 [01:41<00:26,  4.00it/s]
 79%|#######8  | 394/500 [01:41<00:26,  4.00it/s]
 79%|#######9  | 395/500 [01:41<00:26,  4.00it/s]
 79%|#######9  | 396/500 [01:42<00:25,  4.00it/s]
 79%|#######9  | 397/500 [01:42<00:25,  4.00it/s]
 80%|#######9  | 398/500 [01:42<00:25,  4.02it/s]
 80%|#######9  | 399/500 [01:42<00:25,  4.02it/s]
 80%|########  | 400/500 [01:43<00:24,  4.03it/s]
 80%|########  | 401/500 [01:43<00:24,  4.03it/s]
 80%|########  | 402/500 [01:43<00:24,  4.04it/s]
 81%|########  | 403/500 [01:43<00:23,  4.05it/s]
 81%|########  | 404/500 [01:44<00:23,  4.05it/s]
 81%|########1 | 405/500 [01:44<00:23,  4.04it/s]
 81%|########1 | 406/500 [01:44<00:23,  4.05it/s]
 81%|########1 | 407/500 [01:45<00:29,  3.19it/s]
 82%|########1 | 408/500 [01:45<00:26,  3.41it/s]
 82%|########1 | 409/500 [01:45<00:25,  3.59it/s]
 82%|########2 | 410/500 [01:45<00:24,  3.73it/s]
 82%|########2 | 411/500 [01:46<00:23,  3.81it/s]
 82%|########2 | 412/500 [01:46<00:22,  3.88it/s]
 83%|########2 | 413/500 [01:46<00:22,  3.91it/s]
 83%|########2 | 414/500 [01:46<00:21,  3.94it/s]
 83%|########2 | 415/500 [01:47<00:21,  3.96it/s]
 83%|########3 | 416/500 [01:47<00:21,  3.96it/s]
 83%|########3 | 417/500 [01:47<00:20,  3.97it/s]
 84%|########3 | 418/500 [01:47<00:20,  3.96it/s]
 84%|########3 | 419/500 [01:48<00:20,  3.97it/s]
 84%|########4 | 420/500 [01:48<00:20,  3.97it/s]
 84%|########4 | 421/500 [01:48<00:19,  3.96it/s]
 84%|########4 | 422/500 [01:48<00:19,  3.96it/s]
 85%|########4 | 423/500 [01:49<00:19,  3.97it/s]
 85%|########4 | 424/500 [01:49<00:19,  3.97it/s]
 85%|########5 | 425/500 [01:49<00:18,  3.97it/s]
 85%|########5 | 426/500 [01:49<00:18,  3.96it/s]
 85%|########5 | 427/500 [01:50<00:18,  3.96it/s]
 86%|########5 | 428/500 [01:50<00:18,  3.95it/s]
 86%|########5 | 429/500 [01:50<00:17,  3.97it/s]
 86%|########6 | 430/500 [01:50<00:17,  3.98it/s]
 86%|########6 | 431/500 [01:51<00:17,  3.98it/s]
 86%|########6 | 432/500 [01:51<00:17,  3.98it/s]
 87%|########6 | 433/500 [01:51<00:16,  3.98it/s]
 87%|########6 | 434/500 [01:51<00:16,  3.98it/s]
 87%|########7 | 435/500 [01:52<00:16,  3.98it/s]
 87%|########7 | 436/500 [01:52<00:20,  3.17it/s]
 87%|########7 | 437/500 [01:52<00:18,  3.38it/s]
 88%|########7 | 438/500 [01:53<00:17,  3.53it/s]
 88%|########7 | 439/500 [01:53<00:16,  3.66it/s]
 88%|########8 | 440/500 [01:53<00:16,  3.75it/s]
 88%|########8 | 441/500 [01:53<00:15,  3.81it/s]
 88%|########8 | 442/500 [01:54<00:15,  3.85it/s]
 89%|########8 | 443/500 [01:54<00:14,  3.88it/s]
 89%|########8 | 444/500 [01:54<00:14,  3.92it/s]
 89%|########9 | 445/500 [01:54<00:13,  3.94it/s]
 89%|########9 | 446/500 [01:55<00:13,  3.96it/s]
 89%|########9 | 447/500 [01:55<00:13,  3.99it/s]
 90%|########9 | 448/500 [01:55<00:13,  3.98it/s]
 90%|########9 | 449/500 [01:55<00:12,  3.97it/s]
 90%|######### | 450/500 [01:56<00:12,  3.97it/s]
 90%|######### | 451/500 [01:56<00:12,  3.95it/s]
 90%|######### | 452/500 [01:56<00:12,  3.94it/s]
 91%|######### | 453/500 [01:56<00:11,  3.95it/s]
 91%|######### | 454/500 [01:57<00:11,  3.96it/s]
 91%|#########1| 455/500 [01:57<00:11,  3.96it/s]
 91%|#########1| 456/500 [01:57<00:11,  3.97it/s]
 91%|#########1| 457/500 [01:57<00:10,  3.97it/s]
 92%|#########1| 458/500 [01:58<00:10,  3.98it/s]
 92%|#########1| 459/500 [01:58<00:10,  3.97it/s]
 92%|#########2| 460/500 [01:58<00:10,  3.98it/s]
 92%|#########2| 461/500 [01:58<00:09,  3.98it/s]
 92%|#########2| 462/500 [01:59<00:09,  3.99it/s]
 93%|#########2| 463/500 [01:59<00:09,  4.00it/s]
 93%|#########2| 464/500 [01:59<00:08,  4.00it/s]
 93%|#########3| 465/500 [02:00<00:11,  3.18it/s]
 93%|#########3| 466/500 [02:00<00:09,  3.41it/s]
 93%|#########3| 467/500 [02:00<00:09,  3.57it/s]
 94%|#########3| 468/500 [02:00<00:08,  3.71it/s]
 94%|#########3| 469/500 [02:01<00:08,  3.80it/s]
 94%|#########3| 470/500 [02:01<00:07,  3.85it/s]
 94%|#########4| 471/500 [02:01<00:07,  3.89it/s]
 94%|#########4| 472/500 [02:01<00:07,  3.91it/s]
 95%|#########4| 473/500 [02:02<00:06,  3.93it/s]
 95%|#########4| 474/500 [02:02<00:06,  3.93it/s]
 95%|#########5| 475/500 [02:02<00:06,  3.95it/s]
 95%|#########5| 476/500 [02:02<00:06,  3.99it/s]
 95%|#########5| 477/500 [02:03<00:05,  4.00it/s]
 96%|#########5| 478/500 [02:03<00:05,  4.01it/s]
 96%|#########5| 479/500 [02:03<00:05,  4.00it/s]
 96%|#########6| 480/500 [02:03<00:04,  4.01it/s]
 96%|#########6| 481/500 [02:04<00:04,  3.99it/s]
 96%|#########6| 482/500 [02:04<00:04,  3.98it/s]
 97%|#########6| 483/500 [02:04<00:04,  3.98it/s]
 97%|#########6| 484/500 [02:04<00:04,  3.97it/s]
 97%|#########7| 485/500 [02:05<00:03,  3.97it/s]
 97%|#########7| 486/500 [02:05<00:03,  3.96it/s]
 97%|#########7| 487/500 [02:05<00:03,  3.97it/s]
 98%|#########7| 488/500 [02:05<00:03,  3.98it/s]
 98%|#########7| 489/500 [02:06<00:02,  3.97it/s]
 98%|#########8| 490/500 [02:06<00:02,  3.97it/s]
 98%|#########8| 491/500 [02:06<00:02,  3.98it/s]
 98%|#########8| 492/500 [02:06<00:02,  3.97it/s]
 99%|#########8| 493/500 [02:07<00:01,  3.98it/s]
 99%|#########8| 494/500 [02:07<00:01,  3.17it/s]
 99%|#########9| 495/500 [02:07<00:01,  3.41it/s]
 99%|#########9| 496/500 [02:08<00:01,  3.59it/s]
 99%|#########9| 497/500 [02:08<00:00,  3.71it/s]
100%|#########9| 498/500 [02:08<00:00,  3.80it/s]
100%|#########9| 499/500 [02:08<00:00,  3.86it/s]
100%|##########| 500/500 [02:09<00:00,  3.91it/s]
100%|##########| 500/500 [02:09<00:00,  3.87it/s]
Train Epoch 29
{
    "Loss": 0.008953047163784504,
    "Optimizer/policy0_lr": 0.00010000000000000003,
    "Policy_Grad_Norms": 0.049670645147372766,
    "Time_Data_Loading": 0.09987593491872152,
    "Time_Epoch": 2.1515036940574648,
    "Time_Log_Info": 0.024551550547281902,
    "Time_Process_Batch": 0.7625763773918152,
    "Time_Train_Batch": 1.2379360834757487
}

Epoch 29 Memory Usage: 2298 MB


  0%|          | 0/500 [00:00<?, ?it/s]
  0%|          | 1/500 [00:00<03:14,  2.56it/s]
  0%|          | 2/500 [00:00<02:32,  3.26it/s]
  1%|          | 3/500 [00:00<02:19,  3.57it/s]
  1%|          | 4/500 [00:01<02:13,  3.73it/s]
  1%|1         | 5/500 [00:01<02:09,  3.82it/s]
  1%|1         | 6/500 [00:01<02:07,  3.88it/s]
  1%|1         | 7/500 [00:01<02:05,  3.91it/s]
  2%|1         | 8/500 [00:02<02:05,  3.93it/s]
  2%|1         | 9/500 [00:02<02:04,  3.94it/s]
  2%|2         | 10/500 [00:02<02:03,  3.95it/s]
  2%|2         | 11/500 [00:02<02:03,  3.97it/s]
  2%|2         | 12/500 [00:03<02:02,  3.97it/s]
  3%|2         | 13/500 [00:03<02:02,  3.97it/s]
  3%|2         | 14/500 [00:03<02:02,  3.97it/s]
  3%|3         | 15/500 [00:03<02:02,  3.97it/s]
  3%|3         | 16/500 [00:04<02:01,  3.97it/s]
  3%|3         | 17/500 [00:04<02:01,  3.97it/s]
  4%|3         | 18/500 [00:04<02:01,  3.96it/s]
  4%|3         | 19/500 [00:04<02:01,  3.97it/s]
  4%|4         | 20/500 [00:05<02:01,  3.96it/s]
  4%|4         | 21/500 [00:05<02:00,  3.97it/s]
  4%|4         | 22/500 [00:05<02:00,  3.97it/s]
  5%|4         | 23/500 [00:05<02:00,  3.96it/s]
  5%|4         | 24/500 [00:06<01:59,  3.97it/s]
  5%|5         | 25/500 [00:06<01:59,  3.98it/s]
  5%|5         | 26/500 [00:06<01:58,  3.99it/s]
  5%|5         | 27/500 [00:06<01:58,  4.00it/s]
  6%|5         | 28/500 [00:07<01:58,  3.99it/s]
  6%|5         | 29/500 [00:07<01:57,  4.01it/s]
  6%|6         | 30/500 [00:07<02:27,  3.19it/s]
  6%|6         | 31/500 [00:08<02:17,  3.42it/s]
  6%|6         | 32/500 [00:08<02:10,  3.60it/s]
  7%|6         | 33/500 [00:08<02:05,  3.71it/s]
  7%|6         | 34/500 [00:08<02:02,  3.79it/s]
  7%|7         | 35/500 [00:09<02:00,  3.86it/s]
  7%|7         | 36/500 [00:09<01:58,  3.92it/s]
  7%|7         | 37/500 [00:09<01:57,  3.94it/s]
  8%|7         | 38/500 [00:09<01:56,  3.96it/s]
  8%|7         | 39/500 [00:10<01:56,  3.97it/s]
  8%|8         | 40/500 [00:10<01:56,  3.96it/s]
  8%|8         | 41/500 [00:10<01:55,  3.96it/s]
  8%|8         | 42/500 [00:10<01:55,  3.97it/s]
  9%|8         | 43/500 [00:11<01:54,  3.98it/s]
  9%|8         | 44/500 [00:11<01:54,  3.97it/s]
  9%|9         | 45/500 [00:11<01:54,  3.96it/s]
  9%|9         | 46/500 [00:11<01:54,  3.96it/s]
  9%|9         | 47/500 [00:12<01:54,  3.96it/s]
 10%|9         | 48/500 [00:12<01:54,  3.95it/s]
 10%|9         | 49/500 [00:12<01:54,  3.96it/s]
 10%|#         | 50/500 [00:12<01:53,  3.95it/s]
 10%|#         | 51/500 [00:13<01:53,  3.96it/s]
 10%|#         | 52/500 [00:13<01:52,  3.97it/s]
 11%|#         | 53/500 [00:13<01:52,  3.97it/s]
 11%|#         | 54/500 [00:13<01:52,  3.96it/s]
 11%|#1        | 55/500 [00:14<01:51,  3.98it/s]
 11%|#1        | 56/500 [00:14<01:51,  3.98it/s]
 11%|#1        | 57/500 [00:14<01:51,  3.99it/s]
 12%|#1        | 58/500 [00:14<01:50,  4.00it/s]
 12%|#1        | 59/500 [00:15<02:19,  3.17it/s]
 12%|#2        | 60/500 [00:15<02:09,  3.40it/s]
 12%|#2        | 61/500 [00:15<02:03,  3.56it/s]
 12%|#2        | 62/500 [00:16<01:59,  3.67it/s]
 13%|#2        | 63/500 [00:16<01:56,  3.76it/s]
 13%|#2        | 64/500 [00:16<01:54,  3.82it/s]
 13%|#3        | 65/500 [00:16<01:52,  3.86it/s]
 13%|#3        | 66/500 [00:17<01:51,  3.89it/s]
 13%|#3        | 67/500 [00:17<01:50,  3.93it/s]
 14%|#3        | 68/500 [00:17<01:48,  3.97it/s]
 14%|#3        | 69/500 [00:17<01:47,  4.01it/s]
 14%|#4        | 70/500 [00:18<01:46,  4.02it/s]
 14%|#4        | 71/500 [00:18<01:46,  4.03it/s]
 14%|#4        | 72/500 [00:18<01:46,  4.03it/s]
 15%|#4        | 73/500 [00:18<01:46,  4.02it/s]
 15%|#4        | 74/500 [00:19<01:46,  4.00it/s]
 15%|#5        | 75/500 [00:19<01:46,  4.00it/s]
 15%|#5        | 76/500 [00:19<01:46,  3.99it/s]
 15%|#5        | 77/500 [00:19<01:45,  4.01it/s]
 16%|#5        | 78/500 [00:20<01:45,  3.98it/s]
 16%|#5        | 79/500 [00:20<01:45,  3.98it/s]
 16%|#6        | 80/500 [00:20<01:45,  3.98it/s]
 16%|#6        | 81/500 [00:20<01:45,  3.97it/s]
 16%|#6        | 82/500 [00:21<01:45,  3.97it/s]
 17%|#6        | 83/500 [00:21<01:45,  3.96it/s]
 17%|#6        | 84/500 [00:21<01:44,  3.97it/s]
 17%|#7        | 85/500 [00:21<01:44,  3.98it/s]
 17%|#7        | 86/500 [00:22<01:43,  3.98it/s]
 17%|#7        | 87/500 [00:22<01:43,  3.99it/s]
 18%|#7        | 88/500 [00:22<02:10,  3.15it/s]
 18%|#7        | 89/500 [00:23<02:01,  3.38it/s]
 18%|#8        | 90/500 [00:23<01:56,  3.53it/s]
 18%|#8        | 91/500 [00:23<01:52,  3.65it/s]
 18%|#8        | 92/500 [00:23<01:49,  3.73it/s]
 19%|#8        | 93/500 [00:24<01:47,  3.80it/s]
 19%|#8        | 94/500 [00:24<01:45,  3.86it/s]
 19%|#9        | 95/500 [00:24<01:44,  3.89it/s]
 19%|#9        | 96/500 [00:24<01:43,  3.92it/s]
 19%|#9        | 97/500 [00:25<01:42,  3.93it/s]
 20%|#9        | 98/500 [00:25<01:41,  3.94it/s]
 20%|#9        | 99/500 [00:25<01:41,  3.96it/s]
 20%|##        | 100/500 [00:25<01:40,  3.97it/s]
 20%|##        | 101/500 [00:26<01:40,  3.96it/s]
 20%|##        | 102/500 [00:26<01:40,  3.97it/s]
 21%|##        | 103/500 [00:26<01:39,  3.97it/s]
 21%|##        | 104/500 [00:26<01:39,  3.97it/s]
 21%|##1       | 105/500 [00:27<01:39,  3.96it/s]
 21%|##1       | 106/500 [00:27<01:39,  3.97it/s]
 21%|##1       | 107/500 [00:27<01:38,  3.97it/s]
 22%|##1       | 108/500 [00:27<01:38,  3.97it/s]
 22%|##1       | 109/500 [00:28<01:38,  3.98it/s]
 22%|##2       | 110/500 [00:28<01:37,  3.98it/s]
 22%|##2       | 111/500 [00:28<01:37,  3.99it/s]
 22%|##2       | 112/500 [00:28<01:37,  3.98it/s]
 23%|##2       | 113/500 [00:29<01:36,  3.99it/s]
 23%|##2       | 114/500 [00:29<01:36,  4.00it/s]
 23%|##3       | 115/500 [00:29<01:36,  4.01it/s]
 23%|##3       | 116/500 [00:29<01:35,  4.01it/s]
 23%|##3       | 117/500 [00:30<02:01,  3.16it/s]
 24%|##3       | 118/500 [00:30<01:52,  3.40it/s]
 24%|##3       | 119/500 [00:30<01:47,  3.55it/s]
 24%|##4       | 120/500 [00:31<01:42,  3.70it/s]
 24%|##4       | 121/500 [00:31<01:39,  3.80it/s]
 24%|##4       | 122/500 [00:31<01:38,  3.85it/s]
 25%|##4       | 123/500 [00:31<01:36,  3.89it/s]
 25%|##4       | 124/500 [00:32<01:35,  3.92it/s]
 25%|##5       | 125/500 [00:32<01:35,  3.94it/s]
 25%|##5       | 126/500 [00:32<01:34,  3.97it/s]
 25%|##5       | 127/500 [00:32<01:33,  3.99it/s]
 26%|##5       | 128/500 [00:33<01:33,  3.98it/s]
 26%|##5       | 129/500 [00:33<01:32,  3.99it/s]
 26%|##6       | 130/500 [00:33<01:32,  3.98it/s]
 26%|##6       | 131/500 [00:33<01:32,  3.99it/s]
 26%|##6       | 132/500 [00:34<01:32,  3.99it/s]
 27%|##6       | 133/500 [00:34<01:32,  3.99it/s]
 27%|##6       | 134/500 [00:34<01:31,  3.99it/s]
 27%|##7       | 135/500 [00:34<01:31,  3.99it/s]
 27%|##7       | 136/500 [00:35<01:31,  3.99it/s]
 27%|##7       | 137/500 [00:35<01:30,  4.00it/s]
 28%|##7       | 138/500 [00:35<01:30,  4.00it/s]
 28%|##7       | 139/500 [00:35<01:30,  3.99it/s]
 28%|##8       | 140/500 [00:36<01:30,  3.98it/s]
 28%|##8       | 141/500 [00:36<01:30,  3.97it/s]
 28%|##8       | 142/500 [00:36<01:30,  3.98it/s]
 29%|##8       | 143/500 [00:36<01:29,  3.99it/s]
 29%|##8       | 144/500 [00:37<01:29,  4.00it/s]
 29%|##9       | 145/500 [00:37<01:28,  4.00it/s]
 29%|##9       | 146/500 [00:37<01:53,  3.11it/s]
 29%|##9       | 147/500 [00:38<01:45,  3.35it/s]
 30%|##9       | 148/500 [00:38<01:39,  3.53it/s]
 30%|##9       | 149/500 [00:38<01:35,  3.66it/s]
 30%|###       | 150/500 [00:38<01:33,  3.76it/s]
 30%|###       | 151/500 [00:39<01:30,  3.85it/s]
 30%|###       | 152/500 [00:39<01:28,  3.92it/s]
 31%|###       | 153/500 [00:39<01:27,  3.96it/s]
 31%|###       | 154/500 [00:39<01:27,  3.97it/s]
 31%|###1      | 155/500 [00:40<01:26,  3.98it/s]
 31%|###1      | 156/500 [00:40<01:25,  4.01it/s]
 31%|###1      | 157/500 [00:40<01:25,  4.01it/s]
 32%|###1      | 158/500 [00:40<01:25,  4.01it/s]
 32%|###1      | 159/500 [00:41<01:25,  4.01it/s]
 32%|###2      | 160/500 [00:41<01:25,  3.99it/s]
 32%|###2      | 161/500 [00:41<01:25,  3.98it/s]
 32%|###2      | 162/500 [00:41<01:24,  3.98it/s]
 33%|###2      | 163/500 [00:42<01:25,  3.96it/s]
 33%|###2      | 164/500 [00:42<01:24,  3.96it/s]
 33%|###3      | 165/500 [00:42<01:24,  3.97it/s]
 33%|###3      | 166/500 [00:42<01:24,  3.96it/s]
 33%|###3      | 167/500 [00:43<01:24,  3.95it/s]
 34%|###3      | 168/500 [00:43<01:23,  3.95it/s]
 34%|###3      | 169/500 [00:43<01:23,  3.96it/s]
 34%|###4      | 170/500 [00:43<01:23,  3.96it/s]
 34%|###4      | 171/500 [00:44<01:23,  3.96it/s]
 34%|###4      | 172/500 [00:44<01:22,  3.98it/s]
 35%|###4      | 173/500 [00:44<01:21,  3.99it/s]
 35%|###4      | 174/500 [00:44<01:21,  3.98it/s]
 35%|###5      | 175/500 [00:45<01:43,  3.15it/s]
 35%|###5      | 176/500 [00:45<01:35,  3.38it/s]
 35%|###5      | 177/500 [00:45<01:31,  3.55it/s]
 36%|###5      | 178/500 [00:46<01:27,  3.67it/s]
 36%|###5      | 179/500 [00:46<01:25,  3.77it/s]
 36%|###6      | 180/500 [00:46<01:23,  3.83it/s]
 36%|###6      | 181/500 [00:46<01:22,  3.89it/s]
 36%|###6      | 182/500 [00:47<01:21,  3.92it/s]
 37%|###6      | 183/500 [00:47<01:20,  3.93it/s]
 37%|###6      | 184/500 [00:47<01:20,  3.95it/s]
 37%|###7      | 185/500 [00:47<01:19,  3.96it/s]
 37%|###7      | 186/500 [00:48<01:19,  3.97it/s]
 37%|###7      | 187/500 [00:48<01:18,  3.98it/s]
 38%|###7      | 188/500 [00:48<01:17,  4.00it/s]
 38%|###7      | 189/500 [00:48<01:16,  4.05it/s]
 38%|###8      | 190/500 [00:49<01:16,  4.05it/s]
 38%|###8      | 191/500 [00:49<01:16,  4.04it/s]
 38%|###8      | 192/500 [00:49<01:16,  4.02it/s]
 39%|###8      | 193/500 [00:49<01:16,  4.02it/s]
 39%|###8      | 194/500 [00:50<01:16,  4.01it/s]
 39%|###9      | 195/500 [00:50<01:16,  4.01it/s]
 39%|###9      | 196/500 [00:50<01:15,  4.01it/s]
 39%|###9      | 197/500 [00:50<01:15,  4.00it/s]
 40%|###9      | 198/500 [00:51<01:15,  4.00it/s]
 40%|###9      | 199/500 [00:51<01:15,  3.99it/s]
 40%|####      | 200/500 [00:51<01:14,  4.01it/s]
 40%|####      | 201/500 [00:51<01:14,  4.03it/s]
 40%|####      | 202/500 [00:52<01:13,  4.05it/s]
 41%|####      | 203/500 [00:52<01:13,  4.05it/s]
 41%|####      | 204/500 [00:52<01:32,  3.19it/s]
 41%|####1     | 205/500 [00:52<01:26,  3.42it/s]
 41%|####1     | 206/500 [00:53<01:22,  3.58it/s]
 41%|####1     | 207/500 [00:53<01:19,  3.71it/s]
 42%|####1     | 208/500 [00:53<01:16,  3.80it/s]
 42%|####1     | 209/500 [00:53<01:15,  3.86it/s]
 42%|####2     | 210/500 [00:54<01:14,  3.90it/s]
 42%|####2     | 211/500 [00:54<01:13,  3.96it/s]
 42%|####2     | 212/500 [00:54<01:12,  3.97it/s]
 43%|####2     | 213/500 [00:54<01:12,  3.98it/s]
 43%|####2     | 214/500 [00:55<01:11,  3.98it/s]
 43%|####3     | 215/500 [00:55<01:11,  3.98it/s]
 43%|####3     | 216/500 [00:55<01:11,  3.97it/s]
 43%|####3     | 217/500 [00:55<01:11,  3.95it/s]
 44%|####3     | 218/500 [00:56<01:11,  3.95it/s]
 44%|####3     | 219/500 [00:56<01:11,  3.95it/s]
 44%|####4     | 220/500 [00:56<01:10,  3.96it/s]
 44%|####4     | 221/500 [00:56<01:10,  3.95it/s]
 44%|####4     | 222/500 [00:57<01:10,  3.95it/s]
 45%|####4     | 223/500 [00:57<01:10,  3.94it/s]
 45%|####4     | 224/500 [00:57<01:09,  3.95it/s]
 45%|####5     | 225/500 [00:58<01:09,  3.95it/s]
 45%|####5     | 226/500 [00:58<01:09,  3.95it/s]
 45%|####5     | 227/500 [00:58<01:09,  3.95it/s]
 46%|####5     | 228/500 [00:58<01:08,  3.95it/s]
 46%|####5     | 229/500 [00:59<01:08,  3.95it/s]
 46%|####6     | 230/500 [00:59<01:08,  3.95it/s]
 46%|####6     | 231/500 [00:59<01:07,  3.97it/s]
 46%|####6     | 232/500 [00:59<01:07,  3.99it/s]
 47%|####6     | 233/500 [01:00<01:24,  3.16it/s]
 47%|####6     | 234/500 [01:00<01:18,  3.41it/s]
 47%|####6     | 235/500 [01:00<01:13,  3.59it/s]
 47%|####7     | 236/500 [01:00<01:11,  3.70it/s]
 47%|####7     | 237/500 [01:01<01:09,  3.77it/s]
 48%|####7     | 238/500 [01:01<01:08,  3.84it/s]
 48%|####7     | 239/500 [01:01<01:07,  3.88it/s]
 48%|####8     | 240/500 [01:01<01:06,  3.91it/s]
 48%|####8     | 241/500 [01:02<01:06,  3.92it/s]
 48%|####8     | 242/500 [01:02<01:05,  3.93it/s]
 49%|####8     | 243/500 [01:02<01:05,  3.94it/s]
 49%|####8     | 244/500 [01:02<01:04,  3.95it/s]
 49%|####9     | 245/500 [01:03<01:04,  3.96it/s]
 49%|####9     | 246/500 [01:03<01:04,  3.97it/s]
 49%|####9     | 247/500 [01:03<01:03,  3.97it/s]
 50%|####9     | 248/500 [01:03<01:03,  3.97it/s]
 50%|####9     | 249/500 [01:04<01:03,  3.98it/s]
 50%|#####     | 250/500 [01:04<01:02,  3.98it/s]
 50%|#####     | 251/500 [01:04<01:02,  3.97it/s]
 50%|#####     | 252/500 [01:05<01:02,  3.97it/s]
 51%|#####     | 253/500 [01:05<01:02,  3.97it/s]
 51%|#####     | 254/500 [01:05<01:01,  3.97it/s]
 51%|#####1    | 255/500 [01:05<01:01,  3.97it/s]
 51%|#####1    | 256/500 [01:06<01:01,  3.97it/s]
 51%|#####1    | 257/500 [01:06<01:01,  3.97it/s]
 52%|#####1    | 258/500 [01:06<01:00,  3.98it/s]
 52%|#####1    | 259/500 [01:06<01:00,  3.98it/s]
 52%|#####2    | 260/500 [01:07<01:00,  3.99it/s]
 52%|#####2    | 261/500 [01:07<01:00,  3.98it/s]
 52%|#####2    | 262/500 [01:07<01:15,  3.17it/s]
 53%|#####2    | 263/500 [01:07<01:09,  3.40it/s]
 53%|#####2    | 264/500 [01:08<01:06,  3.57it/s]
 53%|#####3    | 265/500 [01:08<01:03,  3.69it/s]
 53%|#####3    | 266/500 [01:08<01:01,  3.78it/s]
 53%|#####3    | 267/500 [01:08<01:00,  3.85it/s]
 54%|#####3    | 268/500 [01:09<00:59,  3.92it/s]
 54%|#####3    | 269/500 [01:09<00:58,  3.97it/s]
 54%|#####4    | 270/500 [01:09<00:57,  4.00it/s]
 54%|#####4    | 271/500 [01:09<00:57,  4.01it/s]
 54%|#####4    | 272/500 [01:10<00:56,  4.01it/s]
 55%|#####4    | 273/500 [01:10<00:56,  4.02it/s]
 55%|#####4    | 274/500 [01:10<00:56,  4.02it/s]
 55%|#####5    | 275/500 [01:10<00:56,  4.01it/s]
 55%|#####5    | 276/500 [01:11<00:55,  4.00it/s]
 55%|#####5    | 277/500 [01:11<00:55,  4.00it/s]
 56%|#####5    | 278/500 [01:11<00:55,  4.01it/s]
 56%|#####5    | 279/500 [01:11<00:54,  4.02it/s]
 56%|#####6    | 280/500 [01:12<00:54,  4.03it/s]
 56%|#####6    | 281/500 [01:12<00:54,  4.04it/s]
 56%|#####6    | 282/500 [01:12<00:53,  4.04it/s]
 57%|#####6    | 283/500 [01:12<00:54,  4.02it/s]
 57%|#####6    | 284/500 [01:13<00:53,  4.00it/s]
 57%|#####6    | 285/500 [01:13<00:53,  4.00it/s]
 57%|#####7    | 286/500 [01:13<00:53,  4.02it/s]
 57%|#####7    | 287/500 [01:13<00:52,  4.04it/s]
 58%|#####7    | 288/500 [01:14<00:52,  4.04it/s]
 58%|#####7    | 289/500 [01:14<00:52,  4.04it/s]
 58%|#####8    | 290/500 [01:14<00:52,  4.04it/s]
 58%|#####8    | 291/500 [01:15<01:05,  3.18it/s]
 58%|#####8    | 292/500 [01:15<01:00,  3.42it/s]
 59%|#####8    | 293/500 [01:15<00:57,  3.59it/s]
 59%|#####8    | 294/500 [01:15<00:55,  3.71it/s]
 59%|#####8    | 295/500 [01:16<00:53,  3.80it/s]
 59%|#####9    | 296/500 [01:16<00:52,  3.87it/s]
 59%|#####9    | 297/500 [01:16<00:51,  3.91it/s]
 60%|#####9    | 298/500 [01:16<00:51,  3.95it/s]
 60%|#####9    | 299/500 [01:17<00:50,  3.98it/s]
 60%|######    | 300/500 [01:17<00:49,  4.01it/s]
 60%|######    | 301/500 [01:17<00:49,  4.02it/s]
 60%|######    | 302/500 [01:17<00:49,  4.02it/s]
 61%|######    | 303/500 [01:18<00:48,  4.02it/s]
 61%|######    | 304/500 [01:18<00:48,  4.03it/s]
 61%|######1   | 305/500 [01:18<00:48,  4.02it/s]
 61%|######1   | 306/500 [01:18<00:48,  4.02it/s]
 61%|######1   | 307/500 [01:19<00:48,  4.02it/s]
 62%|######1   | 308/500 [01:19<00:47,  4.03it/s]
 62%|######1   | 309/500 [01:19<00:47,  4.04it/s]
 62%|######2   | 310/500 [01:19<00:47,  4.03it/s]
 62%|######2   | 311/500 [01:20<00:46,  4.03it/s]
 62%|######2   | 312/500 [01:20<00:46,  4.03it/s]
 63%|######2   | 313/500 [01:20<00:46,  4.04it/s]
 63%|######2   | 314/500 [01:20<00:46,  4.03it/s]
 63%|######3   | 315/500 [01:21<00:46,  4.01it/s]
 63%|######3   | 316/500 [01:21<00:45,  4.02it/s]
 63%|######3   | 317/500 [01:21<00:45,  4.03it/s]
 64%|######3   | 318/500 [01:21<00:44,  4.05it/s]
 64%|######3   | 319/500 [01:22<00:44,  4.05it/s]
 64%|######4   | 320/500 [01:22<00:56,  3.18it/s]
 64%|######4   | 321/500 [01:22<00:52,  3.39it/s]
 64%|######4   | 322/500 [01:23<00:50,  3.55it/s]
 65%|######4   | 323/500 [01:23<00:48,  3.67it/s]
 65%|######4   | 324/500 [01:23<00:46,  3.76it/s]
 65%|######5   | 325/500 [01:23<00:45,  3.81it/s]
 65%|######5   | 326/500 [01:24<00:45,  3.86it/s]
 65%|######5   | 327/500 [01:24<00:44,  3.90it/s]
 66%|######5   | 328/500 [01:24<00:43,  3.92it/s]
 66%|######5   | 329/500 [01:24<00:43,  3.94it/s]
 66%|######6   | 330/500 [01:25<00:42,  3.96it/s]
 66%|######6   | 331/500 [01:25<00:42,  3.95it/s]
 66%|######6   | 332/500 [01:25<00:42,  3.96it/s]
 67%|######6   | 333/500 [01:25<00:42,  3.97it/s]
 67%|######6   | 334/500 [01:26<00:41,  3.99it/s]
 67%|######7   | 335/500 [01:26<00:41,  3.99it/s]
 67%|######7   | 336/500 [01:26<00:41,  3.98it/s]
 67%|######7   | 337/500 [01:26<00:40,  3.99it/s]
 68%|######7   | 338/500 [01:27<00:40,  3.98it/s]
 68%|######7   | 339/500 [01:27<00:40,  3.99it/s]
 68%|######8   | 340/500 [01:27<00:40,  3.99it/s]
 68%|######8   | 341/500 [01:27<00:39,  3.98it/s]
 68%|######8   | 342/500 [01:28<00:39,  3.98it/s]
 69%|######8   | 343/500 [01:28<00:39,  3.98it/s]
 69%|######8   | 344/500 [01:28<00:39,  3.99it/s]
 69%|######9   | 345/500 [01:28<00:38,  3.99it/s]
 69%|######9   | 346/500 [01:29<00:38,  4.00it/s]
 69%|######9   | 347/500 [01:29<00:38,  4.00it/s]
 70%|######9   | 348/500 [01:29<00:37,  4.00it/s]
 70%|######9   | 349/500 [01:30<00:47,  3.17it/s]
 70%|#######   | 350/500 [01:30<00:44,  3.41it/s]
 70%|#######   | 351/500 [01:30<00:41,  3.57it/s]
 70%|#######   | 352/500 [01:30<00:40,  3.69it/s]
 71%|#######   | 353/500 [01:31<00:38,  3.78it/s]
 71%|#######   | 354/500 [01:31<00:38,  3.83it/s]
 71%|#######1  | 355/500 [01:31<00:37,  3.89it/s]
 71%|#######1  | 356/500 [01:31<00:36,  3.92it/s]
 71%|#######1  | 357/500 [01:32<00:36,  3.94it/s]
 72%|#######1  | 358/500 [01:32<00:35,  3.95it/s]
 72%|#######1  | 359/500 [01:32<00:35,  3.96it/s]
 72%|#######2  | 360/500 [01:32<00:35,  3.97it/s]
 72%|#######2  | 361/500 [01:33<00:35,  3.95it/s]
 72%|#######2  | 362/500 [01:33<00:34,  3.96it/s]
 73%|#######2  | 363/500 [01:33<00:34,  3.96it/s]
 73%|#######2  | 364/500 [01:33<00:34,  3.96it/s]
 73%|#######3  | 365/500 [01:34<00:34,  3.96it/s]
 73%|#######3  | 366/500 [01:34<00:33,  3.96it/s]
 73%|#######3  | 367/500 [01:34<00:33,  3.98it/s]
 74%|#######3  | 368/500 [01:34<00:33,  3.99it/s]
 74%|#######3  | 369/500 [01:35<00:32,  3.98it/s]
 74%|#######4  | 370/500 [01:35<00:32,  3.98it/s]
 74%|#######4  | 371/500 [01:35<00:32,  3.98it/s]
 74%|#######4  | 372/500 [01:35<00:32,  3.98it/s]
 75%|#######4  | 373/500 [01:36<00:31,  3.97it/s]
 75%|#######4  | 374/500 [01:36<00:31,  4.00it/s]
 75%|#######5  | 375/500 [01:36<00:31,  4.00it/s]
 75%|#######5  | 376/500 [01:36<00:31,  3.99it/s]
 75%|#######5  | 377/500 [01:37<00:30,  4.00it/s]
 76%|#######5  | 378/500 [01:37<00:38,  3.17it/s]
 76%|#######5  | 379/500 [01:37<00:35,  3.38it/s]
 76%|#######6  | 380/500 [01:38<00:33,  3.54it/s]
 76%|#######6  | 381/500 [01:38<00:32,  3.66it/s]
 76%|#######6  | 382/500 [01:38<00:31,  3.76it/s]
 77%|#######6  | 383/500 [01:38<00:30,  3.82it/s]
 77%|#######6  | 384/500 [01:39<00:29,  3.87it/s]
 77%|#######7  | 385/500 [01:39<00:29,  3.91it/s]
 77%|#######7  | 386/500 [01:39<00:29,  3.93it/s]
 77%|#######7  | 387/500 [01:39<00:28,  3.94it/s]
 78%|#######7  | 388/500 [01:40<00:28,  3.96it/s]
 78%|#######7  | 389/500 [01:40<00:28,  3.96it/s]
 78%|#######8  | 390/500 [01:40<00:27,  3.97it/s]
 78%|#######8  | 391/500 [01:40<00:27,  3.97it/s]
 78%|#######8  | 392/500 [01:41<00:27,  3.97it/s]
 79%|#######8  | 393/500 [01:41<00:26,  3.99it/s]
 79%|#######8  | 394/500 [01:41<00:26,  4.00it/s]
 79%|#######9  | 395/500 [01:41<00:26,  4.01it/s]
 79%|#######9  | 396/500 [01:42<00:25,  4.01it/s]
 79%|#######9  | 397/500 [01:42<00:25,  4.02it/s]
 80%|#######9  | 398/500 [01:42<00:25,  4.03it/s]
 80%|#######9  | 399/500 [01:42<00:25,  4.03it/s]
 80%|########  | 400/500 [01:43<00:24,  4.02it/s]
 80%|########  | 401/500 [01:43<00:24,  4.03it/s]
 80%|########  | 402/500 [01:43<00:24,  4.03it/s]
 81%|########  | 403/500 [01:43<00:24,  4.02it/s]
 81%|########  | 404/500 [01:44<00:23,  4.03it/s]
 81%|########1 | 405/500 [01:44<00:23,  4.04it/s]
 81%|########1 | 406/500 [01:44<00:23,  4.03it/s]
 81%|########1 | 407/500 [01:44<00:29,  3.19it/s]
 82%|########1 | 408/500 [01:45<00:26,  3.41it/s]
 82%|########1 | 409/500 [01:45<00:25,  3.58it/s]
 82%|########2 | 410/500 [01:45<00:24,  3.70it/s]
 82%|########2 | 411/500 [01:45<00:23,  3.80it/s]
 82%|########2 | 412/500 [01:46<00:22,  3.86it/s]
 83%|########2 | 413/500 [01:46<00:22,  3.90it/s]
 83%|########2 | 414/500 [01:46<00:21,  3.94it/s]
 83%|########2 | 415/500 [01:46<00:21,  3.96it/s]
 83%|########3 | 416/500 [01:47<00:21,  3.98it/s]
 83%|########3 | 417/500 [01:47<00:20,  4.00it/s]
 84%|########3 | 418/500 [01:47<00:20,  4.00it/s]
 84%|########3 | 419/500 [01:47<00:20,  4.02it/s]
 84%|########4 | 420/500 [01:48<00:19,  4.03it/s]
 84%|########4 | 421/500 [01:48<00:19,  4.03it/s]
 84%|########4 | 422/500 [01:48<00:19,  4.03it/s]
 85%|########4 | 423/500 [01:48<00:19,  4.03it/s]
 85%|########4 | 424/500 [01:49<00:19,  4.00it/s]
 85%|########5 | 425/500 [01:49<00:18,  4.00it/s]
 85%|########5 | 426/500 [01:49<00:18,  4.02it/s]
 85%|########5 | 427/500 [01:49<00:18,  4.02it/s]
 86%|########5 | 428/500 [01:50<00:17,  4.02it/s]
 86%|########5 | 429/500 [01:50<00:17,  4.02it/s]
 86%|########6 | 430/500 [01:50<00:17,  4.02it/s]
 86%|########6 | 431/500 [01:50<00:17,  3.99it/s]
 86%|########6 | 432/500 [01:51<00:16,  4.02it/s]
 87%|########6 | 433/500 [01:51<00:16,  4.03it/s]
 87%|########6 | 434/500 [01:51<00:16,  4.04it/s]
 87%|########7 | 435/500 [01:51<00:16,  4.05it/s]
 87%|########7 | 436/500 [01:52<00:20,  3.15it/s]
 87%|########7 | 437/500 [01:52<00:18,  3.37it/s]
 88%|########7 | 438/500 [01:52<00:17,  3.53it/s]
 88%|########7 | 439/500 [01:53<00:16,  3.66it/s]
 88%|########8 | 440/500 [01:53<00:15,  3.75it/s]
 88%|########8 | 441/500 [01:53<00:15,  3.82it/s]
 88%|########8 | 442/500 [01:53<00:15,  3.86it/s]
 89%|########8 | 443/500 [01:54<00:14,  3.91it/s]
 89%|########8 | 444/500 [01:54<00:14,  3.95it/s]
 89%|########9 | 445/500 [01:54<00:13,  3.98it/s]
 89%|########9 | 446/500 [01:54<00:13,  3.99it/s]
 89%|########9 | 447/500 [01:55<00:13,  3.99it/s]
 90%|########9 | 448/500 [01:55<00:13,  3.99it/s]
 90%|########9 | 449/500 [01:55<00:12,  3.99it/s]
 90%|######### | 450/500 [01:55<00:12,  4.00it/s]
 90%|######### | 451/500 [01:56<00:12,  4.00it/s]
 90%|######### | 452/500 [01:56<00:11,  4.00it/s]
 91%|######### | 453/500 [01:56<00:11,  4.00it/s]
 91%|######### | 454/500 [01:56<00:11,  3.99it/s]
 91%|#########1| 455/500 [01:57<00:11,  3.99it/s]
 91%|#########1| 456/500 [01:57<00:10,  4.00it/s]
 91%|#########1| 457/500 [01:57<00:10,  4.00it/s]
 92%|#########1| 458/500 [01:57<00:10,  4.00it/s]
 92%|#########1| 459/500 [01:58<00:10,  4.01it/s]
 92%|#########2| 460/500 [01:58<00:09,  4.01it/s]
 92%|#########2| 461/500 [01:58<00:09,  4.04it/s]
 92%|#########2| 462/500 [01:58<00:09,  4.05it/s]
 93%|#########2| 463/500 [01:59<00:09,  4.02it/s]
 93%|#########2| 464/500 [01:59<00:08,  4.04it/s]
 93%|#########3| 465/500 [01:59<00:10,  3.19it/s]
 93%|#########3| 466/500 [02:00<00:10,  3.39it/s]
 93%|#########3| 467/500 [02:00<00:09,  3.56it/s]
 94%|#########3| 468/500 [02:00<00:08,  3.68it/s]
 94%|#########3| 469/500 [02:00<00:08,  3.77it/s]
 94%|#########3| 470/500 [02:01<00:07,  3.83it/s]
 94%|#########4| 471/500 [02:01<00:07,  3.88it/s]
 94%|#########4| 472/500 [02:01<00:07,  3.91it/s]
 95%|#########4| 473/500 [02:01<00:06,  3.93it/s]
 95%|#########4| 474/500 [02:02<00:06,  3.94it/s]
 95%|#########5| 475/500 [02:02<00:06,  3.95it/s]
 95%|#########5| 476/500 [02:02<00:06,  3.95it/s]
 95%|#########5| 477/500 [02:02<00:05,  3.95it/s]
 96%|#########5| 478/500 [02:03<00:05,  3.97it/s]
 96%|#########5| 479/500 [02:03<00:05,  3.98it/s]
 96%|#########6| 480/500 [02:03<00:05,  3.97it/s]
 96%|#########6| 481/500 [02:03<00:04,  3.96it/s]
 96%|#########6| 482/500 [02:04<00:04,  3.96it/s]
 97%|#########6| 483/500 [02:04<00:04,  3.96it/s]
 97%|#########6| 484/500 [02:04<00:04,  3.97it/s]
 97%|#########7| 485/500 [02:04<00:03,  3.99it/s]
 97%|#########7| 486/500 [02:05<00:03,  4.00it/s]
 97%|#########7| 487/500 [02:05<00:03,  3.99it/s]
 98%|#########7| 488/500 [02:05<00:03,  4.00it/s]
 98%|#########7| 489/500 [02:05<00:02,  4.00it/s]
 98%|#########8| 490/500 [02:06<00:02,  4.01it/s]
 98%|#########8| 491/500 [02:06<00:02,  4.02it/s]
 98%|#########8| 492/500 [02:06<00:01,  4.04it/s]
 99%|#########8| 493/500 [02:06<00:01,  4.03it/s]
 99%|#########8| 494/500 [02:07<00:01,  3.19it/s]
 99%|#########9| 495/500 [02:07<00:01,  3.41it/s]
 99%|#########9| 496/500 [02:07<00:01,  3.57it/s]
 99%|#########9| 497/500 [02:08<00:00,  3.69it/s]
100%|#########9| 498/500 [02:08<00:00,  3.78it/s]
100%|#########9| 499/500 [02:08<00:00,  3.84it/s]
100%|##########| 500/500 [02:08<00:00,  3.89it/s]
100%|##########| 500/500 [02:08<00:00,  3.88it/s]
Train Epoch 30
{
    "Loss": 0.008507937955670059,
    "Optimizer/policy0_lr": 0.00010000000000000003,
    "Policy_Grad_Norms": 0.04701792502146951,
    "Time_Data_Loading": 0.10023014148076376,
    "Time_Epoch": 2.1478941679000854,
    "Time_Log_Info": 0.024590639273325603,
    "Time_Process_Batch": 0.7595253984133402,
    "Time_Train_Batch": 1.236268691221873
}
save checkpoint to /home/franka/franka_data/policies/HuskyMango/filter-9-19-libero-90-9/sail/20260917170254/models/model_epoch_30.pth

Epoch 30 Memory Usage: 2298 MB


  0%|          | 0/500 [00:00<?, ?it/s]
  0%|          | 1/500 [00:00<03:13,  2.58it/s]
  0%|          | 2/500 [00:00<02:31,  3.29it/s]
  1%|          | 3/500 [00:00<02:18,  3.59it/s]
  1%|          | 4/500 [00:01<02:12,  3.75it/s]
  1%|1         | 5/500 [00:01<02:08,  3.84it/s]
  1%|1         | 6/500 [00:01<02:06,  3.89it/s]
  1%|1         | 7/500 [00:01<02:05,  3.94it/s]
  2%|1         | 8/500 [00:02<02:04,  3.95it/s]
  2%|1         | 9/500 [00:02<02:03,  3.97it/s]
  2%|2         | 10/500 [00:02<02:02,  3.99it/s]
  2%|2         | 11/500 [00:02<02:02,  4.00it/s]
  2%|2         | 12/500 [00:03<02:01,  4.01it/s]
  3%|2         | 13/500 [00:03<02:01,  4.02it/s]
  3%|2         | 14/500 [00:03<02:00,  4.02it/s]
  3%|3         | 15/500 [00:03<02:00,  4.01it/s]
  3%|3         | 16/500 [00:04<02:00,  4.01it/s]
  3%|3         | 17/500 [00:04<02:00,  4.00it/s]
  4%|3         | 18/500 [00:04<02:00,  4.00it/s]
  4%|3         | 19/500 [00:04<02:00,  3.98it/s]
  4%|4         | 20/500 [00:05<02:00,  3.99it/s]
  4%|4         | 21/500 [00:05<02:00,  3.98it/s]
  4%|4         | 22/500 [00:05<02:00,  3.98it/s]
  5%|4         | 23/500 [00:05<02:00,  3.97it/s]
  5%|4         | 24/500 [00:06<01:59,  3.97it/s]
  5%|5         | 25/500 [00:06<01:59,  3.97it/s]
  5%|5         | 26/500 [00:06<01:59,  3.98it/s]
  5%|5         | 27/500 [00:06<01:58,  3.98it/s]
  6%|5         | 28/500 [00:07<01:57,  4.00it/s]
  6%|5         | 29/500 [00:07<01:57,  4.02it/s]
  6%|6         | 30/500 [00:07<02:27,  3.20it/s]
  6%|6         | 31/500 [00:08<02:16,  3.43it/s]
  6%|6         | 32/500 [00:08<02:09,  3.60it/s]
  7%|6         | 33/500 [00:08<02:05,  3.72it/s]
  7%|6         | 34/500 [00:08<02:02,  3.79it/s]
  7%|7         | 35/500 [00:09<02:00,  3.85it/s]
  7%|7         | 36/500 [00:09<01:58,  3.91it/s]
  7%|7         | 37/500 [00:09<01:57,  3.94it/s]
  8%|7         | 38/500 [00:09<01:56,  3.98it/s]
  8%|7         | 39/500 [00:10<01:55,  3.99it/s]
  8%|8         | 40/500 [00:10<01:55,  3.99it/s]
  8%|8         | 41/500 [00:10<01:54,  4.00it/s]
  8%|8         | 42/500 [00:10<01:54,  4.00it/s]
  9%|8         | 43/500 [00:11<01:54,  4.00it/s]
  9%|8         | 44/500 [00:11<01:53,  4.01it/s]
  9%|9         | 45/500 [00:11<01:53,  4.01it/s]
  9%|9         | 46/500 [00:11<01:53,  3.99it/s]
  9%|9         | 47/500 [00:12<01:53,  3.99it/s]
 10%|9         | 48/500 [00:12<01:53,  3.99it/s]
 10%|9         | 49/500 [00:12<01:53,  3.99it/s]
 10%|#         | 50/500 [00:12<01:52,  3.99it/s]
 10%|#         | 51/500 [00:13<01:52,  3.99it/s]
 10%|#         | 52/500 [00:13<01:52,  3.99it/s]
 11%|#         | 53/500 [00:13<01:52,  3.99it/s]
 11%|#         | 54/500 [00:13<01:51,  3.99it/s]
 11%|#1        | 55/500 [00:14<01:51,  4.01it/s]
 11%|#1        | 56/500 [00:14<01:50,  4.01it/s]
 11%|#1        | 57/500 [00:14<01:50,  4.02it/s]
 12%|#1        | 58/500 [00:14<01:50,  4.02it/s]
 12%|#1        | 59/500 [00:15<02:20,  3.14it/s]
 12%|#2        | 60/500 [00:15<02:09,  3.39it/s]
 12%|#2        | 61/500 [00:15<02:03,  3.57it/s]
 12%|#2        | 62/500 [00:16<01:58,  3.70it/s]
 13%|#2        | 63/500 [00:16<01:54,  3.80it/s]
 13%|#2        | 64/500 [00:16<01:52,  3.89it/s]
 13%|#3        | 65/500 [00:16<01:50,  3.93it/s]
 13%|#3        | 66/500 [00:17<01:49,  3.96it/s]
 13%|#3        | 67/500 [00:17<01:48,  3.98it/s]
 14%|#3        | 68/500 [00:17<01:47,  4.00it/s]
 14%|#3        | 69/500 [00:17<01:47,  4.01it/s]
 14%|#4        | 70/500 [00:18<01:47,  4.01it/s]
 14%|#4        | 71/500 [00:18<01:47,  4.01it/s]
 14%|#4        | 72/500 [00:18<01:46,  4.01it/s]
 15%|#4        | 73/500 [00:18<01:46,  4.01it/s]
 15%|#4        | 74/500 [00:19<01:46,  4.01it/s]
 15%|#5        | 75/500 [00:19<01:45,  4.01it/s]
 15%|#5        | 76/500 [00:19<01:45,  4.02it/s]
 15%|#5        | 77/500 [00:19<01:45,  4.01it/s]
 16%|#5        | 78/500 [00:20<01:45,  4.01it/s]
 16%|#5        | 79/500 [00:20<01:44,  4.01it/s]
 16%|#6        | 80/500 [00:20<01:44,  4.00it/s]
 16%|#6        | 81/500 [00:20<01:44,  4.00it/s]
 16%|#6        | 82/500 [00:21<01:44,  3.99it/s]
 17%|#6        | 83/500 [00:21<01:44,  3.99it/s]
 17%|#6        | 84/500 [00:21<01:44,  4.00it/s]
 17%|#7        | 85/500 [00:21<01:43,  4.01it/s]
 17%|#7        | 86/500 [00:22<01:43,  4.02it/s]
 17%|#7        | 87/500 [00:22<01:42,  4.01it/s]
 18%|#7        | 88/500 [00:22<02:10,  3.16it/s]
 18%|#7        | 89/500 [00:22<02:00,  3.41it/s]
 18%|#8        | 90/500 [00:23<01:54,  3.58it/s]
 18%|#8        | 91/500 [00:23<01:50,  3.71it/s]
 18%|#8        | 92/500 [00:23<01:47,  3.80it/s]
 19%|#8        | 93/500 [00:23<01:45,  3.87it/s]
 19%|#8        | 94/500 [00:24<01:44,  3.90it/s]
 19%|#9        | 95/500 [00:24<01:42,  3.95it/s]
 19%|#9        | 96/500 [00:24<01:41,  3.98it/s]
 19%|#9        | 97/500 [00:24<01:41,  3.99it/s]
 20%|#9        | 98/500 [00:25<01:40,  4.00it/s]
 20%|#9        | 99/500 [00:25<01:40,  4.00it/s]
 20%|##        | 100/500 [00:25<01:40,  4.00it/s]
 20%|##        | 101/500 [00:25<01:40,  3.99it/s]
 20%|##        | 102/500 [00:26<01:39,  4.00it/s]
 21%|##        | 103/500 [00:26<01:39,  4.00it/s]
 21%|##        | 104/500 [00:26<01:39,  3.99it/s]
 21%|##1       | 105/500 [00:26<01:38,  3.99it/s]
 21%|##1       | 106/500 [00:27<01:38,  3.99it/s]
 21%|##1       | 107/500 [00:27<01:38,  3.99it/s]
 22%|##1       | 108/500 [00:27<01:38,  3.99it/s]
 22%|##1       | 109/500 [00:27<01:38,  3.97it/s]
 22%|##2       | 110/500 [00:28<01:38,  3.96it/s]
 22%|##2       | 111/500 [00:28<01:38,  3.96it/s]
 22%|##2       | 112/500 [00:28<01:37,  3.98it/s]
 23%|##2       | 113/500 [00:28<01:37,  3.98it/s]
 23%|##2       | 114/500 [00:29<01:36,  3.99it/s]
 23%|##3       | 115/500 [00:29<01:36,  3.98it/s]
 23%|##3       | 116/500 [00:29<01:36,  3.99it/s]
 23%|##3       | 117/500 [00:30<02:00,  3.17it/s]
 24%|##3       | 118/500 [00:30<01:52,  3.40it/s]
 24%|##3       | 119/500 [00:30<01:46,  3.57it/s]
 24%|##4       | 120/500 [00:30<01:42,  3.70it/s]
 24%|##4       | 121/500 [00:31<01:40,  3.79it/s]
 24%|##4       | 122/500 [00:31<01:38,  3.85it/s]
 25%|##4       | 123/500 [00:31<01:37,  3.89it/s]
 25%|##4       | 124/500 [00:31<01:36,  3.91it/s]
 25%|##5       | 125/500 [00:32<01:35,  3.94it/s]
 25%|##5       | 126/500 [00:32<01:34,  3.95it/s]
 25%|##5       | 127/500 [00:32<01:34,  3.96it/s]
 26%|##5       | 128/500 [00:32<01:33,  3.96it/s]
 26%|##5       | 129/500 [00:33<01:33,  3.98it/s]
 26%|##6       | 130/500 [00:33<01:33,  3.97it/s]
 26%|##6       | 131/500 [00:33<01:33,  3.96it/s]
 26%|##6       | 132/500 [00:33<01:33,  3.95it/s]
 27%|##6       | 133/500 [00:34<01:32,  3.96it/s]
 27%|##6       | 134/500 [00:34<01:32,  3.96it/s]
 27%|##7       | 135/500 [00:34<01:32,  3.97it/s]
 27%|##7       | 136/500 [00:34<01:31,  3.98it/s]
 27%|##7       | 137/500 [00:35<01:30,  3.99it/s]
 28%|##7       | 138/500 [00:35<01:30,  4.00it/s]
 28%|##7       | 139/500 [00:35<01:30,  4.00it/s]
 28%|##8       | 140/500 [00:35<01:30,  3.98it/s]
 28%|##8       | 141/500 [00:36<01:30,  3.98it/s]
 28%|##8       | 142/500 [00:36<01:29,  3.99it/s]
 29%|##8       | 143/500 [00:36<01:29,  3.99it/s]
 29%|##8       | 144/500 [00:36<01:28,  4.01it/s]
 29%|##9       | 145/500 [00:37<01:28,  4.00it/s]
 29%|##9       | 146/500 [00:37<01:53,  3.11it/s]
 29%|##9       | 147/500 [00:37<01:45,  3.35it/s]
 30%|##9       | 148/500 [00:38<01:39,  3.53it/s]
 30%|##9       | 149/500 [00:38<01:35,  3.67it/s]
 30%|###       | 150/500 [00:38<01:33,  3.76it/s]
 30%|###       | 151/500 [00:38<01:31,  3.83it/s]
 30%|###       | 152/500 [00:39<01:29,  3.90it/s]
 31%|###       | 153/500 [00:39<01:28,  3.94it/s]
 31%|###       | 154/500 [00:39<01:27,  3.96it/s]
 31%|###1      | 155/500 [00:39<01:26,  3.98it/s]
 31%|###1      | 156/500 [00:40<01:26,  3.98it/s]
 31%|###1      | 157/500 [00:40<01:25,  4.00it/s]
 32%|###1      | 158/500 [00:40<01:25,  4.01it/s]
 32%|###1      | 159/500 [00:40<01:24,  4.01it/s]
 32%|###2      | 160/500 [00:41<01:24,  4.01it/s]
 32%|###2      | 161/500 [00:41<01:24,  4.01it/s]
 32%|###2      | 162/500 [00:41<01:24,  4.01it/s]
 33%|###2      | 163/500 [00:41<01:24,  4.00it/s]
 33%|###2      | 164/500 [00:42<01:23,  4.00it/s]
 33%|###3      | 165/500 [00:42<01:23,  4.00it/s]
 33%|###3      | 166/500 [00:42<01:23,  3.99it/s]
 33%|###3      | 167/500 [00:42<01:23,  3.99it/s]
 34%|###3      | 168/500 [00:43<01:23,  3.99it/s]
 34%|###3      | 169/500 [00:43<01:22,  4.01it/s]
 34%|###4      | 170/500 [00:43<01:22,  4.02it/s]
 34%|###4      | 171/500 [00:43<01:21,  4.02it/s]
 34%|###4      | 172/500 [00:44<01:21,  4.03it/s]
 35%|###4      | 173/500 [00:44<01:21,  4.03it/s]
 35%|###4      | 174/500 [00:44<01:20,  4.04it/s]
 35%|###5      | 175/500 [00:45<01:42,  3.18it/s]
 35%|###5      | 176/500 [00:45<01:35,  3.40it/s]
 35%|###5      | 177/500 [00:45<01:29,  3.59it/s]
 36%|###5      | 178/500 [00:45<01:26,  3.71it/s]
 36%|###5      | 179/500 [00:46<01:24,  3.82it/s]
 36%|###6      | 180/500 [00:46<01:22,  3.89it/s]
 36%|###6      | 181/500 [00:46<01:21,  3.93it/s]
 36%|###6      | 182/500 [00:46<01:20,  3.95it/s]
 37%|###6      | 183/500 [00:47<01:19,  3.98it/s]
 37%|###6      | 184/500 [00:47<01:19,  3.97it/s]
 37%|###7      | 185/500 [00:47<01:19,  3.97it/s]
 37%|###7      | 186/500 [00:47<01:19,  3.96it/s]
 37%|###7      | 187/500 [00:48<01:18,  3.97it/s]
 38%|###7      | 188/500 [00:48<01:18,  3.99it/s]
 38%|###7      | 189/500 [00:48<01:17,  4.00it/s]
 38%|###8      | 190/500 [00:48<01:17,  4.00it/s]
 38%|###8      | 191/500 [00:49<01:17,  4.00it/s]
 38%|###8      | 192/500 [00:49<01:17,  3.99it/s]
 39%|###8      | 193/500 [00:49<01:17,  3.98it/s]
 39%|###8      | 194/500 [00:49<01:17,  3.97it/s]
 39%|###9      | 195/500 [00:50<01:16,  3.98it/s]
 39%|###9      | 196/500 [00:50<01:16,  3.98it/s]
 39%|###9      | 197/500 [00:50<01:16,  3.98it/s]
 40%|###9      | 198/500 [00:50<01:15,  3.98it/s]
 40%|###9      | 199/500 [00:51<01:15,  3.98it/s]
 40%|####      | 200/500 [00:51<01:15,  4.00it/s]
 40%|####      | 201/500 [00:51<01:14,  3.99it/s]
 40%|####      | 202/500 [00:51<01:14,  3.99it/s]
 41%|####      | 203/500 [00:52<01:14,  3.99it/s]
 41%|####      | 204/500 [00:52<01:34,  3.13it/s]
 41%|####1     | 205/500 [00:52<01:27,  3.37it/s]
 41%|####1     | 206/500 [00:53<01:22,  3.55it/s]
 41%|####1     | 207/500 [00:53<01:19,  3.68it/s]
 42%|####1     | 208/500 [00:53<01:17,  3.77it/s]
 42%|####1     | 209/500 [00:53<01:16,  3.82it/s]
 42%|####2     | 210/500 [00:54<01:14,  3.87it/s]
 42%|####2     | 211/500 [00:54<01:13,  3.92it/s]
 42%|####2     | 212/500 [00:54<01:13,  3.94it/s]
 43%|####2     | 213/500 [00:54<01:12,  3.96it/s]
 43%|####2     | 214/500 [00:55<01:12,  3.96it/s]
 43%|####3     | 215/500 [00:55<01:11,  4.00it/s]
 43%|####3     | 216/500 [00:55<01:11,  4.00it/s]
 43%|####3     | 217/500 [00:55<01:10,  4.00it/s]
 44%|####3     | 218/500 [00:56<01:10,  4.00it/s]
 44%|####3     | 219/500 [00:56<01:10,  4.01it/s]
 44%|####4     | 220/500 [00:56<01:09,  4.01it/s]
 44%|####4     | 221/500 [00:56<01:09,  4.02it/s]
 44%|####4     | 222/500 [00:57<01:09,  4.02it/s]
 45%|####4     | 223/500 [00:57<01:08,  4.02it/s]
 45%|####4     | 224/500 [00:57<01:08,  4.02it/s]
 45%|####5     | 225/500 [00:57<01:08,  4.01it/s]
 45%|####5     | 226/500 [00:58<01:08,  4.02it/s]
 45%|####5     | 227/500 [00:58<01:07,  4.04it/s]
 46%|####5     | 228/500 [00:58<01:07,  4.04it/s]
 46%|####5     | 229/500 [00:58<01:07,  4.04it/s]
 46%|####6     | 230/500 [00:59<01:06,  4.04it/s]
 46%|####6     | 231/500 [00:59<01:06,  4.04it/s]
 46%|####6     | 232/500 [00:59<01:06,  4.03it/s]
 47%|####6     | 233/500 [01:00<01:23,  3.19it/s]
 47%|####6     | 234/500 [01:00<01:17,  3.43it/s]
 47%|####6     | 235/500 [01:00<01:13,  3.60it/s]
 47%|####7     | 236/500 [01:00<01:10,  3.72it/s]
 47%|####7     | 237/500 [01:00<01:08,  3.82it/s]
 48%|####7     | 238/500 [01:01<01:07,  3.89it/s]
 48%|####7     | 239/500 [01:01<01:06,  3.94it/s]
 48%|####8     | 240/500 [01:01<01:05,  3.97it/s]
 48%|####8     | 241/500 [01:01<01:05,  3.98it/s]
 48%|####8     | 242/500 [01:02<01:04,  4.00it/s]
 49%|####8     | 243/500 [01:02<01:04,  3.99it/s]
 49%|####8     | 244/500 [01:02<01:04,  3.98it/s]
 49%|####9     | 245/500 [01:02<01:03,  3.99it/s]
 49%|####9     | 246/500 [01:03<01:03,  4.01it/s]
 49%|####9     | 247/500 [01:03<01:03,  4.02it/s]
 50%|####9     | 248/500 [01:03<01:02,  4.02it/s]
 50%|####9     | 249/500 [01:03<01:02,  4.02it/s]
 50%|#####     | 250/500 [01:04<01:02,  4.02it/s]
 50%|#####     | 251/500 [01:04<01:01,  4.02it/s]
 50%|#####     | 252/500 [01:04<01:01,  4.02it/s]
 51%|#####     | 253/500 [01:04<01:01,  4.03it/s]
 51%|#####     | 254/500 [01:05<01:01,  4.03it/s]
 51%|#####1    | 255/500 [01:05<01:00,  4.02it/s]
 51%|#####1    | 256/500 [01:05<01:00,  4.02it/s]
 51%|#####1    | 257/500 [01:05<01:00,  4.01it/s]
 52%|#####1    | 258/500 [01:06<01:00,  4.02it/s]
 52%|#####1    | 259/500 [01:06<00:59,  4.03it/s]
 52%|#####2    | 260/500 [01:06<00:59,  4.02it/s]
 52%|#####2    | 261/500 [01:06<00:59,  4.02it/s]
 52%|#####2    | 262/500 [01:07<01:14,  3.19it/s]
 53%|#####2    | 263/500 [01:07<01:09,  3.42it/s]
 53%|#####2    | 264/500 [01:07<01:05,  3.58it/s]
 53%|#####3    | 265/500 [01:08<01:03,  3.72it/s]
 53%|#####3    | 266/500 [01:08<01:01,  3.80it/s]
 53%|#####3    | 267/500 [01:08<01:00,  3.86it/s]
 54%|#####3    | 268/500 [01:08<00:59,  3.91it/s]
 54%|#####3    | 269/500 [01:09<00:58,  3.96it/s]
 54%|#####4    | 270/500 [01:09<00:57,  3.98it/s]
 54%|#####4    | 271/500 [01:09<00:57,  4.01it/s]
 54%|#####4    | 272/500 [01:09<00:56,  4.00it/s]
 55%|#####4    | 273/500 [01:10<00:56,  4.02it/s]
 55%|#####4    | 274/500 [01:10<00:56,  4.02it/s]
 55%|#####5    | 275/500 [01:10<00:55,  4.04it/s]
 55%|#####5    | 276/500 [01:10<00:55,  4.05it/s]
 55%|#####5    | 277/500 [01:11<00:54,  4.06it/s]
 56%|#####5    | 278/500 [01:11<00:54,  4.05it/s]
 56%|#####5    | 279/500 [01:11<00:54,  4.08it/s]
 56%|#####6    | 280/500 [01:11<00:53,  4.08it/s]
 56%|#####6    | 281/500 [01:12<00:53,  4.07it/s]
 56%|#####6    | 282/500 [01:12<00:53,  4.06it/s]
 57%|#####6    | 283/500 [01:12<00:53,  4.05it/s]
 57%|#####6    | 284/500 [01:12<00:53,  4.03it/s]
 57%|#####6    | 285/500 [01:13<00:53,  4.03it/s]
 57%|#####7    | 286/500 [01:13<00:53,  4.02it/s]
 57%|#####7    | 287/500 [01:13<00:52,  4.03it/s]
 58%|#####7    | 288/500 [01:13<00:52,  4.03it/s]
 58%|#####7    | 289/500 [01:14<00:52,  4.02it/s]
 58%|#####8    | 290/500 [01:14<00:52,  4.02it/s]
 58%|#####8    | 291/500 [01:14<01:05,  3.18it/s]
 58%|#####8    | 292/500 [01:15<01:01,  3.40it/s]
 59%|#####8    | 293/500 [01:15<00:58,  3.56it/s]
 59%|#####8    | 294/500 [01:15<00:55,  3.69it/s]
 59%|#####8    | 295/500 [01:15<00:54,  3.79it/s]
 59%|#####9    | 296/500 [01:16<00:52,  3.87it/s]
 59%|#####9    | 297/500 [01:16<00:51,  3.92it/s]
 60%|#####9    | 298/500 [01:16<00:51,  3.95it/s]
 60%|#####9    | 299/500 [01:16<00:50,  3.98it/s]
 60%|######    | 300/500 [01:17<00:50,  3.99it/s]
 60%|######    | 301/500 [01:17<00:49,  4.00it/s]
 60%|######    | 302/500 [01:17<00:49,  4.00it/s]
 61%|######    | 303/500 [01:17<00:49,  4.01it/s]
 61%|######    | 304/500 [01:18<00:48,  4.01it/s]
 61%|######1   | 305/500 [01:18<00:48,  4.01it/s]
 61%|######1   | 306/500 [01:18<00:48,  4.01it/s]
 61%|######1   | 307/500 [01:18<00:48,  4.01it/s]
 62%|######1   | 308/500 [01:19<00:47,  4.01it/s]
 62%|######1   | 309/500 [01:19<00:47,  4.01it/s]
 62%|######2   | 310/500 [01:19<00:47,  4.01it/s]
 62%|######2   | 311/500 [01:19<00:47,  4.00it/s]
 62%|######2   | 312/500 [01:20<00:47,  4.00it/s]
 63%|######2   | 313/500 [01:20<00:46,  3.99it/s]
 63%|######2   | 314/500 [01:20<00:46,  3.99it/s]
 63%|######3   | 315/500 [01:20<00:46,  3.99it/s]
 63%|######3   | 316/500 [01:21<00:46,  3.99it/s]
 63%|######3   | 317/500 [01:21<00:45,  4.00it/s]
 64%|######3   | 318/500 [01:21<00:45,  4.00it/s]
 64%|######3   | 319/500 [01:21<00:45,  4.01it/s]
 64%|######4   | 320/500 [01:22<00:56,  3.18it/s]
 64%|######4   | 321/500 [01:22<00:52,  3.41it/s]
 64%|######4   | 322/500 [01:22<00:49,  3.58it/s]
 65%|######4   | 323/500 [01:22<00:47,  3.71it/s]
 65%|######4   | 324/500 [01:23<00:46,  3.80it/s]
 65%|######5   | 325/500 [01:23<00:45,  3.88it/s]
 65%|######5   | 326/500 [01:23<00:44,  3.93it/s]
 65%|######5   | 327/500 [01:23<00:43,  3.95it/s]
 66%|######5   | 328/500 [01:24<00:43,  3.96it/s]
 66%|######5   | 329/500 [01:24<00:43,  3.97it/s]
 66%|######6   | 330/500 [01:24<00:42,  3.98it/s]
 66%|######6   | 331/500 [01:24<00:42,  3.98it/s]
 66%|######6   | 332/500 [01:25<00:42,  3.97it/s]
 67%|######6   | 333/500 [01:25<00:42,  3.97it/s]
 67%|######6   | 334/500 [01:25<00:41,  4.00it/s]
 67%|######7   | 335/500 [01:25<00:41,  4.00it/s]
 67%|######7   | 336/500 [01:26<00:40,  4.01it/s]
 67%|######7   | 337/500 [01:26<00:40,  4.00it/s]
 68%|######7   | 338/500 [01:26<00:40,  3.99it/s]
 68%|######7   | 339/500 [01:26<00:40,  4.00it/s]
 68%|######8   | 340/500 [01:27<00:40,  3.99it/s]
 68%|######8   | 341/500 [01:27<00:39,  4.01it/s]
 68%|######8   | 342/500 [01:27<00:39,  4.00it/s]
 69%|######8   | 343/500 [01:27<00:39,  3.98it/s]
 69%|######8   | 344/500 [01:28<00:39,  3.98it/s]
 69%|######9   | 345/500 [01:28<00:38,  3.99it/s]
 69%|######9   | 346/500 [01:28<00:38,  4.00it/s]
 69%|######9   | 347/500 [01:28<00:38,  4.00it/s]
 70%|######9   | 348/500 [01:29<00:38,  4.00it/s]
 70%|######9   | 349/500 [01:29<00:47,  3.19it/s]
 70%|#######   | 350/500 [01:29<00:43,  3.42it/s]
 70%|#######   | 351/500 [01:30<00:41,  3.59it/s]
 70%|#######   | 352/500 [01:30<00:39,  3.72it/s]
 71%|#######   | 353/500 [01:30<00:38,  3.82it/s]
 71%|#######   | 354/500 [01:30<00:37,  3.88it/s]
 71%|#######1  | 355/500 [01:31<00:37,  3.92it/s]
 71%|#######1  | 356/500 [01:31<00:36,  3.96it/s]
 71%|#######1  | 357/500 [01:31<00:36,  3.97it/s]
 72%|#######1  | 358/500 [01:31<00:35,  3.98it/s]
 72%|#######1  | 359/500 [01:32<00:35,  3.99it/s]
 72%|#######2  | 360/500 [01:32<00:34,  4.01it/s]
 72%|#######2  | 361/500 [01:32<00:34,  4.01it/s]
 72%|#######2  | 362/500 [01:32<00:34,  4.02it/s]
 73%|#######2  | 363/500 [01:33<00:34,  4.02it/s]
 73%|#######2  | 364/500 [01:33<00:33,  4.03it/s]
 73%|#######3  | 365/500 [01:33<00:33,  4.02it/s]
 73%|#######3  | 366/500 [01:33<00:33,  4.02it/s]
 73%|#######3  | 367/500 [01:34<00:33,  4.02it/s]
 74%|#######3  | 368/500 [01:34<00:32,  4.02it/s]
 74%|#######3  | 369/500 [01:34<00:32,  4.03it/s]
 74%|#######4  | 370/500 [01:34<00:32,  4.03it/s]
 74%|#######4  | 371/500 [01:35<00:32,  4.02it/s]
 74%|#######4  | 372/500 [01:35<00:31,  4.02it/s]
 75%|#######4  | 373/500 [01:35<00:31,  4.02it/s]
 75%|#######4  | 374/500 [01:35<00:31,  4.02it/s]
 75%|#######5  | 375/500 [01:36<00:31,  4.03it/s]
 75%|#######5  | 376/500 [01:36<00:30,  4.03it/s]
 75%|#######5  | 377/500 [01:36<00:30,  4.04it/s]
 76%|#######5  | 378/500 [01:37<00:37,  3.22it/s]
 76%|#######5  | 379/500 [01:37<00:35,  3.44it/s]
 76%|#######6  | 380/500 [01:37<00:33,  3.60it/s]
 76%|#######6  | 381/500 [01:37<00:32,  3.71it/s]
 76%|#######6  | 382/500 [01:38<00:31,  3.79it/s]
 77%|#######6  | 383/500 [01:38<00:30,  3.85it/s]
 77%|#######6  | 384/500 [01:38<00:29,  3.90it/s]
 77%|#######7  | 385/500 [01:38<00:29,  3.94it/s]
 77%|#######7  | 386/500 [01:39<00:28,  3.97it/s]
 77%|#######7  | 387/500 [01:39<00:28,  3.98it/s]
 78%|#######7  | 388/500 [01:39<00:27,  4.00it/s]
 78%|#######7  | 389/500 [01:39<00:27,  4.00it/s]
 78%|#######8  | 390/500 [01:40<00:27,  4.01it/s]
 78%|#######8  | 391/500 [01:40<00:27,  4.02it/s]
 78%|#######8  | 392/500 [01:40<00:26,  4.03it/s]
 79%|#######8  | 393/500 [01:40<00:26,  4.01it/s]
 79%|#######8  | 394/500 [01:41<00:26,  4.01it/s]
 79%|#######9  | 395/500 [01:41<00:26,  4.00it/s]
 79%|#######9  | 396/500 [01:41<00:26,  3.98it/s]
 79%|#######9  | 397/500 [01:41<00:25,  3.98it/s]
 80%|#######9  | 398/500 [01:42<00:25,  4.00it/s]
 80%|#######9  | 399/500 [01:42<00:25,  4.00it/s]
 80%|########  | 400/500 [01:42<00:25,  3.98it/s]
 80%|########  | 401/500 [01:42<00:24,  3.98it/s]
 80%|########  | 402/500 [01:43<00:24,  3.97it/s]
 81%|########  | 403/500 [01:43<00:24,  3.97it/s]
 81%|########  | 404/500 [01:43<00:24,  3.98it/s]
 81%|########1 | 405/500 [01:43<00:23,  3.98it/s]
 81%|########1 | 406/500 [01:44<00:23,  3.99it/s]
 81%|########1 | 407/500 [01:44<00:29,  3.13it/s]
 82%|########1 | 408/500 [01:44<00:27,  3.36it/s]
 82%|########1 | 409/500 [01:45<00:25,  3.52it/s]
 82%|########2 | 410/500 [01:45<00:24,  3.67it/s]
 82%|########2 | 411/500 [01:45<00:23,  3.76it/s]
 82%|########2 | 412/500 [01:45<00:22,  3.84it/s]
 83%|########2 | 413/500 [01:46<00:22,  3.89it/s]
 83%|########2 | 414/500 [01:46<00:21,  3.92it/s]
 83%|########2 | 415/500 [01:46<00:21,  3.95it/s]
 83%|########3 | 416/500 [01:46<00:21,  3.97it/s]
 83%|########3 | 417/500 [01:47<00:20,  3.98it/s]
 84%|########3 | 418/500 [01:47<00:20,  3.98it/s]
 84%|########3 | 419/500 [01:47<00:20,  3.99it/s]
 84%|########4 | 420/500 [01:47<00:19,  4.01it/s]
 84%|########4 | 421/500 [01:48<00:19,  4.02it/s]
 84%|########4 | 422/500 [01:48<00:19,  4.01it/s]
 85%|########4 | 423/500 [01:48<00:19,  4.01it/s]
 85%|########4 | 424/500 [01:48<00:18,  4.01it/s]
 85%|########5 | 425/500 [01:49<00:18,  4.00it/s]
 85%|########5 | 426/500 [01:49<00:18,  4.00it/s]
 85%|########5 | 427/500 [01:49<00:18,  3.99it/s]
 86%|########5 | 428/500 [01:49<00:18,  3.99it/s]
 86%|########5 | 429/500 [01:50<00:17,  4.00it/s]
 86%|########6 | 430/500 [01:50<00:17,  4.00it/s]
 86%|########6 | 431/500 [01:50<00:17,  3.99it/s]
 86%|########6 | 432/500 [01:50<00:17,  3.99it/s]
 87%|########6 | 433/500 [01:51<00:16,  4.01it/s]
 87%|########6 | 434/500 [01:51<00:16,  4.03it/s]
 87%|########7 | 435/500 [01:51<00:16,  4.02it/s]
 87%|########7 | 436/500 [01:52<00:20,  3.15it/s]
 87%|########7 | 437/500 [01:52<00:18,  3.38it/s]
 88%|########7 | 438/500 [01:52<00:17,  3.55it/s]
 88%|########7 | 439/500 [01:52<00:16,  3.69it/s]
 88%|########8 | 440/500 [01:53<00:15,  3.79it/s]
 88%|########8 | 441/500 [01:53<00:15,  3.86it/s]
 88%|########8 | 442/500 [01:53<00:14,  3.91it/s]
 89%|########8 | 443/500 [01:53<00:14,  3.94it/s]
 89%|########8 | 444/500 [01:54<00:14,  3.97it/s]
 89%|########9 | 445/500 [01:54<00:13,  3.99it/s]
 89%|########9 | 446/500 [01:54<00:13,  4.00it/s]
 89%|########9 | 447/500 [01:54<00:13,  4.00it/s]
 90%|########9 | 448/500 [01:55<00:12,  4.01it/s]
 90%|########9 | 449/500 [01:55<00:12,  4.02it/s]
 90%|######### | 450/500 [01:55<00:12,  4.02it/s]
 90%|######### | 451/500 [01:55<00:12,  4.01it/s]
 90%|######### | 452/500 [01:55<00:11,  4.03it/s]
 91%|######### | 453/500 [01:56<00:11,  4.02it/s]
 91%|######### | 454/500 [01:56<00:11,  4.01it/s]
 91%|#########1| 455/500 [01:56<00:11,  4.00it/s]
 91%|#########1| 456/500 [01:56<00:10,  4.01it/s]
 91%|#########1| 457/500 [01:57<00:10,  4.01it/s]
 92%|#########1| 458/500 [01:57<00:10,  4.01it/s]
 92%|#########1| 459/500 [01:57<00:10,  4.01it/s]
 92%|#########2| 460/500 [01:57<00:09,  4.02it/s]
 92%|#########2| 461/500 [01:58<00:09,  4.04it/s]
 92%|#########2| 462/500 [01:58<00:09,  4.04it/s]
 93%|#########2| 463/500 [01:58<00:09,  4.03it/s]
 93%|#########2| 464/500 [01:58<00:08,  4.05it/s]
 93%|#########3| 465/500 [01:59<00:11,  3.16it/s]
 93%|#########3| 466/500 [01:59<00:10,  3.39it/s]
 93%|#########3| 467/500 [01:59<00:09,  3.56it/s]
 94%|#########3| 468/500 [02:00<00:08,  3.71it/s]
 94%|#########3| 469/500 [02:00<00:08,  3.80it/s]
 94%|#########3| 470/500 [02:00<00:07,  3.86it/s]
 94%|#########4| 471/500 [02:00<00:07,  3.92it/s]
 94%|#########4| 472/500 [02:01<00:07,  3.92it/s]
 95%|#########4| 473/500 [02:01<00:06,  3.95it/s]
 95%|#########4| 474/500 [02:01<00:06,  3.97it/s]
 95%|#########5| 475/500 [02:01<00:06,  3.99it/s]
 95%|#########5| 476/500 [02:02<00:06,  3.99it/s]
 95%|#########5| 477/500 [02:02<00:05,  4.01it/s]
 96%|#########5| 478/500 [02:02<00:05,  4.01it/s]
 96%|#########5| 479/500 [02:02<00:05,  4.02it/s]
 96%|#########6| 480/500 [02:03<00:04,  4.01it/s]
 96%|#########6| 481/500 [02:03<00:04,  4.01it/s]
 96%|#########6| 482/500 [02:03<00:04,  3.99it/s]
 97%|#########6| 483/500 [02:03<00:04,  4.00it/s]
 97%|#########6| 484/500 [02:04<00:04,  4.00it/s]
 97%|#########7| 485/500 [02:04<00:03,  4.00it/s]
 97%|#########7| 486/500 [02:04<00:03,  4.00it/s]
 97%|#########7| 487/500 [02:04<00:03,  4.01it/s]
 98%|#########7| 488/500 [02:05<00:02,  4.01it/s]
 98%|#########7| 489/500 [02:05<00:02,  4.01it/s]
 98%|#########8| 490/500 [02:05<00:02,  4.01it/s]
 98%|#########8| 491/500 [02:05<00:02,  4.03it/s]
 98%|#########8| 492/500 [02:06<00:01,  4.03it/s]
 99%|#########8| 493/500 [02:06<00:01,  4.04it/s]
 99%|#########8| 494/500 [02:06<00:01,  3.20it/s]
 99%|#########9| 495/500 [02:07<00:01,  3.42it/s]
 99%|#########9| 496/500 [02:07<00:01,  3.58it/s]
 99%|#########9| 497/500 [02:07<00:00,  3.71it/s]
100%|#########9| 498/500 [02:07<00:00,  3.81it/s]
100%|#########9| 499/500 [02:08<00:00,  3.88it/s]
100%|##########| 500/500 [02:08<00:00,  3.93it/s]
100%|##########| 500/500 [02:08<00:00,  3.90it/s]
Train Epoch 31
{
    "Loss": 0.008535021136514843,
    "Optimizer/policy0_lr": 0.00010000000000000003,
    "Policy_Grad_Norms": 0.044754933845058735,
    "Time_Data_Loading": 0.09857842922210694,
    "Time_Epoch": 2.1401649395624798,
    "Time_Log_Info": 0.02452300786972046,
    "Time_Process_Batch": 0.7529348731040955,
    "Time_Train_Batch": 1.23631538550059
}

Epoch 31 Memory Usage: 2298 MB


  0%|          | 0/500 [00:00<?, ?it/s]
  0%|          | 1/500 [00:00<03:09,  2.63it/s]
  0%|          | 2/500 [00:00<02:29,  3.34it/s]
  1%|          | 3/500 [00:00<02:16,  3.64it/s]
  1%|          | 4/500 [00:01<02:10,  3.79it/s]
  1%|1         | 5/500 [00:01<02:07,  3.88it/s]
  1%|1         | 6/500 [00:01<02:05,  3.93it/s]
  1%|1         | 7/500 [00:01<02:04,  3.97it/s]
  2%|1         | 8/500 [00:02<02:03,  4.00it/s]
  2%|1         | 9/500 [00:02<02:01,  4.03it/s]
  2%|2         | 10/500 [00:02<02:01,  4.03it/s]
  2%|2         | 11/500 [00:02<02:01,  4.04it/s]
  2%|2         | 12/500 [00:03<02:01,  4.03it/s]
  3%|2         | 13/500 [00:03<02:00,  4.05it/s]
  3%|2         | 14/500 [00:03<02:00,  4.04it/s]
  3%|3         | 15/500 [00:03<02:00,  4.03it/s]
  3%|3         | 16/500 [00:04<01:59,  4.04it/s]
  3%|3         | 17/500 [00:04<01:59,  4.04it/s]
  4%|3         | 18/500 [00:04<01:59,  4.02it/s]
  4%|3         | 19/500 [00:04<01:59,  4.01it/s]
  4%|4         | 20/500 [00:05<02:00,  4.00it/s]
  4%|4         | 21/500 [00:05<01:59,  4.00it/s]
  4%|4         | 22/500 [00:05<01:59,  4.00it/s]
  5%|4         | 23/500 [00:05<01:59,  4.00it/s]
  5%|4         | 24/500 [00:06<01:58,  4.01it/s]
  5%|5         | 25/500 [00:06<01:58,  4.01it/s]
  5%|5         | 26/500 [00:06<01:57,  4.03it/s]
  5%|5         | 27/500 [00:06<01:57,  4.03it/s]
  6%|5         | 28/500 [00:07<01:57,  4.03it/s]
  6%|5         | 29/500 [00:07<01:56,  4.06it/s]
  6%|6         | 30/500 [00:07<02:27,  3.18it/s]
  6%|6         | 31/500 [00:08<02:18,  3.40it/s]
  6%|6         | 32/500 [00:08<02:11,  3.57it/s]
  7%|6         | 33/500 [00:08<02:06,  3.69it/s]
  7%|6         | 34/500 [00:08<02:03,  3.78it/s]
  7%|7         | 35/500 [00:09<02:01,  3.84it/s]
  7%|7         | 36/500 [00:09<01:59,  3.89it/s]
  7%|7         | 37/500 [00:09<01:58,  3.92it/s]
  8%|7         | 38/500 [00:09<01:56,  3.95it/s]
  8%|7         | 39/500 [00:10<01:56,  3.97it/s]
  8%|8         | 40/500 [00:10<01:55,  3.98it/s]
  8%|8         | 41/500 [00:10<01:55,  3.99it/s]
  8%|8         | 42/500 [00:10<01:54,  3.99it/s]
  9%|8         | 43/500 [00:11<01:54,  3.99it/s]
  9%|8         | 44/500 [00:11<01:54,  4.00it/s]
  9%|9         | 45/500 [00:11<01:53,  4.01it/s]
  9%|9         | 46/500 [00:11<01:53,  4.01it/s]
  9%|9         | 47/500 [00:12<01:52,  4.01it/s]
 10%|9         | 48/500 [00:12<01:52,  4.01it/s]
 10%|9         | 49/500 [00:12<01:52,  4.01it/s]
 10%|#         | 50/500 [00:12<01:52,  4.00it/s]
 10%|#         | 51/500 [00:13<01:52,  4.00it/s]
 10%|#         | 52/500 [00:13<01:52,  3.99it/s]
 11%|#         | 53/500 [00:13<01:51,  4.01it/s]
 11%|#         | 54/500 [00:13<01:50,  4.02it/s]
 11%|#1        | 55/500 [00:14<01:50,  4.03it/s]
 11%|#1        | 56/500 [00:14<01:50,  4.03it/s]
 11%|#1        | 57/500 [00:14<01:49,  4.03it/s]
 12%|#1        | 58/500 [00:14<01:49,  4.03it/s]
 12%|#1        | 59/500 [00:15<02:17,  3.21it/s]
 12%|#2        | 60/500 [00:15<02:08,  3.43it/s]
 12%|#2        | 61/500 [00:15<02:02,  3.59it/s]
 12%|#2        | 62/500 [00:15<01:58,  3.71it/s]
 13%|#2        | 63/500 [00:16<01:54,  3.82it/s]
 13%|#2        | 64/500 [00:16<01:52,  3.88it/s]
 13%|#3        | 65/500 [00:16<01:50,  3.93it/s]
 13%|#3        | 66/500 [00:16<01:49,  3.98it/s]
 13%|#3        | 67/500 [00:17<01:48,  4.00it/s]
 14%|#3        | 68/500 [00:17<01:47,  4.01it/s]
 14%|#3        | 69/500 [00:17<01:47,  4.01it/s]
 14%|#4        | 70/500 [00:17<01:47,  4.01it/s]
 14%|#4        | 71/500 [00:18<01:47,  4.00it/s]
 14%|#4        | 72/500 [00:18<01:47,  4.00it/s]
 15%|#4        | 73/500 [00:18<01:46,  4.01it/s]
 15%|#4        | 74/500 [00:18<01:45,  4.02it/s]
 15%|#5        | 75/500 [00:19<01:45,  4.02it/s]
 15%|#5        | 76/500 [00:19<01:45,  4.01it/s]
 15%|#5        | 77/500 [00:19<01:45,  4.01it/s]
 16%|#5        | 78/500 [00:19<01:45,  4.01it/s]
 16%|#5        | 79/500 [00:20<01:45,  4.00it/s]
 16%|#6        | 80/500 [00:20<01:44,  4.00it/s]
 16%|#6        | 81/500 [00:20<01:44,  4.00it/s]
 16%|#6        | 82/500 [00:20<01:44,  4.01it/s]
 17%|#6        | 83/500 [00:21<01:43,  4.02it/s]
 17%|#6        | 84/500 [00:21<01:43,  4.03it/s]
 17%|#7        | 85/500 [00:21<01:42,  4.03it/s]
 17%|#7        | 86/500 [00:21<01:42,  4.04it/s]
 17%|#7        | 87/500 [00:22<01:42,  4.04it/s]
 18%|#7        | 88/500 [00:22<02:09,  3.19it/s]
 18%|#7        | 89/500 [00:22<02:00,  3.42it/s]
 18%|#8        | 90/500 [00:23<01:53,  3.60it/s]
 18%|#8        | 91/500 [00:23<01:49,  3.73it/s]
 18%|#8        | 92/500 [00:23<01:46,  3.82it/s]
 19%|#8        | 93/500 [00:23<01:44,  3.88it/s]
 19%|#8        | 94/500 [00:24<01:43,  3.92it/s]
 19%|#9        | 95/500 [00:24<01:42,  3.96it/s]
 19%|#9        | 96/500 [00:24<01:41,  3.99it/s]
 19%|#9        | 97/500 [00:24<01:40,  4.02it/s]
 20%|#9        | 98/500 [00:25<01:39,  4.04it/s]
 20%|#9        | 99/500 [00:25<01:39,  4.04it/s]
 20%|##        | 100/500 [00:25<01:38,  4.04it/s]
 20%|##        | 101/500 [00:25<01:38,  4.04it/s]
 20%|##        | 102/500 [00:26<01:38,  4.03it/s]
 21%|##        | 103/500 [00:26<01:38,  4.04it/s]
 21%|##        | 104/500 [00:26<01:38,  4.04it/s]
 21%|##1       | 105/500 [00:26<01:37,  4.04it/s]
 21%|##1       | 106/500 [00:27<01:37,  4.02it/s]
 21%|##1       | 107/500 [00:27<01:37,  4.02it/s]
 22%|##1       | 108/500 [00:27<01:37,  4.01it/s]
 22%|##1       | 109/500 [00:27<01:37,  4.01it/s]
 22%|##2       | 110/500 [00:28<01:37,  4.01it/s]
 22%|##2       | 111/500 [00:28<01:37,  3.99it/s]
 22%|##2       | 112/500 [00:28<01:37,  3.98it/s]
 23%|##2       | 113/500 [00:28<01:37,  3.99it/s]
 23%|##2       | 114/500 [00:29<01:36,  3.99it/s]
 23%|##3       | 115/500 [00:29<01:36,  3.99it/s]
 23%|##3       | 116/500 [00:29<01:36,  3.98it/s]
 23%|##3       | 117/500 [00:30<02:00,  3.17it/s]
 24%|##3       | 118/500 [00:30<01:52,  3.40it/s]
 24%|##3       | 119/500 [00:30<01:46,  3.56it/s]
 24%|##4       | 120/500 [00:30<01:42,  3.70it/s]
 24%|##4       | 121/500 [00:31<01:39,  3.82it/s]
 24%|##4       | 122/500 [00:31<01:37,  3.88it/s]
 25%|##4       | 123/500 [00:31<01:35,  3.93it/s]
 25%|##4       | 124/500 [00:31<01:34,  3.97it/s]
 25%|##5       | 125/500 [00:32<01:34,  3.99it/s]
 25%|##5       | 126/500 [00:32<01:33,  4.00it/s]
 25%|##5       | 127/500 [00:32<01:33,  4.01it/s]
 26%|##5       | 128/500 [00:32<01:32,  4.02it/s]
 26%|##5       | 129/500 [00:33<01:31,  4.03it/s]
 26%|##6       | 130/500 [00:33<01:31,  4.05it/s]
 26%|##6       | 131/500 [00:33<01:31,  4.05it/s]
 26%|##6       | 132/500 [00:33<01:30,  4.05it/s]
 27%|##6       | 133/500 [00:34<01:30,  4.05it/s]
 27%|##6       | 134/500 [00:34<01:30,  4.03it/s]
 27%|##7       | 135/500 [00:34<01:31,  4.01it/s]
 27%|##7       | 136/500 [00:34<01:30,  4.00it/s]
 27%|##7       | 137/500 [00:35<01:30,  4.00it/s]
 28%|##7       | 138/500 [00:35<01:30,  4.00it/s]
 28%|##7       | 139/500 [00:35<01:30,  3.99it/s]
 28%|##8       | 140/500 [00:35<01:30,  3.99it/s]
 28%|##8       | 141/500 [00:36<01:30,  3.98it/s]
 28%|##8       | 142/500 [00:36<01:29,  3.99it/s]
 29%|##8       | 143/500 [00:36<01:29,  3.99it/s]
 29%|##8       | 144/500 [00:36<01:28,  4.01it/s]
 29%|##9       | 145/500 [00:37<01:28,  4.00it/s]
 29%|##9       | 146/500 [00:37<01:51,  3.19it/s]
 29%|##9       | 147/500 [00:37<01:43,  3.42it/s]
 30%|##9       | 148/500 [00:37<01:37,  3.60it/s]
 30%|##9       | 149/500 [00:38<01:34,  3.72it/s]
 30%|###       | 150/500 [00:38<01:31,  3.81it/s]
 30%|###       | 151/500 [00:38<01:29,  3.90it/s]
 30%|###       | 152/500 [00:38<01:28,  3.94it/s]
 31%|###       | 153/500 [00:39<01:27,  3.98it/s]
 31%|###       | 154/500 [00:39<01:26,  3.99it/s]
 31%|###1      | 155/500 [00:39<01:26,  4.01it/s]
 31%|###1      | 156/500 [00:39<01:25,  4.01it/s]
 31%|###1      | 157/500 [00:40<01:25,  4.01it/s]
 32%|###1      | 158/500 [00:40<01:25,  4.01it/s]
 32%|###1      | 159/500 [00:40<01:24,  4.02it/s]
 32%|###2      | 160/500 [00:40<01:24,  4.01it/s]
 32%|###2      | 161/500 [00:41<01:24,  4.00it/s]
 32%|###2      | 162/500 [00:41<01:24,  3.98it/s]
 33%|###2      | 163/500 [00:41<01:24,  3.99it/s]
 33%|###2      | 164/500 [00:41<01:24,  3.99it/s]
 33%|###3      | 165/500 [00:42<01:23,  3.99it/s]
 33%|###3      | 166/500 [00:42<01:23,  3.99it/s]
 33%|###3      | 167/500 [00:42<01:23,  3.99it/s]
 34%|###3      | 168/500 [00:42<01:23,  3.98it/s]
 34%|###3      | 169/500 [00:43<01:23,  3.98it/s]
 34%|###4      | 170/500 [00:43<01:22,  4.00it/s]
 34%|###4      | 171/500 [00:43<01:21,  4.02it/s]
 34%|###4      | 172/500 [00:43<01:21,  4.01it/s]
 35%|###4      | 173/500 [00:44<01:21,  4.01it/s]
 35%|###4      | 174/500 [00:44<01:21,  4.00it/s]
 35%|###5      | 175/500 [00:44<01:44,  3.12it/s]
 35%|###5      | 176/500 [00:45<01:36,  3.36it/s]
 35%|###5      | 177/500 [00:45<01:31,  3.54it/s]
 36%|###5      | 178/500 [00:45<01:27,  3.67it/s]
 36%|###5      | 179/500 [00:45<01:25,  3.77it/s]
 36%|###6      | 180/500 [00:46<01:23,  3.85it/s]
 36%|###6      | 181/500 [00:46<01:21,  3.90it/s]
 36%|###6      | 182/500 [00:46<01:20,  3.93it/s]
 37%|###6      | 183/500 [00:46<01:19,  3.96it/s]
 37%|###6      | 184/500 [00:47<01:19,  3.98it/s]
 37%|###7      | 185/500 [00:47<01:18,  3.99it/s]
 37%|###7      | 186/500 [00:47<01:18,  4.00it/s]
 37%|###7      | 187/500 [00:47<01:17,  4.02it/s]
 38%|###7      | 188/500 [00:48<01:17,  4.01it/s]
 38%|###7      | 189/500 [00:48<01:17,  4.02it/s]
 38%|###8      | 190/500 [00:48<01:17,  4.02it/s]
 38%|###8      | 191/500 [00:48<01:16,  4.01it/s]
 38%|###8      | 192/500 [00:49<01:16,  4.02it/s]
 39%|###8      | 193/500 [00:49<01:16,  4.02it/s]
 39%|###8      | 194/500 [00:49<01:16,  4.02it/s]
 39%|###9      | 195/500 [00:49<01:16,  4.01it/s]
 39%|###9      | 196/500 [00:50<01:16,  3.99it/s]
 39%|###9      | 197/500 [00:50<01:15,  3.99it/s]
 40%|###9      | 198/500 [00:50<01:15,  3.99it/s]
 40%|###9      | 199/500 [00:50<01:15,  3.99it/s]
 40%|####      | 200/500 [00:51<01:15,  4.00it/s]
 40%|####      | 201/500 [00:51<01:14,  4.00it/s]
 40%|####      | 202/500 [00:51<01:14,  4.01it/s]
 41%|####      | 203/500 [00:51<01:14,  4.01it/s]
 41%|####      | 204/500 [00:52<01:34,  3.12it/s]
 41%|####1     | 205/500 [00:52<01:28,  3.35it/s]
 41%|####1     | 206/500 [00:52<01:23,  3.52it/s]
 41%|####1     | 207/500 [00:53<01:20,  3.65it/s]
 42%|####1     | 208/500 [00:53<01:17,  3.76it/s]
 42%|####1     | 209/500 [00:53<01:16,  3.82it/s]
 42%|####2     | 210/500 [00:53<01:15,  3.86it/s]
 42%|####2     | 211/500 [00:54<01:14,  3.90it/s]
 42%|####2     | 212/500 [00:54<01:13,  3.93it/s]
 43%|####2     | 213/500 [00:54<01:12,  3.95it/s]
 43%|####2     | 214/500 [00:54<01:12,  3.96it/s]
 43%|####3     | 215/500 [00:55<01:11,  3.97it/s]
 43%|####3     | 216/500 [00:55<01:11,  3.98it/s]
 43%|####3     | 217/500 [00:55<01:11,  3.99it/s]
 44%|####3     | 218/500 [00:55<01:10,  3.99it/s]
 44%|####3     | 219/500 [00:56<01:10,  3.99it/s]
 44%|####4     | 220/500 [00:56<01:10,  4.00it/s]
 44%|####4     | 221/500 [00:56<01:09,  4.00it/s]
 44%|####4     | 222/500 [00:56<01:09,  3.99it/s]
 45%|####4     | 223/500 [00:57<01:09,  3.99it/s]
 45%|####4     | 224/500 [00:57<01:09,  3.98it/s]
 45%|####5     | 225/500 [00:57<01:09,  3.98it/s]
 45%|####5     | 226/500 [00:57<01:08,  3.97it/s]
 45%|####5     | 227/500 [00:58<01:08,  3.97it/s]
 46%|####5     | 228/500 [00:58<01:08,  3.99it/s]
 46%|####5     | 229/500 [00:58<01:07,  3.99it/s]
 46%|####6     | 230/500 [00:58<01:07,  3.99it/s]
 46%|####6     | 231/500 [00:59<01:07,  4.00it/s]
 46%|####6     | 232/500 [00:59<01:06,  4.01it/s]
 47%|####6     | 233/500 [00:59<01:24,  3.16it/s]
 47%|####6     | 234/500 [01:00<01:18,  3.40it/s]
 47%|####6     | 235/500 [01:00<01:14,  3.58it/s]
 47%|####7     | 236/500 [01:00<01:11,  3.71it/s]
 47%|####7     | 237/500 [01:00<01:09,  3.80it/s]
 48%|####7     | 238/500 [01:01<01:07,  3.87it/s]
 48%|####7     | 239/500 [01:01<01:06,  3.91it/s]
 48%|####8     | 240/500 [01:01<01:06,  3.93it/s]
 48%|####8     | 241/500 [01:01<01:05,  3.95it/s]
 48%|####8     | 242/500 [01:02<01:05,  3.96it/s]
 49%|####8     | 243/500 [01:02<01:04,  3.95it/s]
 49%|####8     | 244/500 [01:02<01:04,  3.96it/s]
 49%|####9     | 245/500 [01:02<01:04,  3.96it/s]
 49%|####9     | 246/500 [01:03<01:03,  3.97it/s]
 49%|####9     | 247/500 [01:03<01:03,  3.96it/s]
 50%|####9     | 248/500 [01:03<01:03,  3.96it/s]
 50%|####9     | 249/500 [01:03<01:03,  3.96it/s]
 50%|#####     | 250/500 [01:04<01:02,  3.99it/s]
 50%|#####     | 251/500 [01:04<01:02,  4.00it/s]
 50%|#####     | 252/500 [01:04<01:01,  4.01it/s]
 51%|#####     | 253/500 [01:04<01:01,  4.01it/s]
 51%|#####     | 254/500 [01:05<01:01,  4.03it/s]
 51%|#####1    | 255/500 [01:05<01:01,  4.01it/s]
 51%|#####1    | 256/500 [01:05<01:00,  4.00it/s]
 51%|#####1    | 257/500 [01:05<01:00,  4.01it/s]
 52%|#####1    | 258/500 [01:06<01:00,  4.02it/s]
 52%|#####1    | 259/500 [01:06<01:00,  4.01it/s]
 52%|#####2    | 260/500 [01:06<00:59,  4.01it/s]
 52%|#####2    | 261/500 [01:06<00:59,  4.01it/s]
 52%|#####2    | 262/500 [01:07<01:15,  3.13it/s]
 53%|#####2    | 263/500 [01:07<01:10,  3.36it/s]
 53%|#####2    | 264/500 [01:07<01:06,  3.54it/s]
 53%|#####3    | 265/500 [01:08<01:04,  3.66it/s]
 53%|#####3    | 266/500 [01:08<01:02,  3.76it/s]
 53%|#####3    | 267/500 [01:08<01:01,  3.82it/s]
 54%|#####3    | 268/500 [01:08<00:59,  3.87it/s]
 54%|#####3    | 269/500 [01:09<00:58,  3.93it/s]
 54%|#####4    | 270/500 [01:09<00:58,  3.95it/s]
 54%|#####4    | 271/500 [01:09<00:57,  3.97it/s]
 54%|#####4    | 272/500 [01:09<00:57,  3.98it/s]
 55%|#####4    | 273/500 [01:10<00:56,  3.99it/s]
 55%|#####4    | 274/500 [01:10<00:56,  3.99it/s]
 55%|#####5    | 275/500 [01:10<00:56,  3.98it/s]
 55%|#####5    | 276/500 [01:10<00:56,  3.97it/s]
 55%|#####5    | 277/500 [01:11<00:56,  3.98it/s]
 56%|#####5    | 278/500 [01:11<00:55,  3.98it/s]
 56%|#####5    | 279/500 [01:11<00:55,  3.98it/s]
 56%|#####6    | 280/500 [01:11<00:55,  3.97it/s]
 56%|#####6    | 281/500 [01:12<00:54,  3.99it/s]
 56%|#####6    | 282/500 [01:12<00:54,  4.02it/s]
 57%|#####6    | 283/500 [01:12<00:53,  4.03it/s]
 57%|#####6    | 284/500 [01:12<00:53,  4.03it/s]
 57%|#####6    | 285/500 [01:13<00:53,  4.04it/s]
 57%|#####7    | 286/500 [01:13<00:53,  4.03it/s]
 57%|#####7    | 287/500 [01:13<00:52,  4.03it/s]
 58%|#####7    | 288/500 [01:13<00:52,  4.02it/s]
 58%|#####7    | 289/500 [01:14<00:52,  4.02it/s]
 58%|#####8    | 290/500 [01:14<00:52,  4.02it/s]
 58%|#####8    | 291/500 [01:14<01:05,  3.18it/s]
 58%|#####8    | 292/500 [01:15<01:01,  3.40it/s]
 59%|#####8    | 293/500 [01:15<00:58,  3.56it/s]
 59%|#####8    | 294/500 [01:15<00:55,  3.70it/s]
 59%|#####8    | 295/500 [01:15<00:54,  3.78it/s]
 59%|#####9    | 296/500 [01:16<00:52,  3.85it/s]
 59%|#####9    | 297/500 [01:16<00:52,  3.89it/s]
 60%|#####9    | 298/500 [01:16<00:51,  3.92it/s]
 60%|#####9    | 299/500 [01:16<00:50,  3.95it/s]
 60%|######    | 300/500 [01:17<00:50,  3.97it/s]
 60%|######    | 301/500 [01:17<00:50,  3.98it/s]
 60%|######    | 302/500 [01:17<00:49,  3.98it/s]
 61%|######    | 303/500 [01:17<00:49,  3.99it/s]
 61%|######    | 304/500 [01:18<00:49,  4.00it/s]
 61%|######1   | 305/500 [01:18<00:48,  4.00it/s]
 61%|######1   | 306/500 [01:18<00:48,  4.01it/s]
 61%|######1   | 307/500 [01:18<00:48,  4.01it/s]
 62%|######1   | 308/500 [01:19<00:47,  4.01it/s]
 62%|######1   | 309/500 [01:19<00:47,  4.01it/s]
 62%|######2   | 310/500 [01:19<00:47,  3.99it/s]
 62%|######2   | 311/500 [01:19<00:46,  4.03it/s]
 62%|######2   | 312/500 [01:19<00:46,  4.04it/s]
 63%|######2   | 313/500 [01:20<00:46,  4.03it/s]
 63%|######2   | 314/500 [01:20<00:46,  4.03it/s]
 63%|######3   | 315/500 [01:20<00:46,  4.02it/s]
 63%|######3   | 316/500 [01:20<00:45,  4.02it/s]
 63%|######3   | 317/500 [01:21<00:45,  4.03it/s]
 64%|######3   | 318/500 [01:21<00:45,  4.02it/s]
 64%|######3   | 319/500 [01:21<00:44,  4.02it/s]
 64%|######4   | 320/500 [01:22<00:56,  3.20it/s]
 64%|######4   | 321/500 [01:22<00:52,  3.43it/s]
 64%|######4   | 322/500 [01:22<00:49,  3.59it/s]
 65%|######4   | 323/500 [01:22<00:47,  3.72it/s]
 65%|######4   | 324/500 [01:23<00:46,  3.81it/s]
 65%|######5   | 325/500 [01:23<00:45,  3.87it/s]
 65%|######5   | 326/500 [01:23<00:44,  3.92it/s]
 65%|######5   | 327/500 [01:23<00:43,  3.96it/s]
 66%|######5   | 328/500 [01:24<00:43,  3.98it/s]
 66%|######5   | 329/500 [01:24<00:42,  4.00it/s]
 66%|######6   | 330/500 [01:24<00:42,  4.01it/s]
 66%|######6   | 331/500 [01:24<00:42,  4.02it/s]
 66%|######6   | 332/500 [01:25<00:41,  4.02it/s]
 67%|######6   | 333/500 [01:25<00:41,  4.01it/s]
 67%|######6   | 334/500 [01:25<00:41,  4.01it/s]
 67%|######7   | 335/500 [01:25<00:41,  4.01it/s]
 67%|######7   | 336/500 [01:26<00:40,  4.03it/s]
 67%|######7   | 337/500 [01:26<00:40,  4.04it/s]
 68%|######7   | 338/500 [01:26<00:40,  4.05it/s]
 68%|######7   | 339/500 [01:26<00:39,  4.05it/s]
 68%|######8   | 340/500 [01:27<00:39,  4.05it/s]
 68%|######8   | 341/500 [01:27<00:39,  4.06it/s]
 68%|######8   | 342/500 [01:27<00:38,  4.05it/s]
 69%|######8   | 343/500 [01:27<00:38,  4.05it/s]
 69%|######8   | 344/500 [01:28<00:38,  4.06it/s]
 69%|######9   | 345/500 [01:28<00:38,  4.07it/s]
 69%|######9   | 346/500 [01:28<00:37,  4.07it/s]
 69%|######9   | 347/500 [01:28<00:37,  4.08it/s]
 70%|######9   | 348/500 [01:29<00:37,  4.07it/s]
 70%|######9   | 349/500 [01:29<00:47,  3.21it/s]
 70%|#######   | 350/500 [01:29<00:43,  3.44it/s]
 70%|#######   | 351/500 [01:30<00:41,  3.60it/s]
 70%|#######   | 352/500 [01:30<00:39,  3.74it/s]
 71%|#######   | 353/500 [01:30<00:38,  3.83it/s]
 71%|#######   | 354/500 [01:30<00:37,  3.89it/s]
 71%|#######1  | 355/500 [01:31<00:36,  3.92it/s]
 71%|#######1  | 356/500 [01:31<00:36,  3.94it/s]
 71%|#######1  | 357/500 [01:31<00:36,  3.96it/s]
 72%|#######1  | 358/500 [01:31<00:35,  3.99it/s]
 72%|#######1  | 359/500 [01:32<00:35,  3.99it/s]
 72%|#######2  | 360/500 [01:32<00:35,  3.98it/s]
 72%|#######2  | 361/500 [01:32<00:34,  3.97it/s]
 72%|#######2  | 362/500 [01:32<00:34,  3.97it/s]
 73%|#######2  | 363/500 [01:33<00:34,  3.99it/s]
 73%|#######2  | 364/500 [01:33<00:34,  3.99it/s]
 73%|#######3  | 365/500 [01:33<00:33,  3.98it/s]
 73%|#######3  | 366/500 [01:33<00:33,  4.00it/s]
 73%|#######3  | 367/500 [01:34<00:33,  4.00it/s]
 74%|#######3  | 368/500 [01:34<00:33,  4.00it/s]
 74%|#######3  | 369/500 [01:34<00:32,  3.99it/s]
 74%|#######4  | 370/500 [01:34<00:32,  4.00it/s]
 74%|#######4  | 371/500 [01:35<00:32,  4.00it/s]
 74%|#######4  | 372/500 [01:35<00:32,  3.99it/s]
 75%|#######4  | 373/500 [01:35<00:31,  3.98it/s]
 75%|#######4  | 374/500 [01:35<00:31,  4.02it/s]
 75%|#######5  | 375/500 [01:36<00:30,  4.03it/s]
 75%|#######5  | 376/500 [01:36<00:30,  4.04it/s]
 75%|#######5  | 377/500 [01:36<00:30,  4.04it/s]
 76%|#######5  | 378/500 [01:37<00:38,  3.19it/s]
 76%|#######5  | 379/500 [01:37<00:35,  3.42it/s]
 76%|#######6  | 380/500 [01:37<00:33,  3.58it/s]
 76%|#######6  | 381/500 [01:37<00:32,  3.70it/s]
 76%|#######6  | 382/500 [01:38<00:31,  3.79it/s]
 77%|#######6  | 383/500 [01:38<00:30,  3.86it/s]
 77%|#######6  | 384/500 [01:38<00:29,  3.90it/s]
 77%|#######7  | 385/500 [01:38<00:29,  3.94it/s]
 77%|#######7  | 386/500 [01:39<00:28,  3.96it/s]
 77%|#######7  | 387/500 [01:39<00:28,  3.98it/s]
 78%|#######7  | 388/500 [01:39<00:28,  3.99it/s]
 78%|#######7  | 389/500 [01:39<00:27,  4.00it/s]
 78%|#######8  | 390/500 [01:39<00:27,  4.02it/s]
 78%|#######8  | 391/500 [01:40<00:27,  4.01it/s]
 78%|#######8  | 392/500 [01:40<00:26,  4.01it/s]
 79%|#######8  | 393/500 [01:40<00:26,  4.01it/s]
 79%|#######8  | 394/500 [01:40<00:26,  4.02it/s]
 79%|#######9  | 395/500 [01:41<00:26,  4.03it/s]
 79%|#######9  | 396/500 [01:41<00:25,  4.02it/s]
 79%|#######9  | 397/500 [01:41<00:25,  4.01it/s]
 80%|#######9  | 398/500 [01:41<00:25,  4.04it/s]
 80%|#######9  | 399/500 [01:42<00:24,  4.05it/s]
 80%|########  | 400/500 [01:42<00:24,  4.05it/s]
 80%|########  | 401/500 [01:42<00:24,  4.05it/s]
 80%|########  | 402/500 [01:42<00:24,  4.05it/s]
 81%|########  | 403/500 [01:43<00:23,  4.06it/s]
 81%|########  | 404/500 [01:43<00:23,  4.06it/s]
 81%|########1 | 405/500 [01:43<00:23,  4.07it/s]
 81%|########1 | 406/500 [01:43<00:23,  4.07it/s]
 81%|########1 | 407/500 [01:44<00:29,  3.21it/s]
 82%|########1 | 408/500 [01:44<00:26,  3.44it/s]
 82%|########1 | 409/500 [01:44<00:25,  3.60it/s]
 82%|########2 | 410/500 [01:45<00:24,  3.72it/s]
 82%|########2 | 411/500 [01:45<00:23,  3.81it/s]
 82%|########2 | 412/500 [01:45<00:22,  3.87it/s]
 83%|########2 | 413/500 [01:45<00:22,  3.91it/s]
 83%|########2 | 414/500 [01:46<00:21,  3.93it/s]
 83%|########2 | 415/500 [01:46<00:21,  3.95it/s]
 83%|########3 | 416/500 [01:46<00:21,  3.99it/s]
 83%|########3 | 417/500 [01:46<00:20,  4.02it/s]
 84%|########3 | 418/500 [01:47<00:20,  4.02it/s]
 84%|########3 | 419/500 [01:47<00:20,  4.02it/s]
 84%|########4 | 420/500 [01:47<00:19,  4.03it/s]
 84%|########4 | 421/500 [01:47<00:19,  4.01it/s]
 84%|########4 | 422/500 [01:48<00:19,  4.00it/s]
 85%|########4 | 423/500 [01:48<00:19,  3.99it/s]
 85%|########4 | 424/500 [01:48<00:19,  3.98it/s]
 85%|########5 | 425/500 [01:48<00:18,  3.98it/s]
 85%|########5 | 426/500 [01:49<00:18,  3.97it/s]
 85%|########5 | 427/500 [01:49<00:18,  3.97it/s]
 86%|########5 | 428/500 [01:49<00:18,  3.97it/s]
 86%|########5 | 429/500 [01:49<00:17,  3.97it/s]
 86%|########6 | 430/500 [01:50<00:17,  3.97it/s]
 86%|########6 | 431/500 [01:50<00:17,  3.97it/s]
 86%|########6 | 432/500 [01:50<00:17,  3.98it/s]
 87%|########6 | 433/500 [01:50<00:16,  3.99it/s]
 87%|########6 | 434/500 [01:51<00:16,  3.99it/s]
 87%|########7 | 435/500 [01:51<00:16,  3.98it/s]
 87%|########7 | 436/500 [01:51<00:20,  3.11it/s]
 87%|########7 | 437/500 [01:52<00:18,  3.35it/s]
 88%|########7 | 438/500 [01:52<00:17,  3.55it/s]
 88%|########7 | 439/500 [01:52<00:16,  3.68it/s]
 88%|########8 | 440/500 [01:52<00:15,  3.78it/s]
 88%|########8 | 441/500 [01:53<00:15,  3.84it/s]
 88%|########8 | 442/500 [01:53<00:14,  3.91it/s]
 89%|########8 | 443/500 [01:53<00:14,  3.94it/s]
 89%|########8 | 444/500 [01:53<00:14,  3.98it/s]
 89%|########9 | 445/500 [01:54<00:13,  3.99it/s]
 89%|########9 | 446/500 [01:54<00:13,  4.01it/s]
 89%|########9 | 447/500 [01:54<00:13,  4.01it/s]
 90%|########9 | 448/500 [01:54<00:12,  4.01it/s]
 90%|########9 | 449/500 [01:55<00:12,  4.02it/s]
 90%|######### | 450/500 [01:55<00:12,  4.02it/s]
 90%|######### | 451/500 [01:55<00:12,  4.03it/s]
 90%|######### | 452/500 [01:55<00:11,  4.02it/s]
 91%|######### | 453/500 [01:56<00:11,  4.02it/s]
 91%|######### | 454/500 [01:56<00:11,  4.05it/s]
 91%|#########1| 455/500 [01:56<00:11,  4.05it/s]
 91%|#########1| 456/500 [01:56<00:10,  4.05it/s]
 91%|#########1| 457/500 [01:57<00:10,  4.04it/s]
 92%|#########1| 458/500 [01:57<00:10,  4.05it/s]
 92%|#########1| 459/500 [01:57<00:10,  4.04it/s]
 92%|#########2| 460/500 [01:57<00:09,  4.04it/s]
 92%|#########2| 461/500 [01:58<00:09,  4.04it/s]
 92%|#########2| 462/500 [01:58<00:09,  4.04it/s]
 93%|#########2| 463/500 [01:58<00:09,  4.04it/s]
 93%|#########2| 464/500 [01:58<00:08,  4.03it/s]
 93%|#########3| 465/500 [01:59<00:11,  3.15it/s]
 93%|#########3| 466/500 [01:59<00:10,  3.38it/s]
 93%|#########3| 467/500 [01:59<00:09,  3.55it/s]
 94%|#########3| 468/500 [02:00<00:08,  3.70it/s]
 94%|#########3| 469/500 [02:00<00:08,  3.79it/s]
 94%|#########3| 470/500 [02:00<00:07,  3.87it/s]
 94%|#########4| 471/500 [02:00<00:07,  3.92it/s]
 94%|#########4| 472/500 [02:01<00:07,  3.95it/s]
 95%|#########4| 473/500 [02:01<00:06,  3.97it/s]
 95%|#########4| 474/500 [02:01<00:06,  3.99it/s]
 95%|#########5| 475/500 [02:01<00:06,  3.99it/s]
 95%|#########5| 476/500 [02:02<00:05,  4.00it/s]
 95%|#########5| 477/500 [02:02<00:05,  4.03it/s]
 96%|#########5| 478/500 [02:02<00:05,  4.02it/s]
 96%|#########5| 479/500 [02:02<00:05,  4.03it/s]
 96%|#########6| 480/500 [02:03<00:04,  4.01it/s]
 96%|#########6| 481/500 [02:03<00:04,  4.01it/s]
 96%|#########6| 482/500 [02:03<00:04,  4.01it/s]
 97%|#########6| 483/500 [02:03<00:04,  4.01it/s]
 97%|#########6| 484/500 [02:04<00:04,  4.00it/s]
 97%|#########7| 485/500 [02:04<00:03,  4.00it/s]
 97%|#########7| 486/500 [02:04<00:03,  3.99it/s]
 97%|#########7| 487/500 [02:04<00:03,  3.99it/s]
 98%|#########7| 488/500 [02:05<00:03,  4.00it/s]
 98%|#########7| 489/500 [02:05<00:02,  3.99it/s]
 98%|#########8| 490/500 [02:05<00:02,  4.00it/s]
 98%|#########8| 491/500 [02:05<00:02,  4.00it/s]
 98%|#########8| 492/500 [02:06<00:01,  4.00it/s]
 99%|#########8| 493/500 [02:06<00:01,  4.00it/s]
 99%|#########8| 494/500 [02:06<00:01,  3.14it/s]
 99%|#########9| 495/500 [02:06<00:01,  3.39it/s]
 99%|#########9| 496/500 [02:07<00:01,  3.55it/s]
 99%|#########9| 497/500 [02:07<00:00,  3.68it/s]
100%|#########9| 498/500 [02:07<00:00,  3.78it/s]
100%|#########9| 499/500 [02:07<00:00,  3.86it/s]
100%|##########| 500/500 [02:08<00:00,  3.92it/s]
100%|##########| 500/500 [02:08<00:00,  3.90it/s]
Train Epoch 32
{
    "Loss": 0.008167709902860225,
    "Optimizer/policy0_lr": 0.00010000000000000003,
    "Policy_Grad_Norms": 0.04518225760557656,
    "Time_Data_Loading": 0.09849358002344767,
    "Time_Epoch": 2.1379578351974486,
    "Time_Log_Info": 0.024538071950276692,
    "Time_Process_Batch": 0.7509210387865702,
    "Time_Train_Batch": 1.2359646519025167
}

Epoch 32 Memory Usage: 2298 MB


  0%|          | 0/500 [00:00<?, ?it/s]
  0%|          | 1/500 [00:00<03:11,  2.60it/s]
  0%|          | 2/500 [00:00<02:30,  3.31it/s]
  1%|          | 3/500 [00:00<02:17,  3.61it/s]
  1%|          | 4/500 [00:01<02:11,  3.76it/s]
  1%|1         | 5/500 [00:01<02:08,  3.85it/s]
  1%|1         | 6/500 [00:01<02:06,  3.91it/s]
  1%|1         | 7/500 [00:01<02:05,  3.94it/s]
  2%|1         | 8/500 [00:02<02:03,  3.98it/s]
  2%|1         | 9/500 [00:02<02:02,  4.00it/s]
  2%|2         | 10/500 [00:02<02:02,  4.01it/s]
  2%|2         | 11/500 [00:02<02:02,  4.01it/s]
  2%|2         | 12/500 [00:03<02:01,  4.01it/s]
  3%|2         | 13/500 [00:03<02:01,  4.02it/s]
  3%|2         | 14/500 [00:03<02:00,  4.02it/s]
  3%|3         | 15/500 [00:03<02:00,  4.02it/s]
  3%|3         | 16/500 [00:04<02:00,  4.01it/s]
  3%|3         | 17/500 [00:04<02:00,  4.02it/s]
  4%|3         | 18/500 [00:04<01:59,  4.02it/s]
  4%|3         | 19/500 [00:04<01:59,  4.02it/s]
  4%|4         | 20/500 [00:05<01:59,  4.02it/s]
  4%|4         | 21/500 [00:05<01:59,  4.01it/s]
  4%|4         | 22/500 [00:05<01:59,  4.01it/s]
  5%|4         | 23/500 [00:05<01:58,  4.01it/s]
  5%|4         | 24/500 [00:06<01:59,  4.00it/s]
  5%|5         | 25/500 [00:06<01:58,  3.99it/s]
  5%|5         | 26/500 [00:06<01:58,  4.01it/s]
  5%|5         | 27/500 [00:06<01:57,  4.01it/s]
  6%|5         | 28/500 [00:07<01:57,  4.01it/s]
  6%|5         | 29/500 [00:07<01:57,  4.02it/s]
  6%|6         | 30/500 [00:07<02:27,  3.18it/s]
  6%|6         | 31/500 [00:08<02:17,  3.40it/s]
  6%|6         | 32/500 [00:08<02:11,  3.57it/s]
  7%|6         | 33/500 [00:08<02:06,  3.70it/s]
  7%|6         | 34/500 [00:08<02:03,  3.78it/s]
  7%|7         | 35/500 [00:09<02:01,  3.84it/s]
  7%|7         | 36/500 [00:09<01:59,  3.89it/s]
  7%|7         | 37/500 [00:09<01:58,  3.92it/s]
  8%|7         | 38/500 [00:09<01:57,  3.94it/s]
  8%|7         | 39/500 [00:10<01:56,  3.96it/s]
  8%|8         | 40/500 [00:10<01:55,  3.97it/s]
  8%|8         | 41/500 [00:10<01:55,  3.98it/s]
  8%|8         | 42/500 [00:10<01:55,  3.98it/s]
  9%|8         | 43/500 [00:11<01:54,  3.99it/s]
  9%|8         | 44/500 [00:11<01:54,  3.99it/s]
  9%|9         | 45/500 [00:11<01:53,  4.00it/s]
  9%|9         | 46/500 [00:11<01:53,  4.02it/s]
  9%|9         | 47/500 [00:12<01:52,  4.02it/s]
 10%|9         | 48/500 [00:12<01:52,  4.00it/s]
 10%|9         | 49/500 [00:12<01:52,  4.02it/s]
 10%|#         | 50/500 [00:12<01:52,  4.01it/s]
 10%|#         | 51/500 [00:13<01:52,  3.99it/s]
 10%|#         | 52/500 [00:13<01:52,  3.98it/s]
 11%|#         | 53/500 [00:13<01:52,  3.98it/s]
 11%|#         | 54/500 [00:13<01:52,  3.97it/s]
 11%|#1        | 55/500 [00:14<01:51,  3.98it/s]
 11%|#1        | 56/500 [00:14<01:50,  4.01it/s]
 11%|#1        | 57/500 [00:14<01:50,  4.03it/s]
 12%|#1        | 58/500 [00:14<01:49,  4.02it/s]
 12%|#1        | 59/500 [00:15<02:18,  3.19it/s]
 12%|#2        | 60/500 [00:15<02:08,  3.43it/s]
 12%|#2        | 61/500 [00:15<02:02,  3.59it/s]
 12%|#2        | 62/500 [00:16<01:57,  3.71it/s]
 13%|#2        | 63/500 [00:16<01:54,  3.80it/s]
 13%|#2        | 64/500 [00:16<01:51,  3.90it/s]
 13%|#3        | 65/500 [00:16<01:50,  3.95it/s]
 13%|#3        | 66/500 [00:16<01:49,  3.97it/s]
 13%|#3        | 67/500 [00:17<01:49,  3.97it/s]
 14%|#3        | 68/500 [00:17<01:48,  3.97it/s]
 14%|#3        | 69/500 [00:17<01:47,  3.99it/s]
 14%|#4        | 70/500 [00:17<01:47,  3.99it/s]
 14%|#4        | 71/500 [00:18<01:47,  3.99it/s]
 14%|#4        | 72/500 [00:18<01:46,  4.00it/s]
 15%|#4        | 73/500 [00:18<01:46,  4.00it/s]
 15%|#4        | 74/500 [00:18<01:46,  3.99it/s]
 15%|#5        | 75/500 [00:19<01:46,  4.00it/s]
 15%|#5        | 76/500 [00:19<01:45,  4.00it/s]
 15%|#5        | 77/500 [00:19<01:45,  3.99it/s]
 16%|#5        | 78/500 [00:19<01:45,  3.99it/s]
 16%|#5        | 79/500 [00:20<01:45,  3.99it/s]
 16%|#6        | 80/500 [00:20<01:45,  3.98it/s]
 16%|#6        | 81/500 [00:20<01:45,  3.98it/s]
 16%|#6        | 82/500 [00:20<01:44,  3.98it/s]
 17%|#6        | 83/500 [00:21<01:44,  3.97it/s]
 17%|#6        | 84/500 [00:21<01:44,  3.97it/s]
 17%|#7        | 85/500 [00:21<01:44,  3.98it/s]
 17%|#7        | 86/500 [00:22<01:44,  3.97it/s]
 17%|#7        | 87/500 [00:22<01:43,  3.98it/s]
 18%|#7        | 88/500 [00:22<02:09,  3.18it/s]
 18%|#7        | 89/500 [00:22<02:00,  3.40it/s]
 18%|#8        | 90/500 [00:23<01:54,  3.57it/s]
 18%|#8        | 91/500 [00:23<01:50,  3.71it/s]
 18%|#8        | 92/500 [00:23<01:46,  3.81it/s]
 19%|#8        | 93/500 [00:23<01:44,  3.89it/s]
 19%|#8        | 94/500 [00:24<01:43,  3.93it/s]
 19%|#9        | 95/500 [00:24<01:41,  3.98it/s]
 19%|#9        | 96/500 [00:24<01:41,  4.00it/s]
 19%|#9        | 97/500 [00:24<01:40,  4.00it/s]
 20%|#9        | 98/500 [00:25<01:40,  4.00it/s]
 20%|#9        | 99/500 [00:25<01:40,  3.99it/s]
 20%|##        | 100/500 [00:25<01:40,  3.99it/s]
 20%|##        | 101/500 [00:25<01:39,  3.99it/s]
 20%|##        | 102/500 [00:26<01:39,  4.00it/s]
 21%|##        | 103/500 [00:26<01:39,  4.00it/s]
 21%|##        | 104/500 [00:26<01:38,  4.00it/s]
 21%|##1       | 105/500 [00:26<01:38,  4.00it/s]
 21%|##1       | 106/500 [00:27<01:38,  4.00it/s]
 21%|##1       | 107/500 [00:27<01:38,  3.99it/s]
 22%|##1       | 108/500 [00:27<01:38,  3.99it/s]
 22%|##1       | 109/500 [00:27<01:37,  3.99it/s]
 22%|##2       | 110/500 [00:28<01:37,  3.99it/s]
 22%|##2       | 111/500 [00:28<01:37,  3.98it/s]
 22%|##2       | 112/500 [00:28<01:37,  4.00it/s]
 23%|##2       | 113/500 [00:28<01:36,  3.99it/s]
 23%|##2       | 114/500 [00:29<01:36,  4.00it/s]
 23%|##3       | 115/500 [00:29<01:36,  4.01it/s]
 23%|##3       | 116/500 [00:29<01:35,  4.02it/s]
 23%|##3       | 117/500 [00:30<01:59,  3.20it/s]
 24%|##3       | 118/500 [00:30<01:51,  3.43it/s]
 24%|##3       | 119/500 [00:30<01:46,  3.59it/s]
 24%|##4       | 120/500 [00:30<01:42,  3.72it/s]
 24%|##4       | 121/500 [00:31<01:39,  3.80it/s]
 24%|##4       | 122/500 [00:31<01:38,  3.86it/s]
 25%|##4       | 123/500 [00:31<01:36,  3.89it/s]
 25%|##4       | 124/500 [00:31<01:35,  3.92it/s]
 25%|##5       | 125/500 [00:32<01:34,  3.96it/s]
 25%|##5       | 126/500 [00:32<01:34,  3.97it/s]
 25%|##5       | 127/500 [00:32<01:33,  3.97it/s]
 26%|##5       | 128/500 [00:32<01:33,  3.98it/s]
 26%|##5       | 129/500 [00:33<01:32,  4.02it/s]
 26%|##6       | 130/500 [00:33<01:31,  4.04it/s]
 26%|##6       | 131/500 [00:33<01:31,  4.04it/s]
 26%|##6       | 132/500 [00:33<01:31,  4.04it/s]
 27%|##6       | 133/500 [00:34<01:30,  4.04it/s]
 27%|##6       | 134/500 [00:34<01:30,  4.03it/s]
 27%|##7       | 135/500 [00:34<01:30,  4.02it/s]
 27%|##7       | 136/500 [00:34<01:30,  4.01it/s]
 27%|##7       | 137/500 [00:35<01:30,  4.02it/s]
 28%|##7       | 138/500 [00:35<01:30,  4.01it/s]
 28%|##7       | 139/500 [00:35<01:29,  4.02it/s]
 28%|##8       | 140/500 [00:35<01:29,  4.01it/s]
 28%|##8       | 141/500 [00:36<01:29,  4.01it/s]
 28%|##8       | 142/500 [00:36<01:29,  4.02it/s]
 29%|##8       | 143/500 [00:36<01:28,  4.02it/s]
 29%|##8       | 144/500 [00:36<01:28,  4.01it/s]
 29%|##9       | 145/500 [00:37<01:28,  4.03it/s]
 29%|##9       | 146/500 [00:37<01:52,  3.14it/s]
 29%|##9       | 147/500 [00:37<01:44,  3.37it/s]
 30%|##9       | 148/500 [00:38<01:39,  3.55it/s]
 30%|##9       | 149/500 [00:38<01:34,  3.70it/s]
 30%|###       | 150/500 [00:38<01:32,  3.79it/s]
 30%|###       | 151/500 [00:38<01:29,  3.88it/s]
 30%|###       | 152/500 [00:39<01:28,  3.92it/s]
 31%|###       | 153/500 [00:39<01:27,  3.96it/s]
 31%|###       | 154/500 [00:39<01:26,  4.00it/s]
 31%|###1      | 155/500 [00:39<01:26,  4.00it/s]
 31%|###1      | 156/500 [00:40<01:25,  4.01it/s]
 31%|###1      | 157/500 [00:40<01:25,  4.02it/s]
 32%|###1      | 158/500 [00:40<01:25,  4.02it/s]
 32%|###1      | 159/500 [00:40<01:25,  4.01it/s]
 32%|###2      | 160/500 [00:41<01:24,  4.00it/s]
 32%|###2      | 161/500 [00:41<01:24,  4.00it/s]
 32%|###2      | 162/500 [00:41<01:24,  4.00it/s]
 33%|###2      | 163/500 [00:41<01:24,  4.00it/s]
 33%|###2      | 164/500 [00:42<01:23,  4.00it/s]
 33%|###3      | 165/500 [00:42<01:23,  4.01it/s]
 33%|###3      | 166/500 [00:42<01:23,  4.00it/s]
 33%|###3      | 167/500 [00:42<01:23,  4.00it/s]
 34%|###3      | 168/500 [00:43<01:22,  4.00it/s]
 34%|###3      | 169/500 [00:43<01:22,  3.99it/s]
 34%|###4      | 170/500 [00:43<01:22,  3.98it/s]
 34%|###4      | 171/500 [00:43<01:22,  4.00it/s]
 34%|###4      | 172/500 [00:44<01:21,  4.02it/s]
 35%|###4      | 173/500 [00:44<01:21,  4.01it/s]
 35%|###4      | 174/500 [00:44<01:21,  4.01it/s]
 35%|###5      | 175/500 [00:45<01:42,  3.17it/s]
 35%|###5      | 176/500 [00:45<01:35,  3.40it/s]
 35%|###5      | 177/500 [00:45<01:30,  3.58it/s]
 36%|###5      | 178/500 [00:45<01:26,  3.71it/s]
 36%|###5      | 179/500 [00:46<01:24,  3.80it/s]
 36%|###6      | 180/500 [00:46<01:22,  3.86it/s]
 36%|###6      | 181/500 [00:46<01:21,  3.90it/s]
 36%|###6      | 182/500 [00:46<01:21,  3.92it/s]
 37%|###6      | 183/500 [00:47<01:20,  3.95it/s]
 37%|###6      | 184/500 [00:47<01:19,  3.97it/s]
 37%|###7      | 185/500 [00:47<01:19,  3.98it/s]
 37%|###7      | 186/500 [00:47<01:18,  3.98it/s]
 37%|###7      | 187/500 [00:48<01:18,  3.99it/s]
 38%|###7      | 188/500 [00:48<01:18,  4.00it/s]
 38%|###7      | 189/500 [00:48<01:17,  4.00it/s]
 38%|###8      | 190/500 [00:48<01:17,  3.99it/s]
 38%|###8      | 191/500 [00:49<01:17,  4.00it/s]
 38%|###8      | 192/500 [00:49<01:17,  4.00it/s]
 39%|###8      | 193/500 [00:49<01:16,  3.99it/s]
 39%|###8      | 194/500 [00:49<01:16,  3.98it/s]
 39%|###9      | 195/500 [00:50<01:16,  3.98it/s]
 39%|###9      | 196/500 [00:50<01:16,  3.97it/s]
 39%|###9      | 197/500 [00:50<01:16,  3.98it/s]
 40%|###9      | 198/500 [00:50<01:15,  3.99it/s]
 40%|###9      | 199/500 [00:51<01:15,  3.98it/s]
 40%|####      | 200/500 [00:51<01:15,  4.00it/s]
 40%|####      | 201/500 [00:51<01:14,  4.00it/s]
 40%|####      | 202/500 [00:51<01:14,  4.01it/s]
 41%|####      | 203/500 [00:52<01:13,  4.02it/s]
 41%|####      | 204/500 [00:52<01:33,  3.17it/s]
 41%|####1     | 205/500 [00:52<01:26,  3.40it/s]
 41%|####1     | 206/500 [00:52<01:22,  3.57it/s]
 41%|####1     | 207/500 [00:53<01:19,  3.70it/s]
 42%|####1     | 208/500 [00:53<01:17,  3.78it/s]
 42%|####1     | 209/500 [00:53<01:15,  3.84it/s]
 42%|####2     | 210/500 [00:53<01:14,  3.89it/s]
 42%|####2     | 211/500 [00:54<01:13,  3.91it/s]
 42%|####2     | 212/500 [00:54<01:13,  3.93it/s]
 43%|####2     | 213/500 [00:54<01:12,  3.95it/s]
 43%|####2     | 214/500 [00:54<01:12,  3.96it/s]
 43%|####3     | 215/500 [00:55<01:11,  3.98it/s]
 43%|####3     | 216/500 [00:55<01:11,  3.98it/s]
 43%|####3     | 217/500 [00:55<01:11,  3.99it/s]
 44%|####3     | 218/500 [00:55<01:10,  3.98it/s]
 44%|####3     | 219/500 [00:56<01:10,  3.97it/s]
 44%|####4     | 220/500 [00:56<01:10,  3.98it/s]
 44%|####4     | 221/500 [00:56<01:09,  3.99it/s]
 44%|####4     | 222/500 [00:56<01:09,  3.99it/s]
 45%|####4     | 223/500 [00:57<01:09,  3.99it/s]
 45%|####4     | 224/500 [00:57<01:09,  3.99it/s]
 45%|####5     | 225/500 [00:57<01:08,  4.00it/s]
 45%|####5     | 226/500 [00:57<01:08,  3.98it/s]
 45%|####5     | 227/500 [00:58<01:08,  4.00it/s]
 46%|####5     | 228/500 [00:58<01:08,  4.00it/s]
 46%|####5     | 229/500 [00:58<01:07,  4.01it/s]
 46%|####6     | 230/500 [00:58<01:07,  4.02it/s]
 46%|####6     | 231/500 [00:59<01:06,  4.02it/s]
 46%|####6     | 232/500 [00:59<01:06,  4.02it/s]
 47%|####6     | 233/500 [00:59<01:24,  3.17it/s]
 47%|####6     | 234/500 [01:00<01:18,  3.39it/s]
 47%|####6     | 235/500 [01:00<01:14,  3.55it/s]
 47%|####7     | 236/500 [01:00<01:11,  3.69it/s]
 47%|####7     | 237/500 [01:00<01:09,  3.77it/s]
 48%|####7     | 238/500 [01:01<01:08,  3.84it/s]
 48%|####7     | 239/500 [01:01<01:07,  3.89it/s]
 48%|####8     | 240/500 [01:01<01:06,  3.93it/s]
 48%|####8     | 241/500 [01:01<01:05,  3.94it/s]
 48%|####8     | 242/500 [01:02<01:05,  3.95it/s]
 49%|####8     | 243/500 [01:02<01:04,  3.96it/s]
 49%|####8     | 244/500 [01:02<01:04,  3.97it/s]
 49%|####9     | 245/500 [01:02<01:03,  4.00it/s]
 49%|####9     | 246/500 [01:03<01:03,  4.01it/s]
 49%|####9     | 247/500 [01:03<01:02,  4.02it/s]
 50%|####9     | 248/500 [01:03<01:02,  4.03it/s]
 50%|####9     | 249/500 [01:03<01:02,  4.03it/s]
 50%|#####     | 250/500 [01:04<01:02,  4.02it/s]
 50%|#####     | 251/500 [01:04<01:02,  4.02it/s]
 50%|#####     | 252/500 [01:04<01:01,  4.02it/s]
 51%|#####     | 253/500 [01:04<01:01,  4.02it/s]
 51%|#####     | 254/500 [01:05<01:01,  4.02it/s]
 51%|#####1    | 255/500 [01:05<01:00,  4.02it/s]
 51%|#####1    | 256/500 [01:05<01:00,  4.01it/s]
 51%|#####1    | 257/500 [01:05<01:00,  4.01it/s]
 52%|#####1    | 258/500 [01:06<01:00,  4.02it/s]
 52%|#####1    | 259/500 [01:06<00:59,  4.03it/s]
 52%|#####2    | 260/500 [01:06<00:59,  4.04it/s]
 52%|#####2    | 261/500 [01:06<00:59,  4.04it/s]
 52%|#####2    | 262/500 [01:07<01:14,  3.19it/s]
 53%|#####2    | 263/500 [01:07<01:09,  3.41it/s]
 53%|#####2    | 264/500 [01:07<01:05,  3.59it/s]
 53%|#####3    | 265/500 [01:08<01:03,  3.72it/s]
 53%|#####3    | 266/500 [01:08<01:01,  3.82it/s]
 53%|#####3    | 267/500 [01:08<00:59,  3.89it/s]
 54%|#####3    | 268/500 [01:08<00:59,  3.93it/s]
 54%|#####3    | 269/500 [01:09<00:58,  3.95it/s]
 54%|#####4    | 270/500 [01:09<00:57,  3.97it/s]
 54%|#####4    | 271/500 [01:09<00:57,  3.98it/s]
 54%|#####4    | 272/500 [01:09<00:57,  3.98it/s]
 55%|#####4    | 273/500 [01:10<00:56,  3.99it/s]
 55%|#####4    | 274/500 [01:10<00:56,  4.00it/s]
 55%|#####5    | 275/500 [01:10<00:56,  4.01it/s]
 55%|#####5    | 276/500 [01:10<00:55,  4.00it/s]
 55%|#####5    | 277/500 [01:11<00:55,  4.00it/s]
 56%|#####5    | 278/500 [01:11<00:55,  4.00it/s]
 56%|#####5    | 279/500 [01:11<00:55,  4.00it/s]
 56%|#####6    | 280/500 [01:11<00:54,  4.00it/s]
 56%|#####6    | 281/500 [01:12<00:54,  4.01it/s]
 56%|#####6    | 282/500 [01:12<00:54,  4.00it/s]
 57%|#####6    | 283/500 [01:12<00:54,  4.00it/s]
 57%|#####6    | 284/500 [01:12<00:54,  3.99it/s]
 57%|#####6    | 285/500 [01:13<00:53,  3.99it/s]
 57%|#####7    | 286/500 [01:13<00:53,  3.99it/s]
 57%|#####7    | 287/500 [01:13<00:53,  3.99it/s]
 58%|#####7    | 288/500 [01:13<00:53,  4.00it/s]
 58%|#####7    | 289/500 [01:14<00:52,  4.00it/s]
 58%|#####8    | 290/500 [01:14<00:52,  4.00it/s]
 58%|#####8    | 291/500 [01:14<01:05,  3.19it/s]
 58%|#####8    | 292/500 [01:15<01:00,  3.41it/s]
 59%|#####8    | 293/500 [01:15<00:57,  3.57it/s]
 59%|#####8    | 294/500 [01:15<00:55,  3.69it/s]
 59%|#####8    | 295/500 [01:15<00:54,  3.78it/s]
 59%|#####9    | 296/500 [01:16<00:53,  3.84it/s]
 59%|#####9    | 297/500 [01:16<00:52,  3.89it/s]
 60%|#####9    | 298/500 [01:16<00:51,  3.94it/s]
 60%|#####9    | 299/500 [01:16<00:50,  3.95it/s]
 60%|######    | 300/500 [01:17<00:50,  3.97it/s]
 60%|######    | 301/500 [01:17<00:50,  3.97it/s]
 60%|######    | 302/500 [01:17<00:49,  3.99it/s]
 61%|######    | 303/500 [01:17<00:49,  3.99it/s]
 61%|######    | 304/500 [01:18<00:49,  4.00it/s]
 61%|######1   | 305/500 [01:18<00:48,  4.01it/s]
 61%|######1   | 306/500 [01:18<00:48,  4.01it/s]
 61%|######1   | 307/500 [01:18<00:48,  4.01it/s]
 62%|######1   | 308/500 [01:19<00:47,  4.00it/s]
 62%|######1   | 309/500 [01:19<00:47,  4.00it/s]
 62%|######2   | 310/500 [01:19<00:47,  3.99it/s]
 62%|######2   | 311/500 [01:19<00:47,  3.98it/s]
 62%|######2   | 312/500 [01:20<00:47,  3.98it/s]
 63%|######2   | 313/500 [01:20<00:46,  3.98it/s]
 63%|######2   | 314/500 [01:20<00:46,  3.99it/s]
 63%|######3   | 315/500 [01:20<00:46,  3.98it/s]
 63%|######3   | 316/500 [01:21<00:46,  3.98it/s]
 63%|######3   | 317/500 [01:21<00:45,  3.99it/s]
 64%|######3   | 318/500 [01:21<00:45,  4.00it/s]
 64%|######3   | 319/500 [01:21<00:45,  4.01it/s]
 64%|######4   | 320/500 [01:22<00:56,  3.19it/s]
 64%|######4   | 321/500 [01:22<00:52,  3.43it/s]
 64%|######4   | 322/500 [01:22<00:49,  3.59it/s]
 65%|######4   | 323/500 [01:23<00:47,  3.72it/s]
 65%|######4   | 324/500 [01:23<00:46,  3.81it/s]
 65%|######5   | 325/500 [01:23<00:45,  3.88it/s]
 65%|######5   | 326/500 [01:23<00:44,  3.92it/s]
 65%|######5   | 327/500 [01:23<00:43,  3.95it/s]
 66%|######5   | 328/500 [01:24<00:43,  3.96it/s]
 66%|######5   | 329/500 [01:24<00:43,  3.97it/s]
 66%|######6   | 330/500 [01:24<00:42,  3.99it/s]
 66%|######6   | 331/500 [01:25<00:42,  3.98it/s]
 66%|######6   | 332/500 [01:25<00:42,  3.98it/s]
 67%|######6   | 333/500 [01:25<00:41,  3.98it/s]
 67%|######6   | 334/500 [01:25<00:41,  3.97it/s]
 67%|######7   | 335/500 [01:26<00:41,  3.97it/s]
 67%|######7   | 336/500 [01:26<00:41,  3.97it/s]
 67%|######7   | 337/500 [01:26<00:41,  3.98it/s]
 68%|######7   | 338/500 [01:26<00:40,  3.97it/s]
 68%|######7   | 339/500 [01:27<00:40,  3.96it/s]
 68%|######8   | 340/500 [01:27<00:40,  3.98it/s]
 68%|######8   | 341/500 [01:27<00:39,  3.98it/s]
 68%|######8   | 342/500 [01:27<00:39,  3.99it/s]
 69%|######8   | 343/500 [01:28<00:39,  3.99it/s]
 69%|######8   | 344/500 [01:28<00:39,  3.98it/s]
 69%|######9   | 345/500 [01:28<00:38,  3.99it/s]
 69%|######9   | 346/500 [01:28<00:38,  3.99it/s]
 69%|######9   | 347/500 [01:29<00:38,  4.00it/s]
 70%|######9   | 348/500 [01:29<00:38,  4.00it/s]
 70%|######9   | 349/500 [01:29<00:47,  3.20it/s]
 70%|#######   | 350/500 [01:29<00:44,  3.40it/s]
 70%|#######   | 351/500 [01:30<00:41,  3.56it/s]
 70%|#######   | 352/500 [01:30<00:40,  3.68it/s]
 71%|#######   | 353/500 [01:30<00:38,  3.78it/s]
 71%|#######   | 354/500 [01:30<00:38,  3.83it/s]
 71%|#######1  | 355/500 [01:31<00:37,  3.88it/s]
 71%|#######1  | 356/500 [01:31<00:36,  3.90it/s]
 71%|#######1  | 357/500 [01:31<00:36,  3.93it/s]
 72%|#######1  | 358/500 [01:31<00:36,  3.94it/s]
 72%|#######1  | 359/500 [01:32<00:35,  3.94it/s]
 72%|#######2  | 360/500 [01:32<00:35,  3.94it/s]
 72%|#######2  | 361/500 [01:32<00:35,  3.94it/s]
 72%|#######2  | 362/500 [01:32<00:34,  3.95it/s]
 73%|#######2  | 363/500 [01:33<00:34,  3.95it/s]
 73%|#######2  | 364/500 [01:33<00:34,  3.95it/s]
 73%|#######3  | 365/500 [01:33<00:34,  3.94it/s]
 73%|#######3  | 366/500 [01:34<00:33,  3.95it/s]
 73%|#######3  | 367/500 [01:34<00:33,  3.98it/s]
 74%|#######3  | 368/500 [01:34<00:32,  4.00it/s]
 74%|#######3  | 369/500 [01:34<00:32,  3.99it/s]
 74%|#######4  | 370/500 [01:35<00:32,  3.99it/s]
 74%|#######4  | 371/500 [01:35<00:32,  4.00it/s]
 74%|#######4  | 372/500 [01:35<00:32,  3.99it/s]
 75%|#######4  | 373/500 [01:35<00:31,  4.00it/s]
 75%|#######4  | 374/500 [01:36<00:31,  4.00it/s]
 75%|#######5  | 375/500 [01:36<00:31,  4.00it/s]
 75%|#######5  | 376/500 [01:36<00:30,  4.00it/s]
 75%|#######5  | 377/500 [01:36<00:30,  3.99it/s]
 76%|#######5  | 378/500 [01:37<00:38,  3.15it/s]
 76%|#######5  | 379/500 [01:37<00:35,  3.39it/s]
 76%|#######6  | 380/500 [01:37<00:33,  3.55it/s]
 76%|#######6  | 381/500 [01:37<00:32,  3.68it/s]
 76%|#######6  | 382/500 [01:38<00:31,  3.78it/s]
 77%|#######6  | 383/500 [01:38<00:30,  3.86it/s]
 77%|#######6  | 384/500 [01:38<00:29,  3.91it/s]
 77%|#######7  | 385/500 [01:38<00:29,  3.94it/s]
 77%|#######7  | 386/500 [01:39<00:28,  3.96it/s]
 77%|#######7  | 387/500 [01:39<00:28,  3.98it/s]
 78%|#######7  | 388/500 [01:39<00:28,  3.99it/s]
 78%|#######7  | 389/500 [01:39<00:27,  4.00it/s]
 78%|#######8  | 390/500 [01:40<00:27,  4.01it/s]
 78%|#######8  | 391/500 [01:40<00:27,  4.01it/s]
 78%|#######8  | 392/500 [01:40<00:26,  4.01it/s]
 79%|#######8  | 393/500 [01:40<00:26,  4.01it/s]
 79%|#######8  | 394/500 [01:41<00:26,  4.03it/s]
 79%|#######9  | 395/500 [01:41<00:26,  4.04it/s]
 79%|#######9  | 396/500 [01:41<00:25,  4.04it/s]
 79%|#######9  | 397/500 [01:41<00:25,  4.05it/s]
 80%|#######9  | 398/500 [01:42<00:25,  4.04it/s]
 80%|#######9  | 399/500 [01:42<00:24,  4.04it/s]
 80%|########  | 400/500 [01:42<00:24,  4.03it/s]
 80%|########  | 401/500 [01:42<00:24,  4.04it/s]
 80%|########  | 402/500 [01:43<00:24,  4.01it/s]
 81%|########  | 403/500 [01:43<00:24,  4.01it/s]
 81%|########  | 404/500 [01:43<00:23,  4.01it/s]
 81%|########1 | 405/500 [01:43<00:23,  4.03it/s]
 81%|########1 | 406/500 [01:44<00:23,  4.04it/s]
 81%|########1 | 407/500 [01:44<00:29,  3.19it/s]
 82%|########1 | 408/500 [01:44<00:26,  3.42it/s]
 82%|########1 | 409/500 [01:45<00:25,  3.59it/s]
 82%|########2 | 410/500 [01:45<00:24,  3.71it/s]
 82%|########2 | 411/500 [01:45<00:23,  3.81it/s]
 82%|########2 | 412/500 [01:45<00:22,  3.87it/s]
 83%|########2 | 413/500 [01:46<00:22,  3.92it/s]
 83%|########2 | 414/500 [01:46<00:21,  3.93it/s]
 83%|########2 | 415/500 [01:46<00:21,  3.94it/s]
 83%|########3 | 416/500 [01:46<00:21,  3.95it/s]
 83%|########3 | 417/500 [01:47<00:20,  3.96it/s]
 84%|########3 | 418/500 [01:47<00:20,  3.97it/s]
 84%|########3 | 419/500 [01:47<00:20,  3.96it/s]
 84%|########4 | 420/500 [01:47<00:20,  3.98it/s]
 84%|########4 | 421/500 [01:48<00:19,  3.98it/s]
 84%|########4 | 422/500 [01:48<00:19,  3.98it/s]
 85%|########4 | 423/500 [01:48<00:19,  3.98it/s]
 85%|########4 | 424/500 [01:48<00:19,  3.99it/s]
 85%|########5 | 425/500 [01:49<00:18,  3.99it/s]
 85%|########5 | 426/500 [01:49<00:18,  3.98it/s]
 85%|########5 | 427/500 [01:49<00:18,  3.98it/s]
 86%|########5 | 428/500 [01:49<00:18,  3.98it/s]
 86%|########5 | 429/500 [01:50<00:17,  3.97it/s]
 86%|########6 | 430/500 [01:50<00:17,  3.97it/s]
 86%|########6 | 431/500 [01:50<00:17,  3.97it/s]
 86%|########6 | 432/500 [01:50<00:17,  3.99it/s]
 87%|########6 | 433/500 [01:51<00:16,  3.99it/s]
 87%|########6 | 434/500 [01:51<00:16,  3.98it/s]
 87%|########7 | 435/500 [01:51<00:16,  3.99it/s]
 87%|########7 | 436/500 [01:52<00:20,  3.15it/s]
 87%|########7 | 437/500 [01:52<00:18,  3.37it/s]
 88%|########7 | 438/500 [01:52<00:17,  3.54it/s]
 88%|########7 | 439/500 [01:52<00:16,  3.68it/s]
 88%|########8 | 440/500 [01:53<00:15,  3.77it/s]
 88%|########8 | 441/500 [01:53<00:15,  3.83it/s]
 88%|########8 | 442/500 [01:53<00:14,  3.89it/s]
 89%|########8 | 443/500 [01:53<00:14,  3.92it/s]
 89%|########8 | 444/500 [01:54<00:14,  3.94it/s]
 89%|########9 | 445/500 [01:54<00:13,  3.96it/s]
 89%|########9 | 446/500 [01:54<00:13,  3.97it/s]
 89%|########9 | 447/500 [01:54<00:13,  3.97it/s]
 90%|########9 | 448/500 [01:55<00:13,  3.97it/s]
 90%|########9 | 449/500 [01:55<00:12,  3.97it/s]
 90%|######### | 450/500 [01:55<00:12,  3.96it/s]
 90%|######### | 451/500 [01:55<00:12,  3.97it/s]
 90%|######### | 452/500 [01:56<00:12,  3.97it/s]
 91%|######### | 453/500 [01:56<00:11,  3.97it/s]
 91%|######### | 454/500 [01:56<00:11,  3.99it/s]
 91%|#########1| 455/500 [01:56<00:11,  4.00it/s]
 91%|#########1| 456/500 [01:57<00:11,  3.99it/s]
 91%|#########1| 457/500 [01:57<00:10,  3.99it/s]
 92%|#########1| 458/500 [01:57<00:10,  4.00it/s]
 92%|#########1| 459/500 [01:57<00:10,  3.99it/s]
 92%|#########2| 460/500 [01:58<00:10,  3.99it/s]
 92%|#########2| 461/500 [01:58<00:09,  4.00it/s]
 92%|#########2| 462/500 [01:58<00:09,  4.01it/s]
 93%|#########2| 463/500 [01:58<00:09,  4.04it/s]
 93%|#########2| 464/500 [01:59<00:08,  4.05it/s]
 93%|#########3| 465/500 [01:59<00:11,  3.18it/s]
 93%|#########3| 466/500 [01:59<00:10,  3.39it/s]
 93%|#########3| 467/500 [02:00<00:09,  3.56it/s]
 94%|#########3| 468/500 [02:00<00:08,  3.68it/s]
 94%|#########3| 469/500 [02:00<00:08,  3.78it/s]
 94%|#########3| 470/500 [02:00<00:07,  3.84it/s]
 94%|#########4| 471/500 [02:01<00:07,  3.88it/s]
 94%|#########4| 472/500 [02:01<00:07,  3.92it/s]
 95%|#########4| 473/500 [02:01<00:06,  3.97it/s]
 95%|#########4| 474/500 [02:01<00:06,  3.98it/s]
 95%|#########5| 475/500 [02:02<00:06,  3.98it/s]
 95%|#########5| 476/500 [02:02<00:06,  3.99it/s]
 95%|#########5| 477/500 [02:02<00:05,  3.99it/s]
 96%|#########5| 478/500 [02:02<00:05,  4.02it/s]
 96%|#########5| 479/500 [02:03<00:05,  4.01it/s]
 96%|#########6| 480/500 [02:03<00:04,  4.02it/s]
 96%|#########6| 481/500 [02:03<00:04,  4.02it/s]
 96%|#########6| 482/500 [02:03<00:04,  4.02it/s]
 97%|#########6| 483/500 [02:04<00:04,  4.02it/s]
 97%|#########6| 484/500 [02:04<00:03,  4.01it/s]
 97%|#########7| 485/500 [02:04<00:03,  4.00it/s]
 97%|#########7| 486/500 [02:04<00:03,  4.00it/s]
 97%|#########7| 487/500 [02:05<00:03,  4.01it/s]
 98%|#########7| 488/500 [02:05<00:02,  4.01it/s]
 98%|#########7| 489/500 [02:05<00:02,  3.99it/s]
 98%|#########8| 490/500 [02:05<00:02,  4.02it/s]
 98%|#########8| 491/500 [02:06<00:02,  4.03it/s]
 98%|#########8| 492/500 [02:06<00:01,  4.04it/s]
 99%|#########8| 493/500 [02:06<00:01,  4.04it/s]
 99%|#########8| 494/500 [02:07<00:01,  3.18it/s]
 99%|#########9| 495/500 [02:07<00:01,  3.41it/s]
 99%|#########9| 496/500 [02:07<00:01,  3.59it/s]
 99%|#########9| 497/500 [02:07<00:00,  3.73it/s]
100%|#########9| 498/500 [02:08<00:00,  3.82it/s]
100%|#########9| 499/500 [02:08<00:00,  3.88it/s]
100%|##########| 500/500 [02:08<00:00,  3.93it/s]
100%|##########| 500/500 [02:08<00:00,  3.89it/s]
Train Epoch 33
{
    "Loss": 0.008242602223530411,
    "Optimizer/policy0_lr": 0.00010000000000000003,
    "Policy_Grad_Norms": 0.04729929875268961,
    "Time_Data_Loading": 0.09869196414947509,
    "Time_Epoch": 2.142473367849986,
    "Time_Log_Info": 0.02451723019282023,
    "Time_Process_Batch": 0.7560149391492208,
    "Time_Train_Batch": 1.236083741982778
}

Epoch 33 Memory Usage: 2298 MB


  0%|          | 0/500 [00:00<?, ?it/s]
  0%|          | 1/500 [00:00<03:13,  2.58it/s]
  0%|          | 2/500 [00:00<02:31,  3.28it/s]
  1%|          | 3/500 [00:00<02:18,  3.59it/s]
  1%|          | 4/500 [00:01<02:11,  3.76it/s]
  1%|1         | 5/500 [00:01<02:08,  3.84it/s]
  1%|1         | 6/500 [00:01<02:06,  3.89it/s]
  1%|1         | 7/500 [00:01<02:05,  3.93it/s]
  2%|1         | 8/500 [00:02<02:04,  3.95it/s]
  2%|1         | 9/500 [00:02<02:03,  3.99it/s]
  2%|2         | 10/500 [00:02<02:01,  4.02it/s]
  2%|2         | 11/500 [00:02<02:01,  4.03it/s]
  2%|2         | 12/500 [00:03<02:00,  4.04it/s]
  3%|2         | 13/500 [00:03<02:00,  4.03it/s]
  3%|2         | 14/500 [00:03<02:00,  4.03it/s]
  3%|3         | 15/500 [00:03<02:00,  4.04it/s]
  3%|3         | 16/500 [00:04<02:00,  4.03it/s]
  3%|3         | 17/500 [00:04<02:00,  4.01it/s]
  4%|3         | 18/500 [00:04<01:59,  4.02it/s]
  4%|3         | 19/500 [00:04<01:58,  4.05it/s]
  4%|4         | 20/500 [00:05<01:58,  4.05it/s]
  4%|4         | 21/500 [00:05<01:58,  4.04it/s]
  4%|4         | 22/500 [00:05<01:58,  4.04it/s]
  5%|4         | 23/500 [00:05<01:58,  4.03it/s]
  5%|4         | 24/500 [00:06<01:58,  4.03it/s]
  5%|5         | 25/500 [00:06<01:58,  4.02it/s]
  5%|5         | 26/500 [00:06<01:57,  4.02it/s]
  5%|5         | 27/500 [00:06<01:57,  4.03it/s]
  6%|5         | 28/500 [00:07<01:57,  4.03it/s]
  6%|5         | 29/500 [00:07<01:57,  4.02it/s]
  6%|6         | 30/500 [00:07<02:26,  3.20it/s]
  6%|6         | 31/500 [00:08<02:16,  3.42it/s]
  6%|6         | 32/500 [00:08<02:10,  3.59it/s]
  7%|6         | 33/500 [00:08<02:06,  3.70it/s]
  7%|6         | 34/500 [00:08<02:03,  3.79it/s]
  7%|7         | 35/500 [00:09<02:00,  3.85it/s]
  7%|7         | 36/500 [00:09<01:58,  3.90it/s]
  7%|7         | 37/500 [00:09<01:57,  3.94it/s]
  8%|7         | 38/500 [00:09<01:56,  3.96it/s]
  8%|7         | 39/500 [00:10<01:55,  3.98it/s]
  8%|8         | 40/500 [00:10<01:55,  3.99it/s]
  8%|8         | 41/500 [00:10<01:54,  4.00it/s]
  8%|8         | 42/500 [00:10<01:54,  4.01it/s]
  9%|8         | 43/500 [00:11<01:54,  4.00it/s]
  9%|8         | 44/500 [00:11<01:53,  4.01it/s]
  9%|9         | 45/500 [00:11<01:53,  4.00it/s]
  9%|9         | 46/500 [00:11<01:53,  4.00it/s]
  9%|9         | 47/500 [00:12<01:53,  3.99it/s]
 10%|9         | 48/500 [00:12<01:53,  3.99it/s]
 10%|9         | 49/500 [00:12<01:53,  3.99it/s]
 10%|#         | 50/500 [00:12<01:52,  3.99it/s]
 10%|#         | 51/500 [00:13<01:52,  3.98it/s]
 10%|#         | 52/500 [00:13<01:52,  3.99it/s]
 11%|#         | 53/500 [00:13<01:52,  3.98it/s]
 11%|#         | 54/500 [00:13<01:51,  3.99it/s]
 11%|#1        | 55/500 [00:14<01:51,  4.00it/s]
 11%|#1        | 56/500 [00:14<01:50,  4.01it/s]
 11%|#1        | 57/500 [00:14<01:50,  4.02it/s]
 12%|#1        | 58/500 [00:14<01:49,  4.03it/s]
 12%|#1        | 59/500 [00:15<02:19,  3.16it/s]
 12%|#2        | 60/500 [00:15<02:09,  3.39it/s]
 12%|#2        | 61/500 [00:15<02:03,  3.57it/s]
 12%|#2        | 62/500 [00:15<01:58,  3.70it/s]
 13%|#2        | 63/500 [00:16<01:54,  3.81it/s]
 13%|#2        | 64/500 [00:16<01:52,  3.87it/s]
 13%|#3        | 65/500 [00:16<01:50,  3.94it/s]
 13%|#3        | 66/500 [00:16<01:49,  3.97it/s]
 13%|#3        | 67/500 [00:17<01:48,  4.00it/s]
 14%|#3        | 68/500 [00:17<01:47,  4.01it/s]
 14%|#3        | 69/500 [00:17<01:46,  4.03it/s]
 14%|#4        | 70/500 [00:17<01:46,  4.04it/s]
 14%|#4        | 71/500 [00:18<01:46,  4.03it/s]
 14%|#4        | 72/500 [00:18<01:46,  4.02it/s]
 15%|#4        | 73/500 [00:18<01:45,  4.03it/s]
 15%|#4        | 74/500 [00:18<01:45,  4.04it/s]
 15%|#5        | 75/500 [00:19<01:45,  4.03it/s]
 15%|#5        | 76/500 [00:19<01:45,  4.01it/s]
 15%|#5        | 77/500 [00:19<01:44,  4.03it/s]
 16%|#5        | 78/500 [00:19<01:44,  4.03it/s]
 16%|#5        | 79/500 [00:20<01:44,  4.02it/s]
 16%|#6        | 80/500 [00:20<01:44,  4.00it/s]
 16%|#6        | 81/500 [00:20<01:44,  4.02it/s]
 16%|#6        | 82/500 [00:20<01:44,  4.02it/s]
 17%|#6        | 83/500 [00:21<01:43,  4.01it/s]
 17%|#6        | 84/500 [00:21<01:43,  4.01it/s]
 17%|#7        | 85/500 [00:21<01:43,  4.02it/s]
 17%|#7        | 86/500 [00:21<01:43,  4.01it/s]
 17%|#7        | 87/500 [00:22<01:42,  4.01it/s]
 18%|#7        | 88/500 [00:22<02:09,  3.19it/s]
 18%|#7        | 89/500 [00:22<02:00,  3.41it/s]
 18%|#8        | 90/500 [00:23<01:55,  3.56it/s]
 18%|#8        | 91/500 [00:23<01:50,  3.69it/s]
 18%|#8        | 92/500 [00:23<01:48,  3.78it/s]
 19%|#8        | 93/500 [00:23<01:46,  3.83it/s]
 19%|#8        | 94/500 [00:24<01:44,  3.87it/s]
 19%|#9        | 95/500 [00:24<01:43,  3.89it/s]
 19%|#9        | 96/500 [00:24<01:42,  3.93it/s]
 19%|#9        | 97/500 [00:24<01:42,  3.93it/s]
 20%|#9        | 98/500 [00:25<01:41,  3.94it/s]
 20%|#9        | 99/500 [00:25<01:41,  3.95it/s]
 20%|##        | 100/500 [00:25<01:40,  3.96it/s]
 20%|##        | 101/500 [00:25<01:40,  3.98it/s]
 20%|##        | 102/500 [00:26<01:39,  3.99it/s]
 21%|##        | 103/500 [00:26<01:39,  3.99it/s]
 21%|##        | 104/500 [00:26<01:38,  4.01it/s]
 21%|##1       | 105/500 [00:26<01:38,  4.01it/s]
 21%|##1       | 106/500 [00:27<01:38,  4.01it/s]
 21%|##1       | 107/500 [00:27<01:38,  4.01it/s]
 22%|##1       | 108/500 [00:27<01:37,  4.00it/s]
 22%|##1       | 109/500 [00:27<01:38,  3.99it/s]
 22%|##2       | 110/500 [00:28<01:37,  3.99it/s]
 22%|##2       | 111/500 [00:28<01:37,  3.97it/s]
 22%|##2       | 112/500 [00:28<01:37,  3.96it/s]
 23%|##2       | 113/500 [00:28<01:37,  3.98it/s]
 23%|##2       | 114/500 [00:29<01:37,  3.97it/s]
 23%|##3       | 115/500 [00:29<01:36,  3.98it/s]
 23%|##3       | 116/500 [00:29<01:36,  3.99it/s]
 23%|##3       | 117/500 [00:30<02:00,  3.18it/s]
 24%|##3       | 118/500 [00:30<01:51,  3.41it/s]
 24%|##3       | 119/500 [00:30<01:45,  3.60it/s]
 24%|##4       | 120/500 [00:30<01:41,  3.74it/s]
 24%|##4       | 121/500 [00:31<01:39,  3.83it/s]
 24%|##4       | 122/500 [00:31<01:37,  3.88it/s]
 25%|##4       | 123/500 [00:31<01:36,  3.91it/s]
 25%|##4       | 124/500 [00:31<01:35,  3.95it/s]
 25%|##5       | 125/500 [00:32<01:33,  3.99it/s]
 25%|##5       | 126/500 [00:32<01:33,  4.02it/s]
 25%|##5       | 127/500 [00:32<01:32,  4.04it/s]
 26%|##5       | 128/500 [00:32<01:32,  4.03it/s]
 26%|##5       | 129/500 [00:33<01:32,  4.03it/s]
 26%|##6       | 130/500 [00:33<01:32,  4.01it/s]
 26%|##6       | 131/500 [00:33<01:31,  4.02it/s]
 26%|##6       | 132/500 [00:33<01:31,  4.00it/s]
 27%|##6       | 133/500 [00:34<01:31,  4.01it/s]
 27%|##6       | 134/500 [00:34<01:31,  4.00it/s]
 27%|##7       | 135/500 [00:34<01:31,  4.00it/s]
 27%|##7       | 136/500 [00:34<01:30,  4.00it/s]
 27%|##7       | 137/500 [00:35<01:30,  4.00it/s]
 28%|##7       | 138/500 [00:35<01:30,  3.99it/s]
 28%|##7       | 139/500 [00:35<01:29,  4.02it/s]
 28%|##8       | 140/500 [00:35<01:29,  4.01it/s]
 28%|##8       | 141/500 [00:36<01:29,  4.01it/s]
 28%|##8       | 142/500 [00:36<01:29,  4.01it/s]
 29%|##8       | 143/500 [00:36<01:28,  4.02it/s]
 29%|##8       | 144/500 [00:36<01:28,  4.01it/s]
 29%|##9       | 145/500 [00:37<01:28,  4.01it/s]
 29%|##9       | 146/500 [00:37<01:50,  3.20it/s]
 29%|##9       | 147/500 [00:37<01:43,  3.41it/s]
 30%|##9       | 148/500 [00:38<01:38,  3.56it/s]
 30%|##9       | 149/500 [00:38<01:35,  3.69it/s]
 30%|###       | 150/500 [00:38<01:32,  3.78it/s]
 30%|###       | 151/500 [00:38<01:30,  3.85it/s]
 30%|###       | 152/500 [00:39<01:29,  3.89it/s]
 31%|###       | 153/500 [00:39<01:28,  3.92it/s]
 31%|###       | 154/500 [00:39<01:27,  3.96it/s]
 31%|###1      | 155/500 [00:39<01:26,  3.97it/s]
 31%|###1      | 156/500 [00:40<01:26,  3.98it/s]
 31%|###1      | 157/500 [00:40<01:25,  3.99it/s]
 32%|###1      | 158/500 [00:40<01:25,  4.00it/s]
 32%|###1      | 159/500 [00:40<01:25,  4.00it/s]
 32%|###2      | 160/500 [00:41<01:25,  4.00it/s]
 32%|###2      | 161/500 [00:41<01:24,  4.00it/s]
 32%|###2      | 162/500 [00:41<01:24,  4.01it/s]
 33%|###2      | 163/500 [00:41<01:24,  4.01it/s]
 33%|###2      | 164/500 [00:42<01:24,  4.00it/s]
 33%|###3      | 165/500 [00:42<01:23,  4.00it/s]
 33%|###3      | 166/500 [00:42<01:23,  4.01it/s]
 33%|###3      | 167/500 [00:42<01:22,  4.02it/s]
 34%|###3      | 168/500 [00:43<01:22,  4.02it/s]
 34%|###3      | 169/500 [00:43<01:22,  4.01it/s]
 34%|###4      | 170/500 [00:43<01:22,  4.01it/s]
 34%|###4      | 171/500 [00:43<01:22,  4.01it/s]
 34%|###4      | 172/500 [00:44<01:21,  4.02it/s]
 35%|###4      | 173/500 [00:44<01:21,  4.02it/s]
 35%|###4      | 174/500 [00:44<01:21,  4.02it/s]
 35%|###5      | 175/500 [00:44<01:41,  3.19it/s]
 35%|###5      | 176/500 [00:45<01:34,  3.41it/s]
 35%|###5      | 177/500 [00:45<01:30,  3.58it/s]
 36%|###5      | 178/500 [00:45<01:26,  3.70it/s]
 36%|###5      | 179/500 [00:45<01:24,  3.79it/s]
 36%|###6      | 180/500 [00:46<01:23,  3.85it/s]
 36%|###6      | 181/500 [00:46<01:21,  3.90it/s]
 36%|###6      | 182/500 [00:46<01:20,  3.97it/s]
 37%|###6      | 183/500 [00:46<01:19,  3.98it/s]
 37%|###6      | 184/500 [00:47<01:18,  4.00it/s]
 37%|###7      | 185/500 [00:47<01:18,  4.00it/s]
 37%|###7      | 186/500 [00:47<01:18,  3.99it/s]
 37%|###7      | 187/500 [00:47<01:18,  4.00it/s]
 38%|###7      | 188/500 [00:48<01:17,  4.01it/s]
 38%|###7      | 189/500 [00:48<01:17,  4.01it/s]
 38%|###8      | 190/500 [00:48<01:17,  4.02it/s]
 38%|###8      | 191/500 [00:48<01:16,  4.02it/s]
 38%|###8      | 192/500 [00:49<01:16,  4.02it/s]
 39%|###8      | 193/500 [00:49<01:16,  4.01it/s]
 39%|###8      | 194/500 [00:49<01:16,  4.01it/s]
 39%|###9      | 195/500 [00:49<01:16,  4.00it/s]
 39%|###9      | 196/500 [00:50<01:16,  3.99it/s]
 39%|###9      | 197/500 [00:50<01:15,  3.99it/s]
 40%|###9      | 198/500 [00:50<01:15,  3.99it/s]
 40%|###9      | 199/500 [00:50<01:15,  3.98it/s]
 40%|####      | 200/500 [00:51<01:15,  3.98it/s]
 40%|####      | 201/500 [00:51<01:14,  3.99it/s]
 40%|####      | 202/500 [00:51<01:14,  3.99it/s]
 41%|####      | 203/500 [00:51<01:14,  4.00it/s]
 41%|####      | 204/500 [00:52<01:33,  3.18it/s]
 41%|####1     | 205/500 [00:52<01:26,  3.41it/s]
 41%|####1     | 206/500 [00:52<01:22,  3.58it/s]
 41%|####1     | 207/500 [00:53<01:18,  3.71it/s]
 42%|####1     | 208/500 [00:53<01:16,  3.79it/s]
 42%|####1     | 209/500 [00:53<01:15,  3.86it/s]
 42%|####2     | 210/500 [00:53<01:14,  3.90it/s]
 42%|####2     | 211/500 [00:54<01:13,  3.94it/s]
 42%|####2     | 212/500 [00:54<01:12,  3.95it/s]
 43%|####2     | 213/500 [00:54<01:12,  3.96it/s]
 43%|####2     | 214/500 [00:54<01:12,  3.97it/s]
 43%|####3     | 215/500 [00:55<01:11,  3.98it/s]
 43%|####3     | 216/500 [00:55<01:11,  3.98it/s]
 43%|####3     | 217/500 [00:55<01:11,  3.97it/s]
 44%|####3     | 218/500 [00:55<01:10,  3.97it/s]
 44%|####3     | 219/500 [00:56<01:10,  3.98it/s]
 44%|####4     | 220/500 [00:56<01:10,  3.98it/s]
 44%|####4     | 221/500 [00:56<01:09,  3.99it/s]
 44%|####4     | 222/500 [00:56<01:09,  3.98it/s]
 45%|####4     | 223/500 [00:57<01:09,  3.99it/s]
 45%|####4     | 224/500 [00:57<01:09,  3.99it/s]
 45%|####5     | 225/500 [00:57<01:08,  4.01it/s]
 45%|####5     | 226/500 [00:57<01:08,  4.02it/s]
 45%|####5     | 227/500 [00:58<01:07,  4.02it/s]
 46%|####5     | 228/500 [00:58<01:07,  4.03it/s]
 46%|####5     | 229/500 [00:58<01:07,  4.04it/s]
 46%|####6     | 230/500 [00:58<01:06,  4.04it/s]
 46%|####6     | 231/500 [00:59<01:06,  4.04it/s]
 46%|####6     | 232/500 [00:59<01:06,  4.05it/s]
 47%|####6     | 233/500 [00:59<01:23,  3.20it/s]
 47%|####6     | 234/500 [01:00<01:17,  3.43it/s]
 47%|####6     | 235/500 [01:00<01:13,  3.60it/s]
 47%|####7     | 236/500 [01:00<01:11,  3.72it/s]
 47%|####7     | 237/500 [01:00<01:09,  3.81it/s]
 48%|####7     | 238/500 [01:01<01:07,  3.89it/s]
 48%|####7     | 239/500 [01:01<01:06,  3.95it/s]
 48%|####8     | 240/500 [01:01<01:05,  3.99it/s]
 48%|####8     | 241/500 [01:01<01:04,  4.00it/s]
 48%|####8     | 242/500 [01:02<01:04,  4.02it/s]
 49%|####8     | 243/500 [01:02<01:03,  4.04it/s]
 49%|####8     | 244/500 [01:02<01:03,  4.04it/s]
 49%|####9     | 245/500 [01:02<01:03,  4.04it/s]
 49%|####9     | 246/500 [01:03<01:02,  4.06it/s]
 49%|####9     | 247/500 [01:03<01:02,  4.06it/s]
 50%|####9     | 248/500 [01:03<01:02,  4.06it/s]
 50%|####9     | 249/500 [01:03<01:02,  4.04it/s]
 50%|#####     | 250/500 [01:04<01:01,  4.03it/s]
 50%|#####     | 251/500 [01:04<01:01,  4.03it/s]
 50%|#####     | 252/500 [01:04<01:01,  4.01it/s]
 51%|#####     | 253/500 [01:04<01:01,  3.99it/s]
 51%|#####     | 254/500 [01:05<01:01,  3.98it/s]
 51%|#####1    | 255/500 [01:05<01:01,  4.00it/s]
 51%|#####1    | 256/500 [01:05<01:00,  4.01it/s]
 51%|#####1    | 257/500 [01:05<01:00,  4.01it/s]
 52%|#####1    | 258/500 [01:06<01:00,  4.01it/s]
 52%|#####1    | 259/500 [01:06<00:59,  4.03it/s]
 52%|#####2    | 260/500 [01:06<00:59,  4.02it/s]
 52%|#####2    | 261/500 [01:06<00:59,  4.01it/s]
 52%|#####2    | 262/500 [01:07<01:14,  3.18it/s]
 53%|#####2    | 263/500 [01:07<01:09,  3.39it/s]
 53%|#####2    | 264/500 [01:07<01:06,  3.55it/s]
 53%|#####3    | 265/500 [01:08<01:03,  3.69it/s]
 53%|#####3    | 266/500 [01:08<01:01,  3.78it/s]
 53%|#####3    | 267/500 [01:08<01:00,  3.84it/s]
 54%|#####3    | 268/500 [01:08<00:59,  3.88it/s]
 54%|#####3    | 269/500 [01:09<00:58,  3.92it/s]
 54%|#####4    | 270/500 [01:09<00:58,  3.96it/s]
 54%|#####4    | 271/500 [01:09<00:57,  3.98it/s]
 54%|#####4    | 272/500 [01:09<00:57,  3.99it/s]
 55%|#####4    | 273/500 [01:10<00:56,  3.99it/s]
 55%|#####4    | 274/500 [01:10<00:56,  4.01it/s]
 55%|#####5    | 275/500 [01:10<00:56,  4.00it/s]
 55%|#####5    | 276/500 [01:10<00:56,  4.00it/s]
 55%|#####5    | 277/500 [01:11<00:55,  3.99it/s]
 56%|#####5    | 278/500 [01:11<00:55,  3.99it/s]
 56%|#####5    | 279/500 [01:11<00:55,  3.99it/s]
 56%|#####6    | 280/500 [01:11<00:55,  3.99it/s]
 56%|#####6    | 281/500 [01:12<00:55,  3.98it/s]
 56%|#####6    | 282/500 [01:12<00:54,  3.99it/s]
 57%|#####6    | 283/500 [01:12<00:54,  3.99it/s]
 57%|#####6    | 284/500 [01:12<00:54,  3.99it/s]
 57%|#####6    | 285/500 [01:13<00:54,  3.98it/s]
 57%|#####7    | 286/500 [01:13<00:53,  3.99it/s]
 57%|#####7    | 287/500 [01:13<00:53,  3.99it/s]
 58%|#####7    | 288/500 [01:13<00:52,  4.01it/s]
 58%|#####7    | 289/500 [01:14<00:52,  4.02it/s]
 58%|#####8    | 290/500 [01:14<00:51,  4.05it/s]
 58%|#####8    | 291/500 [01:14<01:05,  3.18it/s]
 58%|#####8    | 292/500 [01:14<01:01,  3.41it/s]
 59%|#####8    | 293/500 [01:15<00:57,  3.57it/s]
 59%|#####8    | 294/500 [01:15<00:55,  3.73it/s]
 59%|#####8    | 295/500 [01:15<00:53,  3.82it/s]
 59%|#####9    | 296/500 [01:15<00:52,  3.89it/s]
 59%|#####9    | 297/500 [01:16<00:51,  3.94it/s]
 60%|#####9    | 298/500 [01:16<00:50,  3.96it/s]
 60%|#####9    | 299/500 [01:16<00:50,  3.97it/s]
 60%|######    | 300/500 [01:16<00:50,  3.99it/s]
 60%|######    | 301/500 [01:17<00:49,  4.01it/s]
 60%|######    | 302/500 [01:17<00:49,  4.00it/s]
 61%|######    | 303/500 [01:17<00:49,  4.01it/s]
 61%|######    | 304/500 [01:17<00:48,  4.01it/s]
 61%|######1   | 305/500 [01:18<00:48,  4.02it/s]
 61%|######1   | 306/500 [01:18<00:48,  4.01it/s]
 61%|######1   | 307/500 [01:18<00:48,  4.01it/s]
 62%|######1   | 308/500 [01:18<00:47,  4.00it/s]
 62%|######1   | 309/500 [01:19<00:47,  4.01it/s]
 62%|######2   | 310/500 [01:19<00:47,  4.01it/s]
 62%|######2   | 311/500 [01:19<00:47,  4.00it/s]
 62%|######2   | 312/500 [01:19<00:46,  4.01it/s]
 63%|######2   | 313/500 [01:20<00:46,  4.02it/s]
 63%|######2   | 314/500 [01:20<00:46,  4.01it/s]
 63%|######3   | 315/500 [01:20<00:46,  4.00it/s]
 63%|######3   | 316/500 [01:20<00:45,  4.01it/s]
 63%|######3   | 317/500 [01:21<00:45,  4.02it/s]
 64%|######3   | 318/500 [01:21<00:45,  4.01it/s]
 64%|######3   | 319/500 [01:21<00:45,  4.01it/s]
 64%|######4   | 320/500 [01:22<00:57,  3.14it/s]
 64%|######4   | 321/500 [01:22<00:53,  3.36it/s]
 64%|######4   | 322/500 [01:22<00:50,  3.55it/s]
 65%|######4   | 323/500 [01:22<00:47,  3.70it/s]
 65%|######4   | 324/500 [01:23<00:46,  3.80it/s]
 65%|######5   | 325/500 [01:23<00:45,  3.87it/s]
 65%|######5   | 326/500 [01:23<00:44,  3.91it/s]
 65%|######5   | 327/500 [01:23<00:43,  3.95it/s]
 66%|######5   | 328/500 [01:24<00:43,  3.97it/s]
 66%|######5   | 329/500 [01:24<00:42,  3.98it/s]
 66%|######6   | 330/500 [01:24<00:42,  3.98it/s]
 66%|######6   | 331/500 [01:24<00:42,  3.98it/s]
 66%|######6   | 332/500 [01:25<00:42,  3.99it/s]
 67%|######6   | 333/500 [01:25<00:41,  3.98it/s]
 67%|######6   | 334/500 [01:25<00:41,  3.98it/s]
 67%|######7   | 335/500 [01:25<00:41,  4.01it/s]
 67%|######7   | 336/500 [01:26<00:40,  4.03it/s]
 67%|######7   | 337/500 [01:26<00:40,  4.03it/s]
 68%|######7   | 338/500 [01:26<00:40,  4.03it/s]
 68%|######7   | 339/500 [01:26<00:39,  4.03it/s]
 68%|######8   | 340/500 [01:27<00:39,  4.03it/s]
 68%|######8   | 341/500 [01:27<00:39,  4.02it/s]
 68%|######8   | 342/500 [01:27<00:39,  4.02it/s]
 69%|######8   | 343/500 [01:27<00:39,  4.01it/s]
 69%|######8   | 344/500 [01:28<00:38,  4.02it/s]
 69%|######9   | 345/500 [01:28<00:38,  4.02it/s]
 69%|######9   | 346/500 [01:28<00:38,  4.01it/s]
 69%|######9   | 347/500 [01:28<00:38,  4.01it/s]
 70%|######9   | 348/500 [01:29<00:37,  4.01it/s]
 70%|######9   | 349/500 [01:29<00:47,  3.15it/s]
 70%|#######   | 350/500 [01:29<00:44,  3.39it/s]
 70%|#######   | 351/500 [01:30<00:41,  3.57it/s]
 70%|#######   | 352/500 [01:30<00:39,  3.71it/s]
 71%|#######   | 353/500 [01:30<00:38,  3.80it/s]
 71%|#######   | 354/500 [01:30<00:37,  3.90it/s]
 71%|#######1  | 355/500 [01:31<00:36,  3.95it/s]
 71%|#######1  | 356/500 [01:31<00:36,  3.99it/s]
 71%|#######1  | 357/500 [01:31<00:35,  4.00it/s]
 72%|#######1  | 358/500 [01:31<00:35,  4.01it/s]
 72%|#######1  | 359/500 [01:32<00:34,  4.04it/s]
 72%|#######2  | 360/500 [01:32<00:34,  4.03it/s]
 72%|#######2  | 361/500 [01:32<00:34,  4.04it/s]
 72%|#######2  | 362/500 [01:32<00:34,  4.04it/s]
 73%|#######2  | 363/500 [01:33<00:33,  4.04it/s]
 73%|#######2  | 364/500 [01:33<00:33,  4.03it/s]
 73%|#######3  | 365/500 [01:33<00:33,  4.03it/s]
 73%|#######3  | 366/500 [01:33<00:33,  4.03it/s]
 73%|#######3  | 367/500 [01:34<00:33,  4.03it/s]
 74%|#######3  | 368/500 [01:34<00:32,  4.02it/s]
 74%|#######3  | 369/500 [01:34<00:32,  4.01it/s]
 74%|#######4  | 370/500 [01:34<00:32,  4.01it/s]
 74%|#######4  | 371/500 [01:35<00:32,  4.02it/s]
 74%|#######4  | 372/500 [01:35<00:31,  4.01it/s]
 75%|#######4  | 373/500 [01:35<00:31,  4.02it/s]
 75%|#######4  | 374/500 [01:35<00:31,  4.03it/s]
 75%|#######5  | 375/500 [01:36<00:30,  4.04it/s]
 75%|#######5  | 376/500 [01:36<00:30,  4.04it/s]
 75%|#######5  | 377/500 [01:36<00:30,  4.03it/s]
 76%|#######5  | 378/500 [01:36<00:38,  3.18it/s]
 76%|#######5  | 379/500 [01:37<00:35,  3.39it/s]
 76%|#######6  | 380/500 [01:37<00:33,  3.55it/s]
 76%|#######6  | 381/500 [01:37<00:32,  3.67it/s]
 76%|#######6  | 382/500 [01:37<00:31,  3.76it/s]
 77%|#######6  | 383/500 [01:38<00:30,  3.83it/s]
 77%|#######6  | 384/500 [01:38<00:29,  3.88it/s]
 77%|#######7  | 385/500 [01:38<00:29,  3.90it/s]
 77%|#######7  | 386/500 [01:38<00:28,  3.95it/s]
 77%|#######7  | 387/500 [01:39<00:28,  3.96it/s]
 78%|#######7  | 388/500 [01:39<00:28,  3.96it/s]
 78%|#######7  | 389/500 [01:39<00:27,  3.97it/s]
 78%|#######8  | 390/500 [01:39<00:27,  3.98it/s]
 78%|#######8  | 391/500 [01:40<00:27,  4.02it/s]
 78%|#######8  | 392/500 [01:40<00:26,  4.01it/s]
 79%|#######8  | 393/500 [01:40<00:26,  4.02it/s]
 79%|#######8  | 394/500 [01:40<00:26,  4.04it/s]
 79%|#######9  | 395/500 [01:41<00:26,  4.03it/s]
 79%|#######9  | 396/500 [01:41<00:25,  4.01it/s]
 79%|#######9  | 397/500 [01:41<00:25,  4.00it/s]
 80%|#######9  | 398/500 [01:41<00:25,  4.00it/s]
 80%|#######9  | 399/500 [01:42<00:25,  4.01it/s]
 80%|########  | 400/500 [01:42<00:24,  4.01it/s]
 80%|########  | 401/500 [01:42<00:24,  4.01it/s]
 80%|########  | 402/500 [01:42<00:24,  4.02it/s]
 81%|########  | 403/500 [01:43<00:24,  4.01it/s]
 81%|########  | 404/500 [01:43<00:23,  4.02it/s]
 81%|########1 | 405/500 [01:43<00:23,  4.02it/s]
 81%|########1 | 406/500 [01:43<00:23,  4.02it/s]
 81%|########1 | 407/500 [01:44<00:29,  3.18it/s]
 82%|########1 | 408/500 [01:44<00:26,  3.42it/s]
 82%|########1 | 409/500 [01:44<00:25,  3.61it/s]
 82%|########2 | 410/500 [01:45<00:24,  3.73it/s]
 82%|########2 | 411/500 [01:45<00:23,  3.82it/s]
 82%|########2 | 412/500 [01:45<00:22,  3.87it/s]
 83%|########2 | 413/500 [01:45<00:22,  3.92it/s]
 83%|########2 | 414/500 [01:46<00:21,  3.95it/s]
 83%|########2 | 415/500 [01:46<00:21,  3.98it/s]
 83%|########3 | 416/500 [01:46<00:21,  4.00it/s]
 83%|########3 | 417/500 [01:46<00:20,  4.01it/s]
 84%|########3 | 418/500 [01:47<00:20,  4.03it/s]
 84%|########3 | 419/500 [01:47<00:20,  4.03it/s]
 84%|########4 | 420/500 [01:47<00:19,  4.03it/s]
 84%|########4 | 421/500 [01:47<00:19,  4.03it/s]
 84%|########4 | 422/500 [01:48<00:19,  4.04it/s]
 85%|########4 | 423/500 [01:48<00:19,  4.03it/s]
 85%|########4 | 424/500 [01:48<00:18,  4.02it/s]
 85%|########5 | 425/500 [01:48<00:18,  4.01it/s]
 85%|########5 | 426/500 [01:49<00:18,  4.02it/s]
 85%|########5 | 427/500 [01:49<00:18,  4.04it/s]
 86%|########5 | 428/500 [01:49<00:17,  4.06it/s]
 86%|########5 | 429/500 [01:49<00:17,  4.07it/s]
 86%|########6 | 430/500 [01:50<00:17,  4.08it/s]
 86%|########6 | 431/500 [01:50<00:16,  4.06it/s]
 86%|########6 | 432/500 [01:50<00:16,  4.06it/s]
 87%|########6 | 433/500 [01:50<00:16,  4.06it/s]
 87%|########6 | 434/500 [01:51<00:16,  4.09it/s]
 87%|########7 | 435/500 [01:51<00:15,  4.10it/s]
 87%|########7 | 436/500 [01:51<00:19,  3.23it/s]
 87%|########7 | 437/500 [01:52<00:18,  3.45it/s]
 88%|########7 | 438/500 [01:52<00:17,  3.61it/s]
 88%|########7 | 439/500 [01:52<00:16,  3.73it/s]
 88%|########8 | 440/500 [01:52<00:15,  3.82it/s]
 88%|########8 | 441/500 [01:53<00:15,  3.89it/s]
 88%|########8 | 442/500 [01:53<00:14,  3.94it/s]
 89%|########8 | 443/500 [01:53<00:14,  3.96it/s]
 89%|########8 | 444/500 [01:53<00:14,  3.99it/s]
 89%|########9 | 445/500 [01:54<00:13,  4.00it/s]
 89%|########9 | 446/500 [01:54<00:13,  4.01it/s]
 89%|########9 | 447/500 [01:54<00:13,  4.01it/s]
 90%|########9 | 448/500 [01:54<00:12,  4.02it/s]
 90%|########9 | 449/500 [01:55<00:12,  4.04it/s]
 90%|######### | 450/500 [01:55<00:12,  4.03it/s]
 90%|######### | 451/500 [01:55<00:12,  4.03it/s]
 90%|######### | 452/500 [01:55<00:11,  4.02it/s]
 91%|######### | 453/500 [01:56<00:11,  4.02it/s]
 91%|######### | 454/500 [01:56<00:11,  4.01it/s]
 91%|#########1| 455/500 [01:56<00:11,  4.01it/s]
 91%|#########1| 456/500 [01:56<00:10,  4.01it/s]
 91%|#########1| 457/500 [01:57<00:10,  4.03it/s]
 92%|#########1| 458/500 [01:57<00:10,  4.02it/s]
 92%|#########1| 459/500 [01:57<00:10,  4.01it/s]
 92%|#########2| 460/500 [01:57<00:09,  4.01it/s]
 92%|#########2| 461/500 [01:58<00:09,  4.01it/s]
 92%|#########2| 462/500 [01:58<00:09,  4.01it/s]
 93%|#########2| 463/500 [01:58<00:09,  4.02it/s]
 93%|#########2| 464/500 [01:58<00:08,  4.02it/s]
 93%|#########3| 465/500 [01:59<00:10,  3.18it/s]
 93%|#########3| 466/500 [01:59<00:09,  3.40it/s]
 93%|#########3| 467/500 [01:59<00:09,  3.58it/s]
 94%|#########3| 468/500 [01:59<00:08,  3.73it/s]
 94%|#########3| 469/500 [02:00<00:08,  3.81it/s]
 94%|#########3| 470/500 [02:00<00:07,  3.88it/s]
 94%|#########4| 471/500 [02:00<00:07,  3.92it/s]
 94%|#########4| 472/500 [02:00<00:07,  3.95it/s]
 95%|#########4| 473/500 [02:01<00:06,  3.98it/s]
 95%|#########4| 474/500 [02:01<00:06,  3.99it/s]
 95%|#########5| 475/500 [02:01<00:06,  4.01it/s]
 95%|#########5| 476/500 [02:01<00:05,  4.01it/s]
 95%|#########5| 477/500 [02:02<00:05,  4.02it/s]
 96%|#########5| 478/500 [02:02<00:05,  4.02it/s]
 96%|#########5| 479/500 [02:02<00:05,  4.02it/s]
 96%|#########6| 480/500 [02:02<00:04,  4.02it/s]
 96%|#########6| 481/500 [02:03<00:04,  4.02it/s]
 96%|#########6| 482/500 [02:03<00:04,  4.02it/s]
 97%|#########6| 483/500 [02:03<00:04,  4.02it/s]
 97%|#########6| 484/500 [02:03<00:03,  4.01it/s]
 97%|#########7| 485/500 [02:04<00:03,  4.04it/s]
 97%|#########7| 486/500 [02:04<00:03,  4.04it/s]
 97%|#########7| 487/500 [02:04<00:03,  4.05it/s]
 98%|#########7| 488/500 [02:04<00:02,  4.05it/s]
 98%|#########7| 489/500 [02:05<00:02,  4.05it/s]
 98%|#########8| 490/500 [02:05<00:02,  4.05it/s]
 98%|#########8| 491/500 [02:05<00:02,  4.03it/s]
 98%|#########8| 492/500 [02:05<00:01,  4.03it/s]
 99%|#########8| 493/500 [02:06<00:01,  4.02it/s]
 99%|#########8| 494/500 [02:06<00:01,  3.17it/s]
 99%|#########9| 495/500 [02:06<00:01,  3.40it/s]
 99%|#########9| 496/500 [02:07<00:01,  3.59it/s]
 99%|#########9| 497/500 [02:07<00:00,  3.70it/s]
100%|#########9| 498/500 [02:07<00:00,  3.80it/s]
100%|#########9| 499/500 [02:07<00:00,  3.85it/s]
100%|##########| 500/500 [02:08<00:00,  3.90it/s]
100%|##########| 500/500 [02:08<00:00,  3.90it/s]
Train Epoch 34
{
    "Loss": 0.007887466868385673,
    "Optimizer/policy0_lr": 0.00010000000000000003,
    "Policy_Grad_Norms": 0.041921082092010536,
    "Time_Data_Loading": 0.09813311100006103,
    "Time_Epoch": 2.136011338233948,
    "Time_Log_Info": 0.024531022707621256,
    "Time_Process_Batch": 0.7503328005472819,
    "Time_Train_Batch": 1.2359893957773844
}

Epoch 34 Memory Usage: 2298 MB


  0%|          | 0/500 [00:00<?, ?it/s]
  0%|          | 1/500 [00:00<03:14,  2.56it/s]
  0%|          | 2/500 [00:00<02:32,  3.27it/s]
  1%|          | 3/500 [00:00<02:19,  3.56it/s]
  1%|          | 4/500 [00:01<02:12,  3.74it/s]
  1%|1         | 5/500 [00:01<02:09,  3.83it/s]
  1%|1         | 6/500 [00:01<02:07,  3.88it/s]
  1%|1         | 7/500 [00:01<02:05,  3.92it/s]
  2%|1         | 8/500 [00:02<02:04,  3.94it/s]
  2%|1         | 9/500 [00:02<02:04,  3.96it/s]
  2%|2         | 10/500 [00:02<02:03,  3.98it/s]
  2%|2         | 11/500 [00:02<02:02,  4.00it/s]
  2%|2         | 12/500 [00:03<02:01,  4.00it/s]
  3%|2         | 13/500 [00:03<02:01,  4.00it/s]
  3%|2         | 14/500 [00:03<02:01,  4.00it/s]
  3%|3         | 15/500 [00:03<02:01,  4.00it/s]
  3%|3         | 16/500 [00:04<02:01,  4.00it/s]
  3%|3         | 17/500 [00:04<02:00,  4.00it/s]
  4%|3         | 18/500 [00:04<02:00,  3.99it/s]
  4%|3         | 19/500 [00:04<02:00,  3.99it/s]
  4%|4         | 20/500 [00:05<02:00,  3.99it/s]
  4%|4         | 21/500 [00:05<01:59,  4.00it/s]
  4%|4         | 22/500 [00:05<01:59,  4.00it/s]
  5%|4         | 23/500 [00:05<01:59,  4.00it/s]
  5%|4         | 24/500 [00:06<01:59,  3.99it/s]
  5%|5         | 25/500 [00:06<01:58,  4.00it/s]
  5%|5         | 26/500 [00:06<01:58,  4.00it/s]
  5%|5         | 27/500 [00:06<01:58,  4.00it/s]
  6%|5         | 28/500 [00:07<01:57,  4.01it/s]
  6%|5         | 29/500 [00:07<01:57,  4.02it/s]
  6%|6         | 30/500 [00:07<02:27,  3.20it/s]
  6%|6         | 31/500 [00:08<02:17,  3.42it/s]
  6%|6         | 32/500 [00:08<02:10,  3.59it/s]
  7%|6         | 33/500 [00:08<02:05,  3.72it/s]
  7%|6         | 34/500 [00:08<02:02,  3.81it/s]
  7%|7         | 35/500 [00:09<01:59,  3.88it/s]
  7%|7         | 36/500 [00:09<01:58,  3.93it/s]
  7%|7         | 37/500 [00:09<01:56,  3.96it/s]
  8%|7         | 38/500 [00:09<01:56,  3.98it/s]
  8%|7         | 39/500 [00:10<01:55,  3.97it/s]
  8%|8         | 40/500 [00:10<01:55,  3.98it/s]
  8%|8         | 41/500 [00:10<01:55,  3.99it/s]
  8%|8         | 42/500 [00:10<01:54,  3.99it/s]
  9%|8         | 43/500 [00:11<01:53,  4.02it/s]
  9%|8         | 44/500 [00:11<01:53,  4.03it/s]
  9%|9         | 45/500 [00:11<01:52,  4.03it/s]
  9%|9         | 46/500 [00:11<01:52,  4.03it/s]
  9%|9         | 47/500 [00:12<01:52,  4.02it/s]
 10%|9         | 48/500 [00:12<01:52,  4.02it/s]
 10%|9         | 49/500 [00:12<01:52,  4.00it/s]
 10%|#         | 50/500 [00:12<01:52,  4.00it/s]
 10%|#         | 51/500 [00:13<01:52,  3.99it/s]
 10%|#         | 52/500 [00:13<01:52,  3.99it/s]
 11%|#         | 53/500 [00:13<01:52,  3.99it/s]
 11%|#         | 54/500 [00:13<01:51,  4.02it/s]
 11%|#1        | 55/500 [00:14<01:50,  4.04it/s]
 11%|#1        | 56/500 [00:14<01:49,  4.05it/s]
 11%|#1        | 57/500 [00:14<01:49,  4.03it/s]
 12%|#1        | 58/500 [00:14<01:49,  4.03it/s]
 12%|#1        | 59/500 [00:15<02:18,  3.18it/s]
 12%|#2        | 60/500 [00:15<02:09,  3.40it/s]
 12%|#2        | 61/500 [00:15<02:03,  3.55it/s]
 12%|#2        | 62/500 [00:16<01:59,  3.67it/s]
 13%|#2        | 63/500 [00:16<01:56,  3.77it/s]
 13%|#2        | 64/500 [00:16<01:53,  3.85it/s]
 13%|#3        | 65/500 [00:16<01:51,  3.91it/s]
 13%|#3        | 66/500 [00:17<01:49,  3.95it/s]
 13%|#3        | 67/500 [00:17<01:48,  3.99it/s]
 14%|#3        | 68/500 [00:17<01:47,  4.02it/s]
 14%|#3        | 69/500 [00:17<01:47,  4.03it/s]
 14%|#4        | 70/500 [00:17<01:46,  4.03it/s]
 14%|#4        | 71/500 [00:18<01:46,  4.03it/s]
 14%|#4        | 72/500 [00:18<01:46,  4.03it/s]
 15%|#4        | 73/500 [00:18<01:46,  4.03it/s]
 15%|#4        | 74/500 [00:18<01:46,  4.02it/s]
 15%|#5        | 75/500 [00:19<01:45,  4.01it/s]
 15%|#5        | 76/500 [00:19<01:45,  4.01it/s]
 15%|#5        | 77/500 [00:19<01:45,  4.00it/s]
 16%|#5        | 78/500 [00:19<01:45,  4.00it/s]
 16%|#5        | 79/500 [00:20<01:45,  3.99it/s]
 16%|#6        | 80/500 [00:20<01:45,  4.00it/s]
 16%|#6        | 81/500 [00:20<01:44,  4.01it/s]
 16%|#6        | 82/500 [00:20<01:44,  4.01it/s]
 17%|#6        | 83/500 [00:21<01:44,  4.01it/s]
 17%|#6        | 84/500 [00:21<01:43,  4.01it/s]
 17%|#7        | 85/500 [00:21<01:43,  4.02it/s]
 17%|#7        | 86/500 [00:21<01:42,  4.02it/s]
 17%|#7        | 87/500 [00:22<01:42,  4.02it/s]
 18%|#7        | 88/500 [00:22<02:09,  3.19it/s]
 18%|#7        | 89/500 [00:22<02:01,  3.40it/s]
 18%|#8        | 90/500 [00:23<01:55,  3.55it/s]
 18%|#8        | 91/500 [00:23<01:51,  3.66it/s]
 18%|#8        | 92/500 [00:23<01:48,  3.75it/s]
 19%|#8        | 93/500 [00:23<01:46,  3.81it/s]
 19%|#8        | 94/500 [00:24<01:45,  3.86it/s]
 19%|#9        | 95/500 [00:24<01:43,  3.90it/s]
 19%|#9        | 96/500 [00:24<01:43,  3.92it/s]
 19%|#9        | 97/500 [00:24<01:42,  3.94it/s]
 20%|#9        | 98/500 [00:25<01:41,  3.94it/s]
 20%|#9        | 99/500 [00:25<01:41,  3.94it/s]
 20%|##        | 100/500 [00:25<01:41,  3.95it/s]
 20%|##        | 101/500 [00:25<01:41,  3.95it/s]
 20%|##        | 102/500 [00:26<01:39,  3.99it/s]
 21%|##        | 103/500 [00:26<01:39,  4.01it/s]
 21%|##        | 104/500 [00:26<01:38,  4.00it/s]
 21%|##1       | 105/500 [00:26<01:38,  4.00it/s]
 21%|##1       | 106/500 [00:27<01:38,  3.99it/s]
 21%|##1       | 107/500 [00:27<01:38,  3.99it/s]
 22%|##1       | 108/500 [00:27<01:38,  3.99it/s]
 22%|##1       | 109/500 [00:27<01:38,  3.99it/s]
 22%|##2       | 110/500 [00:28<01:37,  4.01it/s]
 22%|##2       | 111/500 [00:28<01:36,  4.03it/s]
 22%|##2       | 112/500 [00:28<01:36,  4.04it/s]
 23%|##2       | 113/500 [00:28<01:35,  4.04it/s]
 23%|##2       | 114/500 [00:29<01:35,  4.04it/s]
 23%|##3       | 115/500 [00:29<01:35,  4.05it/s]
 23%|##3       | 116/500 [00:29<01:34,  4.05it/s]
 23%|##3       | 117/500 [00:30<02:00,  3.19it/s]
 24%|##3       | 118/500 [00:30<01:51,  3.42it/s]
 24%|##3       | 119/500 [00:30<01:46,  3.58it/s]
 24%|##4       | 120/500 [00:30<01:42,  3.70it/s]
 24%|##4       | 121/500 [00:31<01:40,  3.78it/s]
 24%|##4       | 122/500 [00:31<01:38,  3.83it/s]
 25%|##4       | 123/500 [00:31<01:37,  3.88it/s]
 25%|##4       | 124/500 [00:31<01:35,  3.94it/s]
 25%|##5       | 125/500 [00:32<01:34,  3.97it/s]
 25%|##5       | 126/500 [00:32<01:33,  3.99it/s]
 25%|##5       | 127/500 [00:32<01:33,  4.00it/s]
 26%|##5       | 128/500 [00:32<01:32,  4.02it/s]
 26%|##5       | 129/500 [00:33<01:32,  4.02it/s]
 26%|##6       | 130/500 [00:33<01:31,  4.03it/s]
 26%|##6       | 131/500 [00:33<01:31,  4.03it/s]
 26%|##6       | 132/500 [00:33<01:31,  4.03it/s]
 27%|##6       | 133/500 [00:34<01:31,  4.01it/s]
 27%|##6       | 134/500 [00:34<01:31,  4.00it/s]
 27%|##7       | 135/500 [00:34<01:31,  3.99it/s]
 27%|##7       | 136/500 [00:34<01:30,  4.01it/s]
 27%|##7       | 137/500 [00:35<01:30,  4.00it/s]
 28%|##7       | 138/500 [00:35<01:30,  4.00it/s]
 28%|##7       | 139/500 [00:35<01:30,  4.00it/s]
 28%|##8       | 140/500 [00:35<01:29,  4.00it/s]
 28%|##8       | 141/500 [00:36<01:30,  3.99it/s]
 28%|##8       | 142/500 [00:36<01:29,  4.00it/s]
 29%|##8       | 143/500 [00:36<01:29,  4.00it/s]
 29%|##8       | 144/500 [00:36<01:28,  4.01it/s]
 29%|##9       | 145/500 [00:37<01:28,  4.00it/s]
 29%|##9       | 146/500 [00:37<01:51,  3.17it/s]
 29%|##9       | 147/500 [00:37<01:44,  3.38it/s]
 30%|##9       | 148/500 [00:38<01:39,  3.53it/s]
 30%|##9       | 149/500 [00:38<01:35,  3.66it/s]
 30%|###       | 150/500 [00:38<01:33,  3.75it/s]
 30%|###       | 151/500 [00:38<01:31,  3.81it/s]
 30%|###       | 152/500 [00:39<01:30,  3.85it/s]
 31%|###       | 153/500 [00:39<01:29,  3.89it/s]
 31%|###       | 154/500 [00:39<01:28,  3.92it/s]
 31%|###1      | 155/500 [00:39<01:27,  3.93it/s]
 31%|###1      | 156/500 [00:40<01:27,  3.94it/s]
 31%|###1      | 157/500 [00:40<01:26,  3.96it/s]
 32%|###1      | 158/500 [00:40<01:26,  3.97it/s]
 32%|###1      | 159/500 [00:40<01:25,  3.98it/s]
 32%|###2      | 160/500 [00:41<01:25,  3.99it/s]
 32%|###2      | 161/500 [00:41<01:25,  3.98it/s]
 32%|###2      | 162/500 [00:41<01:24,  3.99it/s]
 33%|###2      | 163/500 [00:41<01:24,  4.00it/s]
 33%|###2      | 164/500 [00:42<01:24,  3.99it/s]
 33%|###3      | 165/500 [00:42<01:23,  4.00it/s]
 33%|###3      | 166/500 [00:42<01:23,  3.99it/s]
 33%|###3      | 167/500 [00:42<01:23,  3.99it/s]
 34%|###3      | 168/500 [00:43<01:22,  4.02it/s]
 34%|###3      | 169/500 [00:43<01:22,  4.03it/s]
 34%|###4      | 170/500 [00:43<01:21,  4.03it/s]
 34%|###4      | 171/500 [00:43<01:21,  4.03it/s]
 34%|###4      | 172/500 [00:44<01:21,  4.02it/s]
 35%|###4      | 173/500 [00:44<01:21,  4.03it/s]
 35%|###4      | 174/500 [00:44<01:20,  4.03it/s]
 35%|###5      | 175/500 [00:45<01:43,  3.15it/s]
 35%|###5      | 176/500 [00:45<01:35,  3.38it/s]
 35%|###5      | 177/500 [00:45<01:31,  3.55it/s]
 36%|###5      | 178/500 [00:45<01:27,  3.69it/s]
 36%|###5      | 179/500 [00:46<01:25,  3.77it/s]
 36%|###6      | 180/500 [00:46<01:23,  3.84it/s]
 36%|###6      | 181/500 [00:46<01:21,  3.90it/s]
 36%|###6      | 182/500 [00:46<01:20,  3.94it/s]
 37%|###6      | 183/500 [00:47<01:20,  3.96it/s]
 37%|###6      | 184/500 [00:47<01:19,  3.98it/s]
 37%|###7      | 185/500 [00:47<01:19,  3.99it/s]
 37%|###7      | 186/500 [00:47<01:18,  4.00it/s]
 37%|###7      | 187/500 [00:48<01:18,  4.00it/s]
 38%|###7      | 188/500 [00:48<01:17,  4.01it/s]
 38%|###7      | 189/500 [00:48<01:17,  4.02it/s]
 38%|###8      | 190/500 [00:48<01:16,  4.03it/s]
 38%|###8      | 191/500 [00:49<01:16,  4.03it/s]
 38%|###8      | 192/500 [00:49<01:16,  4.03it/s]
 39%|###8      | 193/500 [00:49<01:15,  4.04it/s]
 39%|###8      | 194/500 [00:49<01:15,  4.05it/s]
 39%|###9      | 195/500 [00:50<01:15,  4.04it/s]
 39%|###9      | 196/500 [00:50<01:15,  4.04it/s]
 39%|###9      | 197/500 [00:50<01:15,  4.03it/s]
 40%|###9      | 198/500 [00:50<01:14,  4.04it/s]
 40%|###9      | 199/500 [00:51<01:14,  4.04it/s]
 40%|####      | 200/500 [00:51<01:14,  4.04it/s]
 40%|####      | 201/500 [00:51<01:13,  4.05it/s]
 40%|####      | 202/500 [00:51<01:13,  4.07it/s]
 41%|####      | 203/500 [00:52<01:13,  4.06it/s]
 41%|####      | 204/500 [00:52<01:33,  3.16it/s]
 41%|####1     | 205/500 [00:52<01:27,  3.39it/s]
 41%|####1     | 206/500 [00:52<01:22,  3.58it/s]
 41%|####1     | 207/500 [00:53<01:18,  3.71it/s]
 42%|####1     | 208/500 [00:53<01:16,  3.80it/s]
 42%|####1     | 209/500 [00:53<01:15,  3.87it/s]
 42%|####2     | 210/500 [00:53<01:13,  3.93it/s]
 42%|####2     | 211/500 [00:54<01:12,  3.96it/s]
 42%|####2     | 212/500 [00:54<01:12,  3.99it/s]
 43%|####2     | 213/500 [00:54<01:11,  4.00it/s]
 43%|####2     | 214/500 [00:54<01:11,  4.00it/s]
 43%|####3     | 215/500 [00:55<01:11,  4.01it/s]
 43%|####3     | 216/500 [00:55<01:10,  4.02it/s]
 43%|####3     | 217/500 [00:55<01:10,  4.03it/s]
 44%|####3     | 218/500 [00:55<01:09,  4.05it/s]
 44%|####3     | 219/500 [00:56<01:09,  4.04it/s]
 44%|####4     | 220/500 [00:56<01:09,  4.03it/s]
 44%|####4     | 221/500 [00:56<01:09,  4.02it/s]
 44%|####4     | 222/500 [00:56<01:09,  4.03it/s]
 45%|####4     | 223/500 [00:57<01:08,  4.02it/s]
 45%|####4     | 224/500 [00:57<01:08,  4.01it/s]
 45%|####5     | 225/500 [00:57<01:08,  4.00it/s]
 45%|####5     | 226/500 [00:57<01:08,  4.00it/s]
 45%|####5     | 227/500 [00:58<01:08,  4.00it/s]
 46%|####5     | 228/500 [00:58<01:08,  3.99it/s]
 46%|####5     | 229/500 [00:58<01:07,  4.00it/s]
 46%|####6     | 230/500 [00:58<01:07,  4.02it/s]
 46%|####6     | 231/500 [00:59<01:07,  4.01it/s]
 46%|####6     | 232/500 [00:59<01:06,  4.02it/s]
 47%|####6     | 233/500 [00:59<01:23,  3.20it/s]
 47%|####6     | 234/500 [01:00<01:17,  3.42it/s]
 47%|####6     | 235/500 [01:00<01:13,  3.59it/s]
 47%|####7     | 236/500 [01:00<01:11,  3.70it/s]
 47%|####7     | 237/500 [01:00<01:09,  3.79it/s]
 48%|####7     | 238/500 [01:01<01:08,  3.85it/s]
 48%|####7     | 239/500 [01:01<01:07,  3.88it/s]
 48%|####8     | 240/500 [01:01<01:06,  3.93it/s]
 48%|####8     | 241/500 [01:01<01:05,  3.96it/s]
 48%|####8     | 242/500 [01:02<01:04,  3.97it/s]
 49%|####8     | 243/500 [01:02<01:04,  3.98it/s]
 49%|####8     | 244/500 [01:02<01:04,  3.99it/s]
 49%|####9     | 245/500 [01:02<01:03,  4.01it/s]
 49%|####9     | 246/500 [01:03<01:03,  4.02it/s]
 49%|####9     | 247/500 [01:03<01:02,  4.02it/s]
 50%|####9     | 248/500 [01:03<01:02,  4.03it/s]
 50%|####9     | 249/500 [01:03<01:02,  4.03it/s]
 50%|#####     | 250/500 [01:04<01:02,  4.03it/s]
 50%|#####     | 251/500 [01:04<01:01,  4.02it/s]
 50%|#####     | 252/500 [01:04<01:01,  4.02it/s]
 51%|#####     | 253/500 [01:04<01:01,  4.01it/s]
 51%|#####     | 254/500 [01:05<01:01,  4.01it/s]
 51%|#####1    | 255/500 [01:05<01:01,  4.00it/s]
 51%|#####1    | 256/500 [01:05<01:00,  4.00it/s]
 51%|#####1    | 257/500 [01:05<01:00,  4.00it/s]
 52%|#####1    | 258/500 [01:06<01:00,  4.00it/s]
 52%|#####1    | 259/500 [01:06<01:00,  4.01it/s]
 52%|#####2    | 260/500 [01:06<00:59,  4.01it/s]
 52%|#####2    | 261/500 [01:06<00:59,  4.00it/s]
 52%|#####2    | 262/500 [01:07<01:14,  3.17it/s]
 53%|#####2    | 263/500 [01:07<01:09,  3.39it/s]
 53%|#####2    | 264/500 [01:07<01:05,  3.58it/s]
 53%|#####3    | 265/500 [01:08<01:03,  3.71it/s]
 53%|#####3    | 266/500 [01:08<01:01,  3.81it/s]
 53%|#####3    | 267/500 [01:08<00:59,  3.89it/s]
 54%|#####3    | 268/500 [01:08<00:59,  3.93it/s]
 54%|#####3    | 269/500 [01:09<00:58,  3.96it/s]
 54%|#####4    | 270/500 [01:09<00:57,  3.99it/s]
 54%|#####4    | 271/500 [01:09<00:56,  4.02it/s]
 54%|#####4    | 272/500 [01:09<00:56,  4.04it/s]
 55%|#####4    | 273/500 [01:10<00:56,  4.04it/s]
 55%|#####4    | 274/500 [01:10<00:55,  4.05it/s]
 55%|#####5    | 275/500 [01:10<00:55,  4.04it/s]
 55%|#####5    | 276/500 [01:10<00:55,  4.03it/s]
 55%|#####5    | 277/500 [01:11<00:55,  4.03it/s]
 56%|#####5    | 278/500 [01:11<00:55,  4.02it/s]
 56%|#####5    | 279/500 [01:11<00:54,  4.02it/s]
 56%|#####6    | 280/500 [01:11<00:54,  4.03it/s]
 56%|#####6    | 281/500 [01:12<00:54,  4.02it/s]
 56%|#####6    | 282/500 [01:12<00:54,  4.01it/s]
 57%|#####6    | 283/500 [01:12<00:54,  4.01it/s]
 57%|#####6    | 284/500 [01:12<00:54,  4.00it/s]
 57%|#####6    | 285/500 [01:13<00:53,  4.01it/s]
 57%|#####7    | 286/500 [01:13<00:53,  4.00it/s]
 57%|#####7    | 287/500 [01:13<00:52,  4.02it/s]
 58%|#####7    | 288/500 [01:13<00:52,  4.03it/s]
 58%|#####7    | 289/500 [01:14<00:52,  4.03it/s]
 58%|#####8    | 290/500 [01:14<00:52,  4.02it/s]
 58%|#####8    | 291/500 [01:14<01:05,  3.19it/s]
 58%|#####8    | 292/500 [01:15<01:01,  3.39it/s]
 59%|#####8    | 293/500 [01:15<00:58,  3.55it/s]
 59%|#####8    | 294/500 [01:15<00:55,  3.68it/s]
 59%|#####8    | 295/500 [01:15<00:54,  3.76it/s]
 59%|#####9    | 296/500 [01:16<00:53,  3.83it/s]
 59%|#####9    | 297/500 [01:16<00:52,  3.88it/s]
 60%|#####9    | 298/500 [01:16<00:51,  3.92it/s]
 60%|#####9    | 299/500 [01:16<00:50,  3.95it/s]
 60%|######    | 300/500 [01:16<00:50,  3.98it/s]
 60%|######    | 301/500 [01:17<00:49,  3.99it/s]
 60%|######    | 302/500 [01:17<00:49,  4.02it/s]
 61%|######    | 303/500 [01:17<00:48,  4.05it/s]
 61%|######    | 304/500 [01:17<00:48,  4.04it/s]
 61%|######1   | 305/500 [01:18<00:48,  4.03it/s]
 61%|######1   | 306/500 [01:18<00:47,  4.04it/s]
 61%|######1   | 307/500 [01:18<00:47,  4.04it/s]
 62%|######1   | 308/500 [01:18<00:47,  4.04it/s]
 62%|######1   | 309/500 [01:19<00:47,  4.04it/s]
 62%|######2   | 310/500 [01:19<00:46,  4.04it/s]
 62%|######2   | 311/500 [01:19<00:46,  4.04it/s]
 62%|######2   | 312/500 [01:19<00:46,  4.03it/s]
 63%|######2   | 313/500 [01:20<00:46,  4.03it/s]
 63%|######2   | 314/500 [01:20<00:45,  4.05it/s]
 63%|######3   | 315/500 [01:20<00:45,  4.05it/s]
 63%|######3   | 316/500 [01:20<00:45,  4.06it/s]
 63%|######3   | 317/500 [01:21<00:45,  4.04it/s]
 64%|######3   | 318/500 [01:21<00:44,  4.05it/s]
 64%|######3   | 319/500 [01:21<00:44,  4.04it/s]
 64%|######4   | 320/500 [01:22<00:57,  3.13it/s]
 64%|######4   | 321/500 [01:22<00:52,  3.38it/s]
 64%|######4   | 322/500 [01:22<00:49,  3.56it/s]
 65%|######4   | 323/500 [01:22<00:47,  3.69it/s]
 65%|######4   | 324/500 [01:23<00:46,  3.79it/s]
 65%|######5   | 325/500 [01:23<00:45,  3.87it/s]
 65%|######5   | 326/500 [01:23<00:44,  3.90it/s]
 65%|######5   | 327/500 [01:23<00:43,  3.93it/s]
 66%|######5   | 328/500 [01:24<00:43,  3.94it/s]
 66%|######5   | 329/500 [01:24<00:43,  3.96it/s]
 66%|######6   | 330/500 [01:24<00:42,  3.97it/s]
 66%|######6   | 331/500 [01:24<00:42,  4.00it/s]
 66%|######6   | 332/500 [01:25<00:41,  4.01it/s]
 67%|######6   | 333/500 [01:25<00:41,  4.02it/s]
 67%|######6   | 334/500 [01:25<00:41,  4.01it/s]
 67%|######7   | 335/500 [01:25<00:41,  4.01it/s]
 67%|######7   | 336/500 [01:26<00:41,  4.00it/s]
 67%|######7   | 337/500 [01:26<00:40,  4.00it/s]
 68%|######7   | 338/500 [01:26<00:40,  3.99it/s]
 68%|######7   | 339/500 [01:26<00:40,  3.99it/s]
 68%|######8   | 340/500 [01:27<00:40,  3.98it/s]
 68%|######8   | 341/500 [01:27<00:39,  4.01it/s]
 68%|######8   | 342/500 [01:27<00:39,  4.01it/s]
 69%|######8   | 343/500 [01:27<00:39,  4.01it/s]
 69%|######8   | 344/500 [01:28<00:38,  4.00it/s]
 69%|######9   | 345/500 [01:28<00:38,  4.01it/s]
 69%|######9   | 346/500 [01:28<00:38,  4.02it/s]
 69%|######9   | 347/500 [01:28<00:38,  4.02it/s]
 70%|######9   | 348/500 [01:29<00:37,  4.02it/s]
 70%|######9   | 349/500 [01:29<00:47,  3.17it/s]
 70%|#######   | 350/500 [01:29<00:44,  3.39it/s]
 70%|#######   | 351/500 [01:30<00:41,  3.55it/s]
 70%|#######   | 352/500 [01:30<00:40,  3.68it/s]
 71%|#######   | 353/500 [01:30<00:39,  3.77it/s]
 71%|#######   | 354/500 [01:30<00:37,  3.85it/s]
 71%|#######1  | 355/500 [01:31<00:37,  3.90it/s]
 71%|#######1  | 356/500 [01:31<00:36,  3.94it/s]
 71%|#######1  | 357/500 [01:31<00:36,  3.97it/s]
 72%|#######1  | 358/500 [01:31<00:35,  3.99it/s]
 72%|#######1  | 359/500 [01:32<00:35,  4.00it/s]
 72%|#######2  | 360/500 [01:32<00:34,  4.01it/s]
 72%|#######2  | 361/500 [01:32<00:34,  4.01it/s]
 72%|#######2  | 362/500 [01:32<00:34,  4.02it/s]
 73%|#######2  | 363/500 [01:33<00:34,  4.01it/s]
 73%|#######2  | 364/500 [01:33<00:33,  4.01it/s]
 73%|#######3  | 365/500 [01:33<00:33,  4.02it/s]
 73%|#######3  | 366/500 [01:33<00:33,  4.01it/s]
 73%|#######3  | 367/500 [01:34<00:33,  4.01it/s]
 74%|#######3  | 368/500 [01:34<00:32,  4.01it/s]
 74%|#######3  | 369/500 [01:34<00:32,  4.01it/s]
 74%|#######4  | 370/500 [01:34<00:32,  4.01it/s]
 74%|#######4  | 371/500 [01:35<00:32,  4.01it/s]
 74%|#######4  | 372/500 [01:35<00:31,  4.01it/s]
 75%|#######4  | 373/500 [01:35<00:31,  3.99it/s]
 75%|#######4  | 374/500 [01:35<00:31,  4.00it/s]
 75%|#######5  | 375/500 [01:36<00:31,  4.01it/s]
 75%|#######5  | 376/500 [01:36<00:30,  4.01it/s]
 75%|#######5  | 377/500 [01:36<00:30,  4.01it/s]
 76%|#######5  | 378/500 [01:37<00:38,  3.18it/s]
 76%|#######5  | 379/500 [01:37<00:35,  3.42it/s]
 76%|#######6  | 380/500 [01:37<00:33,  3.59it/s]
 76%|#######6  | 381/500 [01:37<00:31,  3.72it/s]
 76%|#######6  | 382/500 [01:38<00:30,  3.82it/s]
 77%|#######6  | 383/500 [01:38<00:30,  3.87it/s]
 77%|#######6  | 384/500 [01:38<00:29,  3.93it/s]
 77%|#######7  | 385/500 [01:38<00:29,  3.96it/s]
 77%|#######7  | 386/500 [01:39<00:28,  4.00it/s]
 77%|#######7  | 387/500 [01:39<00:28,  4.01it/s]
 78%|#######7  | 388/500 [01:39<00:27,  4.03it/s]
 78%|#######7  | 389/500 [01:39<00:27,  4.03it/s]
 78%|#######8  | 390/500 [01:40<00:27,  4.04it/s]
 78%|#######8  | 391/500 [01:40<00:27,  4.02it/s]
 78%|#######8  | 392/500 [01:40<00:26,  4.00it/s]
 79%|#######8  | 393/500 [01:40<00:26,  4.00it/s]
 79%|#######8  | 394/500 [01:41<00:26,  4.01it/s]
 79%|#######9  | 395/500 [01:41<00:26,  4.00it/s]
 79%|#######9  | 396/500 [01:41<00:25,  4.01it/s]
 79%|#######9  | 397/500 [01:41<00:25,  4.01it/s]
 80%|#######9  | 398/500 [01:42<00:25,  4.02it/s]
 80%|#######9  | 399/500 [01:42<00:25,  4.02it/s]
 80%|########  | 400/500 [01:42<00:24,  4.02it/s]
 80%|########  | 401/500 [01:42<00:24,  4.03it/s]
 80%|########  | 402/500 [01:43<00:24,  4.03it/s]
 81%|########  | 403/500 [01:43<00:23,  4.05it/s]
 81%|########  | 404/500 [01:43<00:23,  4.06it/s]
 81%|########1 | 405/500 [01:43<00:23,  4.06it/s]
 81%|########1 | 406/500 [01:43<00:23,  4.05it/s]
 81%|########1 | 407/500 [01:44<00:29,  3.14it/s]
 82%|########1 | 408/500 [01:44<00:27,  3.38it/s]
 82%|########1 | 409/500 [01:44<00:25,  3.56it/s]
 82%|########2 | 410/500 [01:45<00:24,  3.69it/s]
 82%|########2 | 411/500 [01:45<00:23,  3.79it/s]
 82%|########2 | 412/500 [01:45<00:22,  3.86it/s]
 83%|########2 | 413/500 [01:45<00:22,  3.90it/s]
 83%|########2 | 414/500 [01:46<00:21,  3.94it/s]
 83%|########2 | 415/500 [01:46<00:21,  3.96it/s]
 83%|########3 | 416/500 [01:46<00:21,  3.97it/s]
 83%|########3 | 417/500 [01:46<00:20,  3.98it/s]
 84%|########3 | 418/500 [01:47<00:20,  3.98it/s]
 84%|########3 | 419/500 [01:47<00:20,  3.99it/s]
 84%|########4 | 420/500 [01:47<00:20,  4.00it/s]
 84%|########4 | 421/500 [01:47<00:19,  4.03it/s]
 84%|########4 | 422/500 [01:48<00:19,  4.03it/s]
 85%|########4 | 423/500 [01:48<00:19,  4.02it/s]
 85%|########4 | 424/500 [01:48<00:18,  4.02it/s]
 85%|########5 | 425/500 [01:48<00:18,  4.03it/s]
 85%|########5 | 426/500 [01:49<00:18,  4.02it/s]
 85%|########5 | 427/500 [01:49<00:18,  4.03it/s]
 86%|########5 | 428/500 [01:49<00:17,  4.04it/s]
 86%|########5 | 429/500 [01:49<00:17,  4.04it/s]
 86%|########6 | 430/500 [01:50<00:17,  4.03it/s]
 86%|########6 | 431/500 [01:50<00:17,  4.03it/s]
 86%|########6 | 432/500 [01:50<00:16,  4.05it/s]
 87%|########6 | 433/500 [01:50<00:16,  4.06it/s]
 87%|########6 | 434/500 [01:51<00:16,  4.06it/s]
 87%|########7 | 435/500 [01:51<00:16,  4.06it/s]
 87%|########7 | 436/500 [01:51<00:19,  3.21it/s]
 87%|########7 | 437/500 [01:52<00:18,  3.44it/s]
 88%|########7 | 438/500 [01:52<00:17,  3.59it/s]
 88%|########7 | 439/500 [01:52<00:16,  3.70it/s]
 88%|########8 | 440/500 [01:52<00:15,  3.79it/s]
 88%|########8 | 441/500 [01:53<00:15,  3.86it/s]
 88%|########8 | 442/500 [01:53<00:14,  3.90it/s]
 89%|########8 | 443/500 [01:53<00:14,  3.93it/s]
 89%|########8 | 444/500 [01:53<00:14,  3.97it/s]
 89%|########9 | 445/500 [01:54<00:13,  3.98it/s]
 89%|########9 | 446/500 [01:54<00:13,  3.99it/s]
 89%|########9 | 447/500 [01:54<00:13,  3.99it/s]
 90%|########9 | 448/500 [01:54<00:13,  3.98it/s]
 90%|########9 | 449/500 [01:55<00:12,  3.98it/s]
 90%|######### | 450/500 [01:55<00:12,  3.96it/s]
 90%|######### | 451/500 [01:55<00:12,  3.96it/s]
 90%|######### | 452/500 [01:55<00:12,  3.96it/s]
 91%|######### | 453/500 [01:56<00:11,  3.95it/s]
 91%|######### | 454/500 [01:56<00:11,  3.95it/s]
 91%|#########1| 455/500 [01:56<00:11,  3.96it/s]
 91%|#########1| 456/500 [01:56<00:11,  3.96it/s]
 91%|#########1| 457/500 [01:57<00:10,  3.95it/s]
 92%|#########1| 458/500 [01:57<00:10,  3.95it/s]
 92%|#########1| 459/500 [01:57<00:10,  3.97it/s]
 92%|#########2| 460/500 [01:57<00:10,  3.97it/s]
 92%|#########2| 461/500 [01:58<00:09,  3.97it/s]
 92%|#########2| 462/500 [01:58<00:09,  3.98it/s]
 93%|#########2| 463/500 [01:58<00:09,  3.97it/s]
 93%|#########2| 464/500 [01:58<00:09,  3.97it/s]
 93%|#########3| 465/500 [01:59<00:11,  3.16it/s]
 93%|#########3| 466/500 [01:59<00:10,  3.39it/s]
 93%|#########3| 467/500 [01:59<00:09,  3.56it/s]
 94%|#########3| 468/500 [02:00<00:08,  3.69it/s]
 94%|#########3| 469/500 [02:00<00:08,  3.78it/s]
 94%|#########3| 470/500 [02:00<00:07,  3.85it/s]
 94%|#########4| 471/500 [02:00<00:07,  3.89it/s]
 94%|#########4| 472/500 [02:01<00:07,  3.91it/s]
 95%|#########4| 473/500 [02:01<00:06,  3.94it/s]
 95%|#########4| 474/500 [02:01<00:06,  3.95it/s]
 95%|#########5| 475/500 [02:01<00:06,  3.96it/s]
 95%|#########5| 476/500 [02:02<00:06,  3.97it/s]
 95%|#########5| 477/500 [02:02<00:05,  3.97it/s]
 96%|#########5| 478/500 [02:02<00:05,  3.98it/s]
 96%|#########5| 479/500 [02:02<00:05,  3.98it/s]
 96%|#########6| 480/500 [02:03<00:05,  3.97it/s]
 96%|#########6| 481/500 [02:03<00:04,  3.97it/s]
 96%|#########6| 482/500 [02:03<00:04,  3.97it/s]
 97%|#########6| 483/500 [02:03<00:04,  3.97it/s]
 97%|#########6| 484/500 [02:04<00:04,  3.97it/s]
 97%|#########7| 485/500 [02:04<00:03,  3.97it/s]
 97%|#########7| 486/500 [02:04<00:03,  3.98it/s]
 97%|#########7| 487/500 [02:04<00:03,  3.97it/s]
 98%|#########7| 488/500 [02:05<00:03,  3.97it/s]
 98%|#########7| 489/500 [02:05<00:02,  3.97it/s]
 98%|#########8| 490/500 [02:05<00:02,  3.97it/s]
 98%|#########8| 491/500 [02:05<00:02,  3.98it/s]
 98%|#########8| 492/500 [02:06<00:02,  3.99it/s]
 99%|#########8| 493/500 [02:06<00:01,  4.00it/s]
 99%|#########8| 494/500 [02:06<00:01,  3.16it/s]
 99%|#########9| 495/500 [02:07<00:01,  3.37it/s]
 99%|#########9| 496/500 [02:07<00:01,  3.53it/s]
 99%|#########9| 497/500 [02:07<00:00,  3.66it/s]
100%|#########9| 498/500 [02:07<00:00,  3.76it/s]
100%|#########9| 499/500 [02:08<00:00,  3.82it/s]
100%|##########| 500/500 [02:08<00:00,  3.88it/s]
100%|##########| 500/500 [02:08<00:00,  3.90it/s]
Train Epoch 35
{
    "Loss": 0.007768871453590691,
    "Optimizer/policy0_lr": 0.00010000000000000003,
    "Policy_Grad_Norms": 0.042593433541204644,
    "Time_Data_Loading": 0.09825963973999023,
    "Time_Epoch": 2.140148452917735,
    "Time_Log_Info": 0.02455309232076009,
    "Time_Process_Batch": 0.75364644130071,
    "Time_Train_Batch": 1.2358582933743796
}

Epoch 35 Memory Usage: 2298 MB


  0%|          | 0/500 [00:00<?, ?it/s]
  0%|          | 1/500 [00:00<03:12,  2.59it/s]
  0%|          | 2/500 [00:00<02:31,  3.29it/s]
  1%|          | 3/500 [00:00<02:18,  3.58it/s]
  1%|          | 4/500 [00:01<02:13,  3.73it/s]
  1%|1         | 5/500 [00:01<02:09,  3.82it/s]
  1%|1         | 6/500 [00:01<02:06,  3.91it/s]
  1%|1         | 7/500 [00:01<02:04,  3.96it/s]
  2%|1         | 8/500 [00:02<02:03,  3.98it/s]
  2%|1         | 9/500 [00:02<02:03,  3.99it/s]
  2%|2         | 10/500 [00:02<02:02,  3.99it/s]
  2%|2         | 11/500 [00:02<02:01,  4.01it/s]
  2%|2         | 12/500 [00:03<02:01,  4.01it/s]
  3%|2         | 13/500 [00:03<02:01,  4.02it/s]
  3%|2         | 14/500 [00:03<02:00,  4.02it/s]
  3%|3         | 15/500 [00:03<02:00,  4.01it/s]
  3%|3         | 16/500 [00:04<02:00,  4.01it/s]
  3%|3         | 17/500 [00:04<02:00,  4.01it/s]
  4%|3         | 18/500 [00:04<02:00,  4.02it/s]
  4%|3         | 19/500 [00:04<01:59,  4.02it/s]
  4%|4         | 20/500 [00:05<01:59,  4.02it/s]
  4%|4         | 21/500 [00:05<01:59,  4.02it/s]
  4%|4         | 22/500 [00:05<01:58,  4.02it/s]
  5%|4         | 23/500 [00:05<01:58,  4.02it/s]
  5%|4         | 24/500 [00:06<01:58,  4.02it/s]
  5%|5         | 25/500 [00:06<01:58,  4.02it/s]
  5%|5         | 26/500 [00:06<01:57,  4.02it/s]
  5%|5         | 27/500 [00:06<01:57,  4.04it/s]
  6%|5         | 28/500 [00:07<01:57,  4.03it/s]
  6%|5         | 29/500 [00:07<01:56,  4.03it/s]
  6%|6         | 30/500 [00:07<02:26,  3.20it/s]
  6%|6         | 31/500 [00:08<02:17,  3.42it/s]
  6%|6         | 32/500 [00:08<02:10,  3.60it/s]
  7%|6         | 33/500 [00:08<02:05,  3.73it/s]
  7%|6         | 34/500 [00:08<02:01,  3.83it/s]
  7%|7         | 35/500 [00:09<01:59,  3.90it/s]
  7%|7         | 36/500 [00:09<01:57,  3.95it/s]
  7%|7         | 37/500 [00:09<01:56,  3.97it/s]
  8%|7         | 38/500 [00:09<01:56,  3.98it/s]
  8%|7         | 39/500 [00:10<01:55,  3.99it/s]
  8%|8         | 40/500 [00:10<01:55,  3.99it/s]
  8%|8         | 41/500 [00:10<01:54,  3.99it/s]
  8%|8         | 42/500 [00:10<01:54,  3.99it/s]
  9%|8         | 43/500 [00:11<01:54,  3.98it/s]
  9%|8         | 44/500 [00:11<01:54,  3.98it/s]
  9%|9         | 45/500 [00:11<01:53,  4.00it/s]
  9%|9         | 46/500 [00:11<01:53,  4.01it/s]
  9%|9         | 47/500 [00:12<01:52,  4.01it/s]
 10%|9         | 48/500 [00:12<01:52,  4.01it/s]
 10%|9         | 49/500 [00:12<01:52,  4.01it/s]
 10%|#         | 50/500 [00:12<01:52,  4.01it/s]
 10%|#         | 51/500 [00:13<01:52,  4.01it/s]
 10%|#         | 52/500 [00:13<01:51,  4.00it/s]
 11%|#         | 53/500 [00:13<01:51,  4.00it/s]
 11%|#         | 54/500 [00:13<01:51,  3.99it/s]
 11%|#1        | 55/500 [00:14<01:51,  3.99it/s]
 11%|#1        | 56/500 [00:14<01:50,  4.01it/s]
 11%|#1        | 57/500 [00:14<01:49,  4.03it/s]
 12%|#1        | 58/500 [00:14<01:49,  4.04it/s]
 12%|#1        | 59/500 [00:15<02:17,  3.21it/s]
 12%|#2        | 60/500 [00:15<02:08,  3.44it/s]
 12%|#2        | 61/500 [00:15<02:01,  3.60it/s]
 12%|#2        | 62/500 [00:15<01:57,  3.73it/s]
 13%|#2        | 63/500 [00:16<01:54,  3.83it/s]
 13%|#2        | 64/500 [00:16<01:51,  3.90it/s]
 13%|#3        | 65/500 [00:16<01:50,  3.92it/s]
 13%|#3        | 66/500 [00:16<01:49,  3.95it/s]
 13%|#3        | 67/500 [00:17<01:48,  3.99it/s]
 14%|#3        | 68/500 [00:17<01:48,  4.00it/s]
 14%|#3        | 69/500 [00:17<01:47,  3.99it/s]
 14%|#4        | 70/500 [00:17<01:47,  3.99it/s]
 14%|#4        | 71/500 [00:18<01:47,  4.00it/s]
 14%|#4        | 72/500 [00:18<01:47,  4.00it/s]
 15%|#4        | 73/500 [00:18<01:47,  3.99it/s]
 15%|#4        | 74/500 [00:18<01:46,  3.99it/s]
 15%|#5        | 75/500 [00:19<01:46,  3.99it/s]
 15%|#5        | 76/500 [00:19<01:46,  3.98it/s]
 15%|#5        | 77/500 [00:19<01:46,  3.98it/s]
 16%|#5        | 78/500 [00:19<01:45,  3.99it/s]
 16%|#5        | 79/500 [00:20<01:45,  4.00it/s]
 16%|#6        | 80/500 [00:20<01:45,  3.99it/s]
 16%|#6        | 81/500 [00:20<01:45,  3.98it/s]
 16%|#6        | 82/500 [00:20<01:45,  3.98it/s]
 17%|#6        | 83/500 [00:21<01:45,  3.97it/s]
 17%|#6        | 84/500 [00:21<01:44,  3.98it/s]
 17%|#7        | 85/500 [00:21<01:43,  4.00it/s]
 17%|#7        | 86/500 [00:21<01:43,  4.00it/s]
 17%|#7        | 87/500 [00:22<01:42,  4.02it/s]
 18%|#7        | 88/500 [00:22<02:08,  3.20it/s]
 18%|#7        | 89/500 [00:22<02:00,  3.40it/s]
 18%|#8        | 90/500 [00:23<01:55,  3.55it/s]
 18%|#8        | 91/500 [00:23<01:51,  3.67it/s]
 18%|#8        | 92/500 [00:23<01:48,  3.76it/s]
 19%|#8        | 93/500 [00:23<01:46,  3.81it/s]
 19%|#8        | 94/500 [00:24<01:45,  3.84it/s]
 19%|#9        | 95/500 [00:24<01:44,  3.88it/s]
 19%|#9        | 96/500 [00:24<01:43,  3.92it/s]
 19%|#9        | 97/500 [00:24<01:41,  3.96it/s]
 20%|#9        | 98/500 [00:25<01:41,  3.97it/s]
 20%|#9        | 99/500 [00:25<01:40,  3.98it/s]
 20%|##        | 100/500 [00:25<01:40,  3.98it/s]
 20%|##        | 101/500 [00:25<01:40,  3.96it/s]
 20%|##        | 102/500 [00:26<01:40,  3.97it/s]
 21%|##        | 103/500 [00:26<01:40,  3.97it/s]
 21%|##        | 104/500 [00:26<01:39,  3.96it/s]
 21%|##1       | 105/500 [00:26<01:39,  3.96it/s]
 21%|##1       | 106/500 [00:27<01:38,  3.98it/s]
 21%|##1       | 107/500 [00:27<01:38,  3.98it/s]
 22%|##1       | 108/500 [00:27<01:38,  3.99it/s]
 22%|##1       | 109/500 [00:27<01:38,  3.99it/s]
 22%|##2       | 110/500 [00:28<01:38,  3.98it/s]
 22%|##2       | 111/500 [00:28<01:38,  3.96it/s]
 22%|##2       | 112/500 [00:28<01:37,  3.97it/s]
 23%|##2       | 113/500 [00:28<01:37,  3.97it/s]
 23%|##2       | 114/500 [00:29<01:37,  3.97it/s]
 23%|##3       | 115/500 [00:29<01:36,  3.97it/s]
 23%|##3       | 116/500 [00:29<01:36,  3.97it/s]
 23%|##3       | 117/500 [00:30<02:02,  3.13it/s]
 24%|##3       | 118/500 [00:30<01:53,  3.37it/s]
 24%|##3       | 119/500 [00:30<01:47,  3.56it/s]
 24%|##4       | 120/500 [00:30<01:42,  3.69it/s]
 24%|##4       | 121/500 [00:31<01:40,  3.79it/s]
 24%|##4       | 122/500 [00:31<01:37,  3.86it/s]
 25%|##4       | 123/500 [00:31<01:36,  3.91it/s]
 25%|##4       | 124/500 [00:31<01:35,  3.93it/s]
 25%|##5       | 125/500 [00:32<01:34,  3.96it/s]
 25%|##5       | 126/500 [00:32<01:34,  3.97it/s]
 25%|##5       | 127/500 [00:32<01:33,  3.98it/s]
 26%|##5       | 128/500 [00:32<01:33,  3.98it/s]
 26%|##5       | 129/500 [00:33<01:32,  4.00it/s]
 26%|##6       | 130/500 [00:33<01:32,  4.00it/s]
 26%|##6       | 131/500 [00:33<01:32,  4.00it/s]
 26%|##6       | 132/500 [00:33<01:31,  4.02it/s]
 27%|##6       | 133/500 [00:34<01:31,  4.03it/s]
 27%|##6       | 134/500 [00:34<01:31,  4.01it/s]
 27%|##7       | 135/500 [00:34<01:31,  4.01it/s]
 27%|##7       | 136/500 [00:34<01:30,  4.01it/s]
 27%|##7       | 137/500 [00:35<01:30,  4.01it/s]
 28%|##7       | 138/500 [00:35<01:30,  4.00it/s]
 28%|##7       | 139/500 [00:35<01:30,  4.00it/s]
 28%|##8       | 140/500 [00:35<01:30,  4.00it/s]
 28%|##8       | 141/500 [00:36<01:29,  4.00it/s]
 28%|##8       | 142/500 [00:36<01:29,  4.00it/s]
 29%|##8       | 143/500 [00:36<01:29,  4.00it/s]
 29%|##8       | 144/500 [00:36<01:28,  4.01it/s]
 29%|##9       | 145/500 [00:37<01:28,  4.02it/s]
 29%|##9       | 146/500 [00:37<01:52,  3.14it/s]
 29%|##9       | 147/500 [00:37<01:44,  3.38it/s]
 30%|##9       | 148/500 [00:38<01:38,  3.58it/s]
 30%|##9       | 149/500 [00:38<01:35,  3.69it/s]
 30%|###       | 150/500 [00:38<01:32,  3.79it/s]
 30%|###       | 151/500 [00:38<01:30,  3.85it/s]
 30%|###       | 152/500 [00:39<01:29,  3.90it/s]
 31%|###       | 153/500 [00:39<01:28,  3.93it/s]
 31%|###       | 154/500 [00:39<01:27,  3.94it/s]
 31%|###1      | 155/500 [00:39<01:27,  3.96it/s]
 31%|###1      | 156/500 [00:40<01:26,  3.98it/s]
 31%|###1      | 157/500 [00:40<01:26,  3.97it/s]
 32%|###1      | 158/500 [00:40<01:26,  3.97it/s]
 32%|###1      | 159/500 [00:40<01:25,  3.99it/s]
 32%|###2      | 160/500 [00:41<01:24,  4.01it/s]
 32%|###2      | 161/500 [00:41<01:24,  4.01it/s]
 32%|###2      | 162/500 [00:41<01:24,  4.00it/s]
 33%|###2      | 163/500 [00:41<01:24,  4.00it/s]
 33%|###2      | 164/500 [00:42<01:23,  4.02it/s]
 33%|###3      | 165/500 [00:42<01:23,  4.02it/s]
 33%|###3      | 166/500 [00:42<01:23,  4.02it/s]
 33%|###3      | 167/500 [00:42<01:22,  4.02it/s]
 34%|###3      | 168/500 [00:43<01:22,  4.02it/s]
 34%|###3      | 169/500 [00:43<01:22,  4.01it/s]
 34%|###4      | 170/500 [00:43<01:22,  4.00it/s]
 34%|###4      | 171/500 [00:43<01:21,  4.02it/s]
 34%|###4      | 172/500 [00:44<01:21,  4.01it/s]
 35%|###4      | 173/500 [00:44<01:21,  4.01it/s]
 35%|###4      | 174/500 [00:44<01:21,  4.00it/s]
 35%|###5      | 175/500 [00:45<01:42,  3.18it/s]
 35%|###5      | 176/500 [00:45<01:35,  3.40it/s]
 35%|###5      | 177/500 [00:45<01:30,  3.56it/s]
 36%|###5      | 178/500 [00:45<01:27,  3.68it/s]
 36%|###5      | 179/500 [00:46<01:24,  3.78it/s]
 36%|###6      | 180/500 [00:46<01:22,  3.86it/s]
 36%|###6      | 181/500 [00:46<01:21,  3.90it/s]
 36%|###6      | 182/500 [00:46<01:20,  3.93it/s]
 37%|###6      | 183/500 [00:47<01:19,  3.97it/s]
 37%|###6      | 184/500 [00:47<01:19,  3.99it/s]
 37%|###7      | 185/500 [00:47<01:18,  4.01it/s]
 37%|###7      | 186/500 [00:47<01:18,  4.01it/s]
 37%|###7      | 187/500 [00:48<01:17,  4.01it/s]
 38%|###7      | 188/500 [00:48<01:17,  4.01it/s]
 38%|###7      | 189/500 [00:48<01:17,  4.01it/s]
 38%|###8      | 190/500 [00:48<01:17,  4.02it/s]
 38%|###8      | 191/500 [00:49<01:17,  4.01it/s]
 38%|###8      | 192/500 [00:49<01:16,  4.01it/s]
 39%|###8      | 193/500 [00:49<01:16,  4.01it/s]
 39%|###8      | 194/500 [00:49<01:16,  4.00it/s]
 39%|###9      | 195/500 [00:50<01:16,  4.00it/s]
 39%|###9      | 196/500 [00:50<01:16,  3.99it/s]
 39%|###9      | 197/500 [00:50<01:16,  3.97it/s]
 40%|###9      | 198/500 [00:50<01:16,  3.96it/s]
 40%|###9      | 199/500 [00:51<01:15,  3.96it/s]
 40%|####      | 200/500 [00:51<01:15,  3.98it/s]
 40%|####      | 201/500 [00:51<01:15,  3.97it/s]
 40%|####      | 202/500 [00:51<01:14,  3.98it/s]
 41%|####      | 203/500 [00:52<01:14,  3.97it/s]
 41%|####      | 204/500 [00:52<01:33,  3.16it/s]
 41%|####1     | 205/500 [00:52<01:27,  3.38it/s]
 41%|####1     | 206/500 [00:53<01:22,  3.55it/s]
 41%|####1     | 207/500 [00:53<01:19,  3.68it/s]
 42%|####1     | 208/500 [00:53<01:17,  3.76it/s]
 42%|####1     | 209/500 [00:53<01:16,  3.81it/s]
 42%|####2     | 210/500 [00:54<01:15,  3.87it/s]
 42%|####2     | 211/500 [00:54<01:14,  3.90it/s]
 42%|####2     | 212/500 [00:54<01:13,  3.92it/s]
 43%|####2     | 213/500 [00:54<01:13,  3.93it/s]
 43%|####2     | 214/500 [00:55<01:12,  3.94it/s]
 43%|####3     | 215/500 [00:55<01:12,  3.95it/s]
 43%|####3     | 216/500 [00:55<01:11,  3.95it/s]
 43%|####3     | 217/500 [00:55<01:11,  3.95it/s]
 44%|####3     | 218/500 [00:56<01:11,  3.96it/s]
 44%|####3     | 219/500 [00:56<01:10,  3.97it/s]
 44%|####4     | 220/500 [00:56<01:10,  3.96it/s]
 44%|####4     | 221/500 [00:56<01:10,  3.96it/s]
 44%|####4     | 222/500 [00:57<01:10,  3.97it/s]
 45%|####4     | 223/500 [00:57<01:09,  3.97it/s]
 45%|####4     | 224/500 [00:57<01:09,  3.97it/s]
 45%|####5     | 225/500 [00:57<01:09,  3.97it/s]
 45%|####5     | 226/500 [00:58<01:09,  3.97it/s]
 45%|####5     | 227/500 [00:58<01:08,  3.96it/s]
 46%|####5     | 228/500 [00:58<01:08,  3.96it/s]
 46%|####5     | 229/500 [00:58<01:08,  3.97it/s]
 46%|####6     | 230/500 [00:59<01:07,  4.00it/s]
 46%|####6     | 231/500 [00:59<01:07,  3.99it/s]
 46%|####6     | 232/500 [00:59<01:07,  3.98it/s]
 47%|####6     | 233/500 [01:00<01:24,  3.17it/s]
 47%|####6     | 234/500 [01:00<01:18,  3.39it/s]
 47%|####6     | 235/500 [01:00<01:14,  3.56it/s]
 47%|####7     | 236/500 [01:00<01:11,  3.70it/s]
 47%|####7     | 237/500 [01:01<01:09,  3.80it/s]
 48%|####7     | 238/500 [01:01<01:07,  3.87it/s]
 48%|####7     | 239/500 [01:01<01:06,  3.91it/s]
 48%|####8     | 240/500 [01:01<01:05,  3.95it/s]
 48%|####8     | 241/500 [01:02<01:05,  3.97it/s]
 48%|####8     | 242/500 [01:02<01:05,  3.97it/s]
 49%|####8     | 243/500 [01:02<01:04,  3.98it/s]
 49%|####8     | 244/500 [01:02<01:04,  3.98it/s]
 49%|####9     | 245/500 [01:03<01:04,  3.98it/s]
 49%|####9     | 246/500 [01:03<01:03,  3.98it/s]
 49%|####9     | 247/500 [01:03<01:03,  3.99it/s]
 50%|####9     | 248/500 [01:03<01:03,  3.99it/s]
 50%|####9     | 249/500 [01:04<01:02,  4.02it/s]
 50%|#####     | 250/500 [01:04<01:01,  4.05it/s]
 50%|#####     | 251/500 [01:04<01:01,  4.05it/s]
 50%|#####     | 252/500 [01:04<01:01,  4.05it/s]
 51%|#####     | 253/500 [01:05<01:01,  4.05it/s]
 51%|#####     | 254/500 [01:05<01:00,  4.03it/s]
 51%|#####1    | 255/500 [01:05<01:00,  4.03it/s]
 51%|#####1    | 256/500 [01:05<01:00,  4.04it/s]
 51%|#####1    | 257/500 [01:05<01:00,  4.03it/s]
 52%|#####1    | 258/500 [01:06<01:00,  4.03it/s]
 52%|#####1    | 259/500 [01:06<00:59,  4.04it/s]
 52%|#####2    | 260/500 [01:06<00:59,  4.04it/s]
 52%|#####2    | 261/500 [01:06<00:59,  4.03it/s]
 52%|#####2    | 262/500 [01:07<01:14,  3.18it/s]
 53%|#####2    | 263/500 [01:07<01:09,  3.40it/s]
 53%|#####2    | 264/500 [01:07<01:06,  3.56it/s]
 53%|#####3    | 265/500 [01:08<01:03,  3.69it/s]
 53%|#####3    | 266/500 [01:08<01:01,  3.79it/s]
 53%|#####3    | 267/500 [01:08<01:00,  3.87it/s]
 54%|#####3    | 268/500 [01:08<00:59,  3.93it/s]
 54%|#####3    | 269/500 [01:09<00:58,  3.96it/s]
 54%|#####4    | 270/500 [01:09<00:57,  3.98it/s]
 54%|#####4    | 271/500 [01:09<00:57,  3.99it/s]
 54%|#####4    | 272/500 [01:09<00:56,  4.01it/s]
 55%|#####4    | 273/500 [01:10<00:56,  4.01it/s]
 55%|#####4    | 274/500 [01:10<00:56,  4.01it/s]
 55%|#####5    | 275/500 [01:10<00:55,  4.02it/s]
 55%|#####5    | 276/500 [01:10<00:55,  4.02it/s]
 55%|#####5    | 277/500 [01:11<00:55,  4.01it/s]
 56%|#####5    | 278/500 [01:11<00:55,  4.01it/s]
 56%|#####5    | 279/500 [01:11<00:55,  4.02it/s]
 56%|#####6    | 280/500 [01:11<00:54,  4.01it/s]
 56%|#####6    | 281/500 [01:12<00:54,  4.01it/s]
 56%|#####6    | 282/500 [01:12<00:54,  4.00it/s]
 57%|#####6    | 283/500 [01:12<00:54,  4.01it/s]
 57%|#####6    | 284/500 [01:12<00:53,  4.02it/s]
 57%|#####6    | 285/500 [01:13<00:53,  4.03it/s]
 57%|#####7    | 286/500 [01:13<00:52,  4.04it/s]
 57%|#####7    | 287/500 [01:13<00:52,  4.05it/s]
 58%|#####7    | 288/500 [01:13<00:52,  4.05it/s]
 58%|#####7    | 289/500 [01:14<00:52,  4.04it/s]
 58%|#####8    | 290/500 [01:14<00:52,  4.03it/s]
 58%|#####8    | 291/500 [01:14<01:05,  3.19it/s]
 58%|#####8    | 292/500 [01:15<01:00,  3.41it/s]
 59%|#####8    | 293/500 [01:15<00:57,  3.58it/s]
 59%|#####8    | 294/500 [01:15<00:55,  3.72it/s]
 59%|#####8    | 295/500 [01:15<00:53,  3.80it/s]
 59%|#####9    | 296/500 [01:16<00:52,  3.86it/s]
 59%|#####9    | 297/500 [01:16<00:52,  3.90it/s]
 60%|#####9    | 298/500 [01:16<00:51,  3.94it/s]
 60%|#####9    | 299/500 [01:16<00:50,  3.96it/s]
 60%|######    | 300/500 [01:17<00:50,  3.97it/s]
 60%|######    | 301/500 [01:17<00:49,  3.99it/s]
 60%|######    | 302/500 [01:17<00:49,  4.01it/s]
 61%|######    | 303/500 [01:17<00:49,  4.00it/s]
 61%|######    | 304/500 [01:18<00:49,  4.00it/s]
 61%|######1   | 305/500 [01:18<00:48,  4.00it/s]
 61%|######1   | 306/500 [01:18<00:48,  4.01it/s]
 61%|######1   | 307/500 [01:18<00:48,  4.01it/s]
 62%|######1   | 308/500 [01:19<00:47,  4.00it/s]
 62%|######1   | 309/500 [01:19<00:47,  4.00it/s]
 62%|######2   | 310/500 [01:19<00:47,  3.99it/s]
 62%|######2   | 311/500 [01:19<00:47,  3.99it/s]
 62%|######2   | 312/500 [01:20<00:47,  3.98it/s]
 63%|######2   | 313/500 [01:20<00:47,  3.97it/s]
 63%|######2   | 314/500 [01:20<00:46,  3.98it/s]
 63%|######3   | 315/500 [01:20<00:46,  3.99it/s]
 63%|######3   | 316/500 [01:21<00:46,  3.99it/s]
 63%|######3   | 317/500 [01:21<00:45,  4.00it/s]
 64%|######3   | 318/500 [01:21<00:45,  4.01it/s]
 64%|######3   | 319/500 [01:21<00:45,  4.01it/s]
 64%|######4   | 320/500 [01:22<00:56,  3.20it/s]
 64%|######4   | 321/500 [01:22<00:52,  3.43it/s]
 64%|######4   | 322/500 [01:22<00:49,  3.58it/s]
 65%|######4   | 323/500 [01:23<00:47,  3.70it/s]
 65%|######4   | 324/500 [01:23<00:46,  3.78it/s]
 65%|######5   | 325/500 [01:23<00:45,  3.84it/s]
 65%|######5   | 326/500 [01:23<00:44,  3.88it/s]
 65%|######5   | 327/500 [01:24<00:44,  3.91it/s]
 66%|######5   | 328/500 [01:24<00:43,  3.94it/s]
 66%|######5   | 329/500 [01:24<00:43,  3.97it/s]
 66%|######6   | 330/500 [01:24<00:42,  3.97it/s]
 66%|######6   | 331/500 [01:25<00:42,  3.98it/s]
 66%|######6   | 332/500 [01:25<00:42,  3.98it/s]
 67%|######6   | 333/500 [01:25<00:41,  3.99it/s]
 67%|######6   | 334/500 [01:25<00:41,  3.99it/s]
 67%|######7   | 335/500 [01:26<00:41,  3.98it/s]
 67%|######7   | 336/500 [01:26<00:41,  3.97it/s]
 67%|######7   | 337/500 [01:26<00:40,  3.98it/s]
 68%|######7   | 338/500 [01:26<00:40,  3.99it/s]
 68%|######7   | 339/500 [01:27<00:40,  3.99it/s]
 68%|######8   | 340/500 [01:27<00:40,  3.99it/s]
 68%|######8   | 341/500 [01:27<00:39,  4.00it/s]
 68%|######8   | 342/500 [01:27<00:39,  3.99it/s]
 69%|######8   | 343/500 [01:28<00:39,  3.98it/s]
 69%|######8   | 344/500 [01:28<00:39,  3.98it/s]
 69%|######9   | 345/500 [01:28<00:39,  3.97it/s]
 69%|######9   | 346/500 [01:28<00:38,  3.98it/s]
 69%|######9   | 347/500 [01:29<00:38,  3.97it/s]
 70%|######9   | 348/500 [01:29<00:38,  3.98it/s]
 70%|######9   | 349/500 [01:29<00:48,  3.14it/s]
 70%|#######   | 350/500 [01:30<00:44,  3.37it/s]
 70%|#######   | 351/500 [01:30<00:42,  3.54it/s]
 70%|#######   | 352/500 [01:30<00:40,  3.67it/s]
 71%|#######   | 353/500 [01:30<00:39,  3.76it/s]
 71%|#######   | 354/500 [01:31<00:38,  3.83it/s]
 71%|#######1  | 355/500 [01:31<00:37,  3.87it/s]
 71%|#######1  | 356/500 [01:31<00:36,  3.92it/s]
 71%|#######1  | 357/500 [01:31<00:36,  3.96it/s]
 72%|#######1  | 358/500 [01:32<00:35,  3.98it/s]
 72%|#######1  | 359/500 [01:32<00:35,  4.00it/s]
 72%|#######2  | 360/500 [01:32<00:34,  4.01it/s]
 72%|#######2  | 361/500 [01:32<00:34,  4.01it/s]
 72%|#######2  | 362/500 [01:33<00:34,  4.03it/s]
 73%|#######2  | 363/500 [01:33<00:33,  4.03it/s]
 73%|#######2  | 364/500 [01:33<00:33,  4.04it/s]
 73%|#######3  | 365/500 [01:33<00:33,  4.04it/s]
 73%|#######3  | 366/500 [01:34<00:33,  4.03it/s]
 73%|#######3  | 367/500 [01:34<00:32,  4.04it/s]
 74%|#######3  | 368/500 [01:34<00:32,  4.03it/s]
 74%|#######3  | 369/500 [01:34<00:32,  4.03it/s]
 74%|#######4  | 370/500 [01:35<00:32,  4.02it/s]
 74%|#######4  | 371/500 [01:35<00:32,  4.01it/s]
 74%|#######4  | 372/500 [01:35<00:31,  4.00it/s]
 75%|#######4  | 373/500 [01:35<00:31,  4.01it/s]
 75%|#######4  | 374/500 [01:36<00:31,  4.01it/s]
 75%|#######5  | 375/500 [01:36<00:31,  4.02it/s]
 75%|#######5  | 376/500 [01:36<00:30,  4.05it/s]
 75%|#######5  | 377/500 [01:36<00:30,  4.07it/s]
 76%|#######5  | 378/500 [01:37<00:37,  3.22it/s]
 76%|#######5  | 379/500 [01:37<00:35,  3.45it/s]
 76%|#######6  | 380/500 [01:37<00:33,  3.61it/s]
 76%|#######6  | 381/500 [01:37<00:31,  3.74it/s]
 76%|#######6  | 382/500 [01:38<00:31,  3.81it/s]
 77%|#######6  | 383/500 [01:38<00:30,  3.86it/s]
 77%|#######6  | 384/500 [01:38<00:29,  3.89it/s]
 77%|#######7  | 385/500 [01:38<00:29,  3.92it/s]
 77%|#######7  | 386/500 [01:39<00:29,  3.93it/s]
 77%|#######7  | 387/500 [01:39<00:28,  3.95it/s]
 78%|#######7  | 388/500 [01:39<00:28,  3.94it/s]
 78%|#######7  | 389/500 [01:39<00:28,  3.94it/s]
 78%|#######8  | 390/500 [01:40<00:27,  3.95it/s]
 78%|#######8  | 391/500 [01:40<00:27,  3.95it/s]
 78%|#######8  | 392/500 [01:40<00:27,  3.95it/s]
 79%|#######8  | 393/500 [01:40<00:27,  3.94it/s]
 79%|#######8  | 394/500 [01:41<00:26,  3.95it/s]
 79%|#######9  | 395/500 [01:41<00:26,  3.97it/s]
 79%|#######9  | 396/500 [01:41<00:26,  3.96it/s]
 79%|#######9  | 397/500 [01:41<00:26,  3.95it/s]
 80%|#######9  | 398/500 [01:42<00:25,  3.95it/s]
 80%|#######9  | 399/500 [01:42<00:25,  3.95it/s]
 80%|########  | 400/500 [01:42<00:25,  3.94it/s]
 80%|########  | 401/500 [01:43<00:25,  3.94it/s]
 80%|########  | 402/500 [01:43<00:24,  3.97it/s]
 81%|########  | 403/500 [01:43<00:24,  4.00it/s]
 81%|########  | 404/500 [01:43<00:24,  3.99it/s]
 81%|########1 | 405/500 [01:43<00:23,  3.99it/s]
 81%|########1 | 406/500 [01:44<00:23,  3.99it/s]
 81%|########1 | 407/500 [01:44<00:29,  3.17it/s]
 82%|########1 | 408/500 [01:44<00:27,  3.38it/s]
 82%|########1 | 409/500 [01:45<00:25,  3.54it/s]
 82%|########2 | 410/500 [01:45<00:24,  3.68it/s]
 82%|########2 | 411/500 [01:45<00:23,  3.79it/s]
 82%|########2 | 412/500 [01:45<00:22,  3.86it/s]
 83%|########2 | 413/500 [01:46<00:22,  3.91it/s]
 83%|########2 | 414/500 [01:46<00:21,  3.95it/s]
 83%|########2 | 415/500 [01:46<00:21,  3.97it/s]
 83%|########3 | 416/500 [01:46<00:21,  3.98it/s]
 83%|########3 | 417/500 [01:47<00:20,  4.00it/s]
 84%|########3 | 418/500 [01:47<00:20,  4.01it/s]
 84%|########3 | 419/500 [01:47<00:20,  4.02it/s]
 84%|########4 | 420/500 [01:47<00:19,  4.02it/s]
 84%|########4 | 421/500 [01:48<00:19,  4.01it/s]
 84%|########4 | 422/500 [01:48<00:19,  4.02it/s]
 85%|########4 | 423/500 [01:48<00:19,  4.01it/s]
 85%|########4 | 424/500 [01:48<00:18,  4.01it/s]
 85%|########5 | 425/500 [01:49<00:18,  4.00it/s]
 85%|########5 | 426/500 [01:49<00:18,  4.02it/s]
 85%|########5 | 427/500 [01:49<00:18,  4.00it/s]
 86%|########5 | 428/500 [01:49<00:17,  4.00it/s]
 86%|########5 | 429/500 [01:50<00:17,  4.03it/s]
 86%|########6 | 430/500 [01:50<00:17,  4.06it/s]
 86%|########6 | 431/500 [01:50<00:17,  4.05it/s]
 86%|########6 | 432/500 [01:50<00:16,  4.03it/s]
 87%|########6 | 433/500 [01:51<00:16,  4.03it/s]
 87%|########6 | 434/500 [01:51<00:16,  4.02it/s]
 87%|########7 | 435/500 [01:51<00:16,  4.03it/s]
 87%|########7 | 436/500 [01:52<00:20,  3.16it/s]
 87%|########7 | 437/500 [01:52<00:18,  3.40it/s]
 88%|########7 | 438/500 [01:52<00:17,  3.58it/s]
 88%|########7 | 439/500 [01:52<00:16,  3.69it/s]
 88%|########8 | 440/500 [01:53<00:15,  3.79it/s]
 88%|########8 | 441/500 [01:53<00:15,  3.86it/s]
 88%|########8 | 442/500 [01:53<00:14,  3.92it/s]
 89%|########8 | 443/500 [01:53<00:14,  3.95it/s]
 89%|########8 | 444/500 [01:54<00:14,  3.96it/s]
 89%|########9 | 445/500 [01:54<00:13,  3.98it/s]
 89%|########9 | 446/500 [01:54<00:13,  4.00it/s]
 89%|########9 | 447/500 [01:54<00:13,  4.00it/s]
 90%|########9 | 448/500 [01:55<00:12,  4.00it/s]
 90%|########9 | 449/500 [01:55<00:12,  4.00it/s]
 90%|######### | 450/500 [01:55<00:12,  4.00it/s]
 90%|######### | 451/500 [01:55<00:12,  3.99it/s]
 90%|######### | 452/500 [01:56<00:12,  3.99it/s]
 91%|######### | 453/500 [01:56<00:11,  3.98it/s]
 91%|######### | 454/500 [01:56<00:11,  3.99it/s]
 91%|#########1| 455/500 [01:56<00:11,  3.99it/s]
 91%|#########1| 456/500 [01:57<00:11,  3.99it/s]
 91%|#########1| 457/500 [01:57<00:10,  3.99it/s]
 92%|#########1| 458/500 [01:57<00:10,  4.01it/s]
 92%|#########1| 459/500 [01:57<00:10,  4.02it/s]
 92%|#########2| 460/500 [01:58<00:10,  4.00it/s]
 92%|#########2| 461/500 [01:58<00:09,  4.00it/s]
 92%|#########2| 462/500 [01:58<00:09,  4.01it/s]
 93%|#########2| 463/500 [01:58<00:09,  4.02it/s]
 93%|#########2| 464/500 [01:59<00:08,  4.01it/s]
 93%|#########3| 465/500 [01:59<00:10,  3.20it/s]
 93%|#########3| 466/500 [01:59<00:09,  3.42it/s]
 93%|#########3| 467/500 [02:00<00:09,  3.59it/s]
 94%|#########3| 468/500 [02:00<00:08,  3.70it/s]
 94%|#########3| 469/500 [02:00<00:08,  3.79it/s]
 94%|#########3| 470/500 [02:00<00:07,  3.84it/s]
 94%|#########4| 471/500 [02:01<00:07,  3.88it/s]
 94%|#########4| 472/500 [02:01<00:07,  3.90it/s]
 95%|#########4| 473/500 [02:01<00:06,  3.94it/s]
 95%|#########4| 474/500 [02:01<00:06,  3.96it/s]
 95%|#########5| 475/500 [02:02<00:06,  3.96it/s]
 95%|#########5| 476/500 [02:02<00:06,  3.96it/s]
 95%|#########5| 477/500 [02:02<00:05,  3.97it/s]
 96%|#########5| 478/500 [02:02<00:05,  3.97it/s]
 96%|#########5| 479/500 [02:03<00:05,  3.96it/s]
 96%|#########6| 480/500 [02:03<00:05,  3.96it/s]
 96%|#########6| 481/500 [02:03<00:04,  3.97it/s]
 96%|#########6| 482/500 [02:03<00:04,  3.97it/s]
 97%|#########6| 483/500 [02:04<00:04,  3.98it/s]
 97%|#########6| 484/500 [02:04<00:04,  3.98it/s]
 97%|#########7| 485/500 [02:04<00:03,  3.99it/s]
 97%|#########7| 486/500 [02:04<00:03,  3.99it/s]
 97%|#########7| 487/500 [02:05<00:03,  3.98it/s]
 98%|#########7| 488/500 [02:05<00:03,  3.97it/s]
 98%|#########7| 489/500 [02:05<00:02,  3.97it/s]
 98%|#########8| 490/500 [02:05<00:02,  3.99it/s]
 98%|#########8| 491/500 [02:06<00:02,  4.00it/s]
 98%|#########8| 492/500 [02:06<00:01,  4.01it/s]
 99%|#########8| 493/500 [02:06<00:01,  4.01it/s]
 99%|#########8| 494/500 [02:07<00:01,  3.15it/s]
 99%|#########9| 495/500 [02:07<00:01,  3.39it/s]
 99%|#########9| 496/500 [02:07<00:01,  3.58it/s]
 99%|#########9| 497/500 [02:07<00:00,  3.70it/s]
100%|#########9| 498/500 [02:08<00:00,  3.81it/s]
100%|#########9| 499/500 [02:08<00:00,  3.87it/s]
100%|##########| 500/500 [02:08<00:00,  3.93it/s]
100%|##########| 500/500 [02:08<00:00,  3.89it/s]
Train Epoch 36
{
    "Loss": 0.007916965620592237,
    "Optimizer/policy0_lr": 0.00010000000000000003,
    "Policy_Grad_Norms": 0.04273817057061203,
    "Time_Data_Loading": 0.09900567928949992,
    "Time_Epoch": 2.1431585351626077,
    "Time_Log_Info": 0.024643119176228842,
    "Time_Process_Batch": 0.7565751036008199,
    "Time_Train_Batch": 1.235683798789978
}

Epoch 36 Memory Usage: 2298 MB


  0%|          | 0/500 [00:00<?, ?it/s]
  0%|          | 1/500 [00:00<03:13,  2.58it/s]
  0%|          | 2/500 [00:00<02:32,  3.27it/s]
  1%|          | 3/500 [00:00<02:17,  3.62it/s]
  1%|          | 4/500 [00:01<02:11,  3.78it/s]
  1%|1         | 5/500 [00:01<02:06,  3.90it/s]
  1%|1         | 6/500 [00:01<02:05,  3.94it/s]
  1%|1         | 7/500 [00:01<02:03,  3.98it/s]
  2%|1         | 8/500 [00:02<02:03,  3.98it/s]
  2%|1         | 9/500 [00:02<02:03,  3.98it/s]
  2%|2         | 10/500 [00:02<02:02,  3.99it/s]
  2%|2         | 11/500 [00:02<02:02,  4.00it/s]
  2%|2         | 12/500 [00:03<02:02,  3.99it/s]
  3%|2         | 13/500 [00:03<02:02,  3.98it/s]
  3%|2         | 14/500 [00:03<02:02,  3.98it/s]
  3%|3         | 15/500 [00:03<02:01,  3.98it/s]
  3%|3         | 16/500 [00:04<02:01,  3.98it/s]
  3%|3         | 17/500 [00:04<02:01,  3.98it/s]
  4%|3         | 18/500 [00:04<02:01,  3.98it/s]
  4%|3         | 19/500 [00:04<01:59,  4.01it/s]
  4%|4         | 20/500 [00:05<01:59,  4.01it/s]
  4%|4         | 21/500 [00:05<01:59,  4.00it/s]
  4%|4         | 22/500 [00:05<01:59,  3.99it/s]
  5%|4         | 23/500 [00:05<01:59,  4.00it/s]
  5%|4         | 24/500 [00:06<01:59,  3.99it/s]
  5%|5         | 25/500 [00:06<01:59,  3.98it/s]
  5%|5         | 26/500 [00:06<01:58,  3.99it/s]
  5%|5         | 27/500 [00:06<01:57,  4.01it/s]
  6%|5         | 28/500 [00:07<01:57,  4.01it/s]
  6%|5         | 29/500 [00:07<01:57,  4.01it/s]
  6%|6         | 30/500 [00:07<02:26,  3.21it/s]
  6%|6         | 31/500 [00:08<02:16,  3.43it/s]
  6%|6         | 32/500 [00:08<02:10,  3.60it/s]
  7%|6         | 33/500 [00:08<02:05,  3.72it/s]
  7%|6         | 34/500 [00:08<02:02,  3.79it/s]
  7%|7         | 35/500 [00:09<02:00,  3.85it/s]
  7%|7         | 36/500 [00:09<01:59,  3.89it/s]
  7%|7         | 37/500 [00:09<01:57,  3.94it/s]
  8%|7         | 38/500 [00:09<01:56,  3.97it/s]
  8%|7         | 39/500 [00:10<01:55,  3.98it/s]
  8%|8         | 40/500 [00:10<01:54,  4.01it/s]
  8%|8         | 41/500 [00:10<01:53,  4.03it/s]
  8%|8         | 42/500 [00:10<01:52,  4.06it/s]
  9%|8         | 43/500 [00:11<01:53,  4.04it/s]
  9%|8         | 44/500 [00:11<01:53,  4.03it/s]
  9%|9         | 45/500 [00:11<01:52,  4.03it/s]
  9%|9         | 46/500 [00:11<01:52,  4.02it/s]
  9%|9         | 47/500 [00:12<01:52,  4.01it/s]
 10%|9         | 48/500 [00:12<01:52,  4.01it/s]
 10%|9         | 49/500 [00:12<01:52,  4.00it/s]
 10%|#         | 50/500 [00:12<01:52,  4.01it/s]
 10%|#         | 51/500 [00:13<01:52,  4.01it/s]
 10%|#         | 52/500 [00:13<01:52,  4.00it/s]
 11%|#         | 53/500 [00:13<01:51,  3.99it/s]
 11%|#         | 54/500 [00:13<01:51,  4.00it/s]
 11%|#1        | 55/500 [00:14<01:50,  4.04it/s]
 11%|#1        | 56/500 [00:14<01:49,  4.04it/s]
 11%|#1        | 57/500 [00:14<01:50,  4.03it/s]
 12%|#1        | 58/500 [00:14<01:49,  4.03it/s]
 12%|#1        | 59/500 [00:15<02:20,  3.14it/s]
 12%|#2        | 60/500 [00:15<02:10,  3.37it/s]
 12%|#2        | 61/500 [00:15<02:03,  3.54it/s]
 12%|#2        | 62/500 [00:16<01:59,  3.66it/s]
 13%|#2        | 63/500 [00:16<01:56,  3.76it/s]
 13%|#2        | 64/500 [00:16<01:54,  3.82it/s]
 13%|#3        | 65/500 [00:16<01:52,  3.88it/s]
 13%|#3        | 66/500 [00:17<01:51,  3.90it/s]
 13%|#3        | 67/500 [00:17<01:50,  3.92it/s]
 14%|#3        | 68/500 [00:17<01:49,  3.94it/s]
 14%|#3        | 69/500 [00:17<01:48,  3.96it/s]
 14%|#4        | 70/500 [00:18<01:48,  3.96it/s]
 14%|#4        | 71/500 [00:18<01:48,  3.96it/s]
 14%|#4        | 72/500 [00:18<01:48,  3.96it/s]
 15%|#4        | 73/500 [00:18<01:47,  3.97it/s]
 15%|#4        | 74/500 [00:19<01:47,  3.97it/s]
 15%|#5        | 75/500 [00:19<01:46,  3.98it/s]
 15%|#5        | 76/500 [00:19<01:46,  3.99it/s]
 15%|#5        | 77/500 [00:19<01:46,  3.98it/s]
 16%|#5        | 78/500 [00:20<01:46,  3.97it/s]
 16%|#5        | 79/500 [00:20<01:45,  3.99it/s]
 16%|#6        | 80/500 [00:20<01:44,  4.01it/s]
 16%|#6        | 81/500 [00:20<01:44,  4.01it/s]
 16%|#6        | 82/500 [00:21<01:44,  4.01it/s]
 17%|#6        | 83/500 [00:21<01:44,  4.00it/s]
 17%|#6        | 84/500 [00:21<01:43,  4.00it/s]
 17%|#7        | 85/500 [00:21<01:43,  4.01it/s]
 17%|#7        | 86/500 [00:22<01:43,  4.00it/s]
 17%|#7        | 87/500 [00:22<01:43,  4.01it/s]
 18%|#7        | 88/500 [00:22<02:09,  3.19it/s]
 18%|#7        | 89/500 [00:22<02:00,  3.41it/s]
 18%|#8        | 90/500 [00:23<01:54,  3.58it/s]
 18%|#8        | 91/500 [00:23<01:50,  3.70it/s]
 18%|#8        | 92/500 [00:23<01:47,  3.81it/s]
 19%|#8        | 93/500 [00:23<01:45,  3.87it/s]
 19%|#8        | 94/500 [00:24<01:44,  3.90it/s]
 19%|#9        | 95/500 [00:24<01:43,  3.93it/s]
 19%|#9        | 96/500 [00:24<01:42,  3.94it/s]
 19%|#9        | 97/500 [00:24<01:42,  3.95it/s]
 20%|#9        | 98/500 [00:25<01:41,  3.97it/s]
 20%|#9        | 99/500 [00:25<01:40,  3.97it/s]
 20%|##        | 100/500 [00:25<01:40,  3.99it/s]
 20%|##        | 101/500 [00:25<01:40,  3.99it/s]
 20%|##        | 102/500 [00:26<01:39,  3.98it/s]
 21%|##        | 103/500 [00:26<01:39,  3.99it/s]
 21%|##        | 104/500 [00:26<01:39,  3.99it/s]
 21%|##1       | 105/500 [00:26<01:39,  3.99it/s]
 21%|##1       | 106/500 [00:27<01:38,  3.98it/s]
 21%|##1       | 107/500 [00:27<01:38,  3.98it/s]
 22%|##1       | 108/500 [00:27<01:38,  3.97it/s]
 22%|##1       | 109/500 [00:27<01:37,  3.99it/s]
 22%|##2       | 110/500 [00:28<01:36,  4.04it/s]
 22%|##2       | 111/500 [00:28<01:36,  4.04it/s]
 22%|##2       | 112/500 [00:28<01:35,  4.07it/s]
 23%|##2       | 113/500 [00:28<01:35,  4.07it/s]
 23%|##2       | 114/500 [00:29<01:34,  4.08it/s]
 23%|##3       | 115/500 [00:29<01:34,  4.08it/s]
 23%|##3       | 116/500 [00:29<01:33,  4.09it/s]
 23%|##3       | 117/500 [00:30<01:59,  3.21it/s]
 24%|##3       | 118/500 [00:30<01:51,  3.44it/s]
 24%|##3       | 119/500 [00:30<01:45,  3.61it/s]
 24%|##4       | 120/500 [00:30<01:41,  3.74it/s]
 24%|##4       | 121/500 [00:31<01:38,  3.84it/s]
 24%|##4       | 122/500 [00:31<01:36,  3.90it/s]
 25%|##4       | 123/500 [00:31<01:35,  3.95it/s]
 25%|##4       | 124/500 [00:31<01:34,  3.97it/s]
 25%|##5       | 125/500 [00:32<01:34,  3.98it/s]
 25%|##5       | 126/500 [00:32<01:33,  3.99it/s]
 25%|##5       | 127/500 [00:32<01:33,  4.00it/s]
 26%|##5       | 128/500 [00:32<01:32,  4.02it/s]
 26%|##5       | 129/500 [00:33<01:32,  4.01it/s]
 26%|##6       | 130/500 [00:33<01:32,  4.00it/s]
 26%|##6       | 131/500 [00:33<01:31,  4.04it/s]
 26%|##6       | 132/500 [00:33<01:31,  4.03it/s]
 27%|##6       | 133/500 [00:34<01:31,  4.02it/s]
 27%|##6       | 134/500 [00:34<01:31,  4.02it/s]
 27%|##7       | 135/500 [00:34<01:30,  4.02it/s]
 27%|##7       | 136/500 [00:34<01:30,  4.01it/s]
 27%|##7       | 137/500 [00:35<01:30,  4.00it/s]
 28%|##7       | 138/500 [00:35<01:30,  4.00it/s]
 28%|##7       | 139/500 [00:35<01:29,  4.01it/s]
 28%|##8       | 140/500 [00:35<01:29,  4.01it/s]
 28%|##8       | 141/500 [00:36<01:29,  4.01it/s]
 28%|##8       | 142/500 [00:36<01:29,  4.02it/s]
 29%|##8       | 143/500 [00:36<01:28,  4.02it/s]
 29%|##8       | 144/500 [00:36<01:28,  4.02it/s]
 29%|##9       | 145/500 [00:37<01:28,  4.01it/s]
 29%|##9       | 146/500 [00:37<01:51,  3.18it/s]
 29%|##9       | 147/500 [00:37<01:43,  3.40it/s]
 30%|##9       | 148/500 [00:38<01:38,  3.58it/s]
 30%|##9       | 149/500 [00:38<01:34,  3.70it/s]
 30%|###       | 150/500 [00:38<01:32,  3.80it/s]
 30%|###       | 151/500 [00:38<01:30,  3.85it/s]
 30%|###       | 152/500 [00:39<01:29,  3.91it/s]
 31%|###       | 153/500 [00:39<01:28,  3.94it/s]
 31%|###       | 154/500 [00:39<01:27,  3.96it/s]
 31%|###1      | 155/500 [00:39<01:26,  3.97it/s]
 31%|###1      | 156/500 [00:40<01:26,  3.96it/s]
 31%|###1      | 157/500 [00:40<01:26,  3.99it/s]
 32%|###1      | 158/500 [00:40<01:25,  3.99it/s]
 32%|###1      | 159/500 [00:40<01:25,  4.00it/s]
 32%|###2      | 160/500 [00:41<01:24,  4.01it/s]
 32%|###2      | 161/500 [00:41<01:24,  4.02it/s]
 32%|###2      | 162/500 [00:41<01:24,  4.02it/s]
 33%|###2      | 163/500 [00:41<01:24,  4.01it/s]
 33%|###2      | 164/500 [00:42<01:23,  4.00it/s]
 33%|###3      | 165/500 [00:42<01:23,  4.00it/s]
 33%|###3      | 166/500 [00:42<01:23,  4.01it/s]
 33%|###3      | 167/500 [00:42<01:23,  4.01it/s]
 34%|###3      | 168/500 [00:43<01:22,  4.01it/s]
 34%|###3      | 169/500 [00:43<01:22,  4.00it/s]
 34%|###4      | 170/500 [00:43<01:22,  4.02it/s]
 34%|###4      | 171/500 [00:43<01:22,  4.00it/s]
 34%|###4      | 172/500 [00:44<01:21,  4.01it/s]
 35%|###4      | 173/500 [00:44<01:21,  4.00it/s]
 35%|###4      | 174/500 [00:44<01:21,  4.01it/s]
 35%|###5      | 175/500 [00:45<01:43,  3.14it/s]
 35%|###5      | 176/500 [00:45<01:35,  3.38it/s]
 35%|###5      | 177/500 [00:45<01:30,  3.56it/s]
 36%|###5      | 178/500 [00:45<01:27,  3.67it/s]
 36%|###5      | 179/500 [00:46<01:25,  3.76it/s]
 36%|###6      | 180/500 [00:46<01:23,  3.83it/s]
 36%|###6      | 181/500 [00:46<01:21,  3.90it/s]
 36%|###6      | 182/500 [00:46<01:21,  3.92it/s]
 37%|###6      | 183/500 [00:47<01:20,  3.94it/s]
 37%|###6      | 184/500 [00:47<01:20,  3.94it/s]
 37%|###7      | 185/500 [00:47<01:19,  3.96it/s]
 37%|###7      | 186/500 [00:47<01:18,  3.98it/s]
 37%|###7      | 187/500 [00:48<01:18,  3.99it/s]
 38%|###7      | 188/500 [00:48<01:18,  3.97it/s]
 38%|###7      | 189/500 [00:48<01:18,  3.97it/s]
 38%|###8      | 190/500 [00:48<01:17,  3.98it/s]
 38%|###8      | 191/500 [00:49<01:16,  4.02it/s]
 38%|###8      | 192/500 [00:49<01:16,  4.05it/s]
 39%|###8      | 193/500 [00:49<01:15,  4.06it/s]
 39%|###8      | 194/500 [00:49<01:15,  4.05it/s]
 39%|###9      | 195/500 [00:49<01:15,  4.05it/s]
 39%|###9      | 196/500 [00:50<01:15,  4.04it/s]
 39%|###9      | 197/500 [00:50<01:14,  4.05it/s]
 40%|###9      | 198/500 [00:50<01:14,  4.04it/s]
 40%|###9      | 199/500 [00:50<01:14,  4.04it/s]
 40%|####      | 200/500 [00:51<01:14,  4.04it/s]
 40%|####      | 201/500 [00:51<01:13,  4.06it/s]
 40%|####      | 202/500 [00:51<01:13,  4.04it/s]
 41%|####      | 203/500 [00:51<01:13,  4.03it/s]
 41%|####      | 204/500 [00:52<01:32,  3.19it/s]
 41%|####1     | 205/500 [00:52<01:26,  3.41it/s]
 41%|####1     | 206/500 [00:52<01:22,  3.58it/s]
 41%|####1     | 207/500 [00:53<01:19,  3.71it/s]
 42%|####1     | 208/500 [00:53<01:16,  3.80it/s]
 42%|####1     | 209/500 [00:53<01:15,  3.86it/s]
 42%|####2     | 210/500 [00:53<01:14,  3.89it/s]
 42%|####2     | 211/500 [00:54<01:13,  3.92it/s]
 42%|####2     | 212/500 [00:54<01:13,  3.94it/s]
 43%|####2     | 213/500 [00:54<01:12,  3.95it/s]
 43%|####2     | 214/500 [00:54<01:12,  3.95it/s]
 43%|####3     | 215/500 [00:55<01:11,  3.96it/s]
 43%|####3     | 216/500 [00:55<01:11,  3.98it/s]
 43%|####3     | 217/500 [00:55<01:11,  3.98it/s]
 44%|####3     | 218/500 [00:55<01:10,  3.98it/s]
 44%|####3     | 219/500 [00:56<01:10,  3.98it/s]
 44%|####4     | 220/500 [00:56<01:10,  3.99it/s]
 44%|####4     | 221/500 [00:56<01:09,  4.02it/s]
 44%|####4     | 222/500 [00:56<01:09,  4.02it/s]
 45%|####4     | 223/500 [00:57<01:09,  4.01it/s]
 45%|####4     | 224/500 [00:57<01:08,  4.03it/s]
 45%|####5     | 225/500 [00:57<01:08,  4.03it/s]
 45%|####5     | 226/500 [00:57<01:08,  4.02it/s]
 45%|####5     | 227/500 [00:58<01:08,  4.01it/s]
 46%|####5     | 228/500 [00:58<01:07,  4.03it/s]
 46%|####5     | 229/500 [00:58<01:07,  4.02it/s]
 46%|####6     | 230/500 [00:58<01:06,  4.04it/s]
 46%|####6     | 231/500 [00:59<01:06,  4.02it/s]
 46%|####6     | 232/500 [00:59<01:06,  4.03it/s]
 47%|####6     | 233/500 [00:59<01:23,  3.18it/s]
 47%|####6     | 234/500 [01:00<01:17,  3.42it/s]
 47%|####6     | 235/500 [01:00<01:13,  3.61it/s]
 47%|####7     | 236/500 [01:00<01:10,  3.75it/s]
 47%|####7     | 237/500 [01:00<01:08,  3.82it/s]
 48%|####7     | 238/500 [01:01<01:07,  3.89it/s]
 48%|####7     | 239/500 [01:01<01:06,  3.94it/s]
 48%|####8     | 240/500 [01:01<01:05,  3.96it/s]
 48%|####8     | 241/500 [01:01<01:05,  3.98it/s]
 48%|####8     | 242/500 [01:02<01:04,  3.98it/s]
 49%|####8     | 243/500 [01:02<01:04,  4.00it/s]
 49%|####8     | 244/500 [01:02<01:03,  4.00it/s]
 49%|####9     | 245/500 [01:02<01:03,  4.01it/s]
 49%|####9     | 246/500 [01:03<01:03,  4.03it/s]
 49%|####9     | 247/500 [01:03<01:02,  4.04it/s]
 50%|####9     | 248/500 [01:03<01:02,  4.03it/s]
 50%|####9     | 249/500 [01:03<01:02,  4.01it/s]
 50%|#####     | 250/500 [01:04<01:02,  4.01it/s]
 50%|#####     | 251/500 [01:04<01:02,  4.02it/s]
 50%|#####     | 252/500 [01:04<01:01,  4.01it/s]
 51%|#####     | 253/500 [01:04<01:01,  4.01it/s]
 51%|#####     | 254/500 [01:05<01:01,  4.00it/s]
 51%|#####1    | 255/500 [01:05<01:01,  4.00it/s]
 51%|#####1    | 256/500 [01:05<01:01,  3.99it/s]
 51%|#####1    | 257/500 [01:05<01:00,  3.98it/s]
 52%|#####1    | 258/500 [01:06<01:00,  3.99it/s]
 52%|#####1    | 259/500 [01:06<01:00,  4.01it/s]
 52%|#####2    | 260/500 [01:06<00:59,  4.01it/s]
 52%|#####2    | 261/500 [01:06<00:59,  4.01it/s]
 52%|#####2    | 262/500 [01:07<01:14,  3.18it/s]
 53%|#####2    | 263/500 [01:07<01:09,  3.39it/s]
 53%|#####2    | 264/500 [01:07<01:06,  3.56it/s]
 53%|#####3    | 265/500 [01:08<01:03,  3.69it/s]
 53%|#####3    | 266/500 [01:08<01:01,  3.79it/s]
 53%|#####3    | 267/500 [01:08<01:00,  3.86it/s]
 54%|#####3    | 268/500 [01:08<00:59,  3.89it/s]
 54%|#####3    | 269/500 [01:09<00:58,  3.93it/s]
 54%|#####4    | 270/500 [01:09<00:58,  3.96it/s]
 54%|#####4    | 271/500 [01:09<00:57,  3.96it/s]
 54%|#####4    | 272/500 [01:09<00:57,  3.98it/s]
 55%|#####4    | 273/500 [01:10<00:57,  3.98it/s]
 55%|#####4    | 274/500 [01:10<00:56,  3.98it/s]
 55%|#####5    | 275/500 [01:10<00:56,  3.99it/s]
 55%|#####5    | 276/500 [01:10<00:55,  4.03it/s]
 55%|#####5    | 277/500 [01:11<00:55,  4.04it/s]
 56%|#####5    | 278/500 [01:11<00:54,  4.04it/s]
 56%|#####5    | 279/500 [01:11<00:54,  4.04it/s]
 56%|#####6    | 280/500 [01:11<00:54,  4.05it/s]
 56%|#####6    | 281/500 [01:12<00:54,  4.04it/s]
 56%|#####6    | 282/500 [01:12<00:53,  4.06it/s]
 57%|#####6    | 283/500 [01:12<00:53,  4.03it/s]
 57%|#####6    | 284/500 [01:12<00:53,  4.00it/s]
 57%|#####6    | 285/500 [01:13<00:53,  3.98it/s]
 57%|#####7    | 286/500 [01:13<00:53,  3.98it/s]
 57%|#####7    | 287/500 [01:13<00:53,  3.98it/s]
 58%|#####7    | 288/500 [01:13<00:53,  3.98it/s]
 58%|#####7    | 289/500 [01:14<00:53,  3.97it/s]
 58%|#####8    | 290/500 [01:14<00:52,  3.98it/s]
 58%|#####8    | 291/500 [01:14<01:06,  3.15it/s]
 58%|#####8    | 292/500 [01:15<01:01,  3.38it/s]
 59%|#####8    | 293/500 [01:15<00:58,  3.56it/s]
 59%|#####8    | 294/500 [01:15<00:55,  3.69it/s]
 59%|#####8    | 295/500 [01:15<00:54,  3.78it/s]
 59%|#####9    | 296/500 [01:15<00:52,  3.87it/s]
 59%|#####9    | 297/500 [01:16<00:51,  3.91it/s]
 60%|#####9    | 298/500 [01:16<00:51,  3.95it/s]
 60%|#####9    | 299/500 [01:16<00:50,  3.97it/s]
 60%|######    | 300/500 [01:16<00:50,  3.99it/s]
 60%|######    | 301/500 [01:17<00:49,  4.01it/s]
 60%|######    | 302/500 [01:17<00:49,  4.03it/s]
 61%|######    | 303/500 [01:17<00:48,  4.03it/s]
 61%|######    | 304/500 [01:17<00:48,  4.03it/s]
 61%|######1   | 305/500 [01:18<00:48,  4.04it/s]
 61%|######1   | 306/500 [01:18<00:47,  4.05it/s]
 61%|######1   | 307/500 [01:18<00:47,  4.04it/s]
 62%|######1   | 308/500 [01:18<00:47,  4.06it/s]
 62%|######1   | 309/500 [01:19<00:47,  4.06it/s]
 62%|######2   | 310/500 [01:19<00:46,  4.05it/s]
 62%|######2   | 311/500 [01:19<00:46,  4.04it/s]
 62%|######2   | 312/500 [01:19<00:46,  4.04it/s]
 63%|######2   | 313/500 [01:20<00:46,  4.03it/s]
 63%|######2   | 314/500 [01:20<00:46,  4.03it/s]
 63%|######3   | 315/500 [01:20<00:45,  4.04it/s]
 63%|######3   | 316/500 [01:20<00:45,  4.06it/s]
 63%|######3   | 317/500 [01:21<00:45,  4.06it/s]
 64%|######3   | 318/500 [01:21<00:44,  4.06it/s]
 64%|######3   | 319/500 [01:21<00:44,  4.06it/s]
 64%|######4   | 320/500 [01:22<00:56,  3.16it/s]
 64%|######4   | 321/500 [01:22<00:52,  3.38it/s]
 64%|######4   | 322/500 [01:22<00:50,  3.55it/s]
 65%|######4   | 323/500 [01:22<00:48,  3.69it/s]
 65%|######4   | 324/500 [01:23<00:46,  3.78it/s]
 65%|######5   | 325/500 [01:23<00:45,  3.88it/s]
 65%|######5   | 326/500 [01:23<00:44,  3.93it/s]
 65%|######5   | 327/500 [01:23<00:43,  3.96it/s]
 66%|######5   | 328/500 [01:24<00:43,  3.98it/s]
 66%|######5   | 329/500 [01:24<00:42,  3.99it/s]
 66%|######6   | 330/500 [01:24<00:42,  4.00it/s]
 66%|######6   | 331/500 [01:24<00:42,  4.02it/s]
 66%|######6   | 332/500 [01:25<00:41,  4.02it/s]
 67%|######6   | 333/500 [01:25<00:41,  4.02it/s]
 67%|######6   | 334/500 [01:25<00:41,  4.02it/s]
 67%|######7   | 335/500 [01:25<00:41,  4.02it/s]
 67%|######7   | 336/500 [01:26<00:40,  4.03it/s]
 67%|######7   | 337/500 [01:26<00:40,  4.03it/s]
 68%|######7   | 338/500 [01:26<00:40,  4.03it/s]
 68%|######7   | 339/500 [01:26<00:39,  4.03it/s]
 68%|######8   | 340/500 [01:27<00:39,  4.02it/s]
 68%|######8   | 341/500 [01:27<00:39,  4.02it/s]
 68%|######8   | 342/500 [01:27<00:39,  4.01it/s]
 69%|######8   | 343/500 [01:27<00:39,  4.01it/s]
 69%|######8   | 344/500 [01:28<00:38,  4.00it/s]
 69%|######9   | 345/500 [01:28<00:38,  4.01it/s]
 69%|######9   | 346/500 [01:28<00:38,  4.04it/s]
 69%|######9   | 347/500 [01:28<00:37,  4.05it/s]
 70%|######9   | 348/500 [01:29<00:37,  4.06it/s]
 70%|######9   | 349/500 [01:29<00:46,  3.22it/s]
 70%|#######   | 350/500 [01:29<00:43,  3.42it/s]
 70%|#######   | 351/500 [01:30<00:41,  3.59it/s]
 70%|#######   | 352/500 [01:30<00:39,  3.72it/s]
 71%|#######   | 353/500 [01:30<00:38,  3.82it/s]
 71%|#######   | 354/500 [01:30<00:37,  3.91it/s]
 71%|#######1  | 355/500 [01:31<00:36,  3.96it/s]
 71%|#######1  | 356/500 [01:31<00:36,  3.98it/s]
 71%|#######1  | 357/500 [01:31<00:35,  3.98it/s]
 72%|#######1  | 358/500 [01:31<00:35,  3.99it/s]
 72%|#######1  | 359/500 [01:32<00:35,  3.99it/s]
 72%|#######2  | 360/500 [01:32<00:35,  3.99it/s]
 72%|#######2  | 361/500 [01:32<00:34,  4.00it/s]
 72%|#######2  | 362/500 [01:32<00:34,  4.00it/s]
 73%|#######2  | 363/500 [01:33<00:34,  4.00it/s]
 73%|#######2  | 364/500 [01:33<00:34,  3.99it/s]
 73%|#######3  | 365/500 [01:33<00:33,  3.99it/s]
 73%|#######3  | 366/500 [01:33<00:33,  3.99it/s]
 73%|#######3  | 367/500 [01:34<00:33,  3.98it/s]
 74%|#######3  | 368/500 [01:34<00:33,  3.97it/s]
 74%|#######3  | 369/500 [01:34<00:32,  3.98it/s]
 74%|#######4  | 370/500 [01:34<00:32,  4.00it/s]
 74%|#######4  | 371/500 [01:35<00:32,  4.01it/s]
 74%|#######4  | 372/500 [01:35<00:31,  4.00it/s]
 75%|#######4  | 373/500 [01:35<00:31,  4.00it/s]
 75%|#######4  | 374/500 [01:35<00:31,  4.02it/s]
 75%|#######5  | 375/500 [01:36<00:31,  4.02it/s]
 75%|#######5  | 376/500 [01:36<00:30,  4.02it/s]
 75%|#######5  | 377/500 [01:36<00:30,  4.01it/s]
 76%|#######5  | 378/500 [01:36<00:38,  3.18it/s]
 76%|#######5  | 379/500 [01:37<00:35,  3.41it/s]
 76%|#######6  | 380/500 [01:37<00:33,  3.58it/s]
 76%|#######6  | 381/500 [01:37<00:31,  3.73it/s]
 76%|#######6  | 382/500 [01:37<00:31,  3.81it/s]
 77%|#######6  | 383/500 [01:38<00:30,  3.86it/s]
 77%|#######6  | 384/500 [01:38<00:29,  3.91it/s]
 77%|#######7  | 385/500 [01:38<00:29,  3.95it/s]
 77%|#######7  | 386/500 [01:38<00:28,  3.98it/s]
 77%|#######7  | 387/500 [01:39<00:28,  3.99it/s]
 78%|#######7  | 388/500 [01:39<00:27,  4.00it/s]
 78%|#######7  | 389/500 [01:39<00:27,  4.01it/s]
 78%|#######8  | 390/500 [01:39<00:27,  4.00it/s]
 78%|#######8  | 391/500 [01:40<00:27,  4.01it/s]
 78%|#######8  | 392/500 [01:40<00:26,  4.01it/s]
 79%|#######8  | 393/500 [01:40<00:26,  4.02it/s]
 79%|#######8  | 394/500 [01:40<00:26,  4.02it/s]
 79%|#######9  | 395/500 [01:41<00:26,  4.00it/s]
 79%|#######9  | 396/500 [01:41<00:25,  4.00it/s]
 79%|#######9  | 397/500 [01:41<00:25,  4.01it/s]
 80%|#######9  | 398/500 [01:41<00:25,  4.04it/s]
 80%|#######9  | 399/500 [01:42<00:25,  4.03it/s]
 80%|########  | 400/500 [01:42<00:24,  4.01it/s]
 80%|########  | 401/500 [01:42<00:24,  4.01it/s]
 80%|########  | 402/500 [01:42<00:24,  4.00it/s]
 81%|########  | 403/500 [01:43<00:24,  4.01it/s]
 81%|########  | 404/500 [01:43<00:23,  4.02it/s]
 81%|########1 | 405/500 [01:43<00:23,  4.05it/s]
 81%|########1 | 406/500 [01:43<00:23,  4.05it/s]
 81%|########1 | 407/500 [01:44<00:29,  3.20it/s]
 82%|########1 | 408/500 [01:44<00:26,  3.44it/s]
 82%|########1 | 409/500 [01:44<00:25,  3.60it/s]
 82%|########2 | 410/500 [01:45<00:24,  3.72it/s]
 82%|########2 | 411/500 [01:45<00:23,  3.82it/s]
 82%|########2 | 412/500 [01:45<00:22,  3.89it/s]
 83%|########2 | 413/500 [01:45<00:22,  3.93it/s]
 83%|########2 | 414/500 [01:46<00:21,  3.96it/s]
 83%|########2 | 415/500 [01:46<00:21,  3.98it/s]
 83%|########3 | 416/500 [01:46<00:21,  4.00it/s]
 83%|########3 | 417/500 [01:46<00:20,  4.00it/s]
 84%|########3 | 418/500 [01:47<00:20,  4.01it/s]
 84%|########3 | 419/500 [01:47<00:20,  4.01it/s]
 84%|########4 | 420/500 [01:47<00:19,  4.02it/s]
 84%|########4 | 421/500 [01:47<00:19,  4.03it/s]
 84%|########4 | 422/500 [01:48<00:19,  4.03it/s]
 85%|########4 | 423/500 [01:48<00:19,  4.02it/s]
 85%|########4 | 424/500 [01:48<00:18,  4.02it/s]
 85%|########5 | 425/500 [01:48<00:18,  4.02it/s]
 85%|########5 | 426/500 [01:49<00:18,  4.01it/s]
 85%|########5 | 427/500 [01:49<00:18,  4.01it/s]
 86%|########5 | 428/500 [01:49<00:17,  4.01it/s]
 86%|########5 | 429/500 [01:49<00:17,  4.00it/s]
 86%|########6 | 430/500 [01:50<00:17,  4.00it/s]
 86%|########6 | 431/500 [01:50<00:17,  4.00it/s]
 86%|########6 | 432/500 [01:50<00:16,  4.01it/s]
 87%|########6 | 433/500 [01:50<00:16,  4.02it/s]
 87%|########6 | 434/500 [01:51<00:16,  4.02it/s]
 87%|########7 | 435/500 [01:51<00:16,  4.01it/s]
 87%|########7 | 436/500 [01:51<00:20,  3.19it/s]
 87%|########7 | 437/500 [01:52<00:18,  3.41it/s]
 88%|########7 | 438/500 [01:52<00:17,  3.56it/s]
 88%|########7 | 439/500 [01:52<00:16,  3.70it/s]
 88%|########8 | 440/500 [01:52<00:15,  3.79it/s]
 88%|########8 | 441/500 [01:53<00:15,  3.85it/s]
 88%|########8 | 442/500 [01:53<00:14,  3.90it/s]
 89%|########8 | 443/500 [01:53<00:14,  3.94it/s]
 89%|########8 | 444/500 [01:53<00:14,  3.96it/s]
 89%|########9 | 445/500 [01:54<00:13,  3.96it/s]
 89%|########9 | 446/500 [01:54<00:13,  3.97it/s]
 89%|########9 | 447/500 [01:54<00:13,  4.00it/s]
 90%|########9 | 448/500 [01:54<00:12,  4.03it/s]
 90%|########9 | 449/500 [01:55<00:12,  4.05it/s]
 90%|######### | 450/500 [01:55<00:12,  4.05it/s]
 90%|######### | 451/500 [01:55<00:12,  4.04it/s]
 90%|######### | 452/500 [01:55<00:11,  4.02it/s]
 91%|######### | 453/500 [01:56<00:11,  4.02it/s]
 91%|######### | 454/500 [01:56<00:11,  4.02it/s]
 91%|#########1| 455/500 [01:56<00:11,  4.04it/s]
 91%|#########1| 456/500 [01:56<00:10,  4.05it/s]
 91%|#########1| 457/500 [01:57<00:10,  4.04it/s]
 92%|#########1| 458/500 [01:57<00:10,  4.02it/s]
 92%|#########1| 459/500 [01:57<00:10,  4.02it/s]
 92%|#########2| 460/500 [01:57<00:09,  4.03it/s]
 92%|#########2| 461/500 [01:58<00:09,  4.04it/s]
 92%|#########2| 462/500 [01:58<00:09,  4.03it/s]
 93%|#########2| 463/500 [01:58<00:09,  4.04it/s]
 93%|#########2| 464/500 [01:58<00:08,  4.04it/s]
 93%|#########3| 465/500 [01:59<00:10,  3.19it/s]
 93%|#########3| 466/500 [01:59<00:09,  3.41it/s]
 93%|#########3| 467/500 [01:59<00:09,  3.57it/s]
 94%|#########3| 468/500 [01:59<00:08,  3.70it/s]
 94%|#########3| 469/500 [02:00<00:08,  3.78it/s]
 94%|#########3| 470/500 [02:00<00:07,  3.83it/s]
 94%|#########4| 471/500 [02:00<00:07,  3.88it/s]
 94%|#########4| 472/500 [02:00<00:07,  3.91it/s]
 95%|#########4| 473/500 [02:01<00:06,  3.94it/s]
 95%|#########4| 474/500 [02:01<00:06,  3.95it/s]
 95%|#########5| 475/500 [02:01<00:06,  3.96it/s]
 95%|#########5| 476/500 [02:01<00:06,  3.97it/s]
 95%|#########5| 477/500 [02:02<00:05,  4.00it/s]
 96%|#########5| 478/500 [02:02<00:05,  4.01it/s]
 96%|#########5| 479/500 [02:02<00:05,  4.03it/s]
 96%|#########6| 480/500 [02:02<00:04,  4.02it/s]
 96%|#########6| 481/500 [02:03<00:04,  4.01it/s]
 96%|#########6| 482/500 [02:03<00:04,  4.03it/s]
 97%|#########6| 483/500 [02:03<00:04,  4.02it/s]
 97%|#########6| 484/500 [02:03<00:03,  4.02it/s]
 97%|#########7| 485/500 [02:04<00:03,  4.01it/s]
 97%|#########7| 486/500 [02:04<00:03,  4.04it/s]
 97%|#########7| 487/500 [02:04<00:03,  4.05it/s]
 98%|#########7| 488/500 [02:04<00:02,  4.03it/s]
 98%|#########7| 489/500 [02:05<00:02,  4.02it/s]
 98%|#########8| 490/500 [02:05<00:02,  4.01it/s]
 98%|#########8| 491/500 [02:05<00:02,  4.01it/s]
 98%|#########8| 492/500 [02:05<00:01,  4.01it/s]
 99%|#########8| 493/500 [02:06<00:01,  4.01it/s]
 99%|#########8| 494/500 [02:06<00:01,  3.13it/s]
 99%|#########9| 495/500 [02:06<00:01,  3.37it/s]
 99%|#########9| 496/500 [02:07<00:01,  3.56it/s]
 99%|#########9| 497/500 [02:07<00:00,  3.70it/s]
100%|#########9| 498/500 [02:07<00:00,  3.81it/s]
100%|#########9| 499/500 [02:07<00:00,  3.87it/s]
100%|##########| 500/500 [02:08<00:00,  3.91it/s]
100%|##########| 500/500 [02:08<00:00,  3.90it/s]
Train Epoch 37
{
    "Loss": 0.007351092529948801,
    "Optimizer/policy0_lr": 0.00010000000000000003,
    "Policy_Grad_Norms": 0.03869037599883428,
    "Time_Data_Loading": 0.09842081069946289,
    "Time_Epoch": 2.1368146022160848,
    "Time_Log_Info": 0.024472292264302573,
    "Time_Process_Batch": 0.7501399159431458,
    "Time_Train_Batch": 1.2359909653663634
}

Epoch 37 Memory Usage: 2298 MB


  0%|          | 0/500 [00:00<?, ?it/s]
  0%|          | 1/500 [00:00<03:12,  2.59it/s]
  0%|          | 2/500 [00:00<02:31,  3.30it/s]
  1%|          | 3/500 [00:00<02:17,  3.62it/s]
  1%|          | 4/500 [00:01<02:11,  3.76it/s]
  1%|1         | 5/500 [00:01<02:07,  3.87it/s]
  1%|1         | 6/500 [00:01<02:06,  3.89it/s]
  1%|1         | 7/500 [00:01<02:05,  3.93it/s]
  2%|1         | 8/500 [00:02<02:03,  3.98it/s]
  2%|1         | 9/500 [00:02<02:03,  3.99it/s]
  2%|2         | 10/500 [00:02<02:02,  3.99it/s]
  2%|2         | 11/500 [00:02<02:02,  3.99it/s]
  2%|2         | 12/500 [00:03<02:02,  4.00it/s]
  3%|2         | 13/500 [00:03<02:01,  4.00it/s]
  3%|2         | 14/500 [00:03<02:01,  4.00it/s]
  3%|3         | 15/500 [00:03<02:00,  4.03it/s]
  3%|3         | 16/500 [00:04<01:59,  4.04it/s]
  3%|3         | 17/500 [00:04<01:59,  4.03it/s]
  4%|3         | 18/500 [00:04<01:59,  4.03it/s]
  4%|3         | 19/500 [00:04<01:59,  4.03it/s]
  4%|4         | 20/500 [00:05<01:58,  4.04it/s]
  4%|4         | 21/500 [00:05<01:58,  4.04it/s]
  4%|4         | 22/500 [00:05<01:58,  4.04it/s]
  5%|4         | 23/500 [00:05<01:58,  4.03it/s]
  5%|4         | 24/500 [00:06<01:57,  4.05it/s]
  5%|5         | 25/500 [00:06<01:57,  4.05it/s]
  5%|5         | 26/500 [00:06<01:56,  4.06it/s]
  5%|5         | 27/500 [00:06<01:56,  4.05it/s]
  6%|5         | 28/500 [00:07<01:56,  4.03it/s]
  6%|5         | 29/500 [00:07<01:56,  4.03it/s]
  6%|6         | 30/500 [00:07<02:26,  3.21it/s]
  6%|6         | 31/500 [00:08<02:17,  3.42it/s]
  6%|6         | 32/500 [00:08<02:10,  3.59it/s]
  7%|6         | 33/500 [00:08<02:06,  3.69it/s]
  7%|6         | 34/500 [00:08<02:03,  3.77it/s]
  7%|7         | 35/500 [00:09<02:01,  3.83it/s]
  7%|7         | 36/500 [00:09<01:59,  3.87it/s]
  7%|7         | 37/500 [00:09<01:58,  3.90it/s]
  8%|7         | 38/500 [00:09<01:57,  3.93it/s]
  8%|7         | 39/500 [00:10<01:56,  3.96it/s]
  8%|8         | 40/500 [00:10<01:55,  4.00it/s]
  8%|8         | 41/500 [00:10<01:54,  4.01it/s]
  8%|8         | 42/500 [00:10<01:54,  4.01it/s]
  9%|8         | 43/500 [00:11<01:53,  4.01it/s]
  9%|8         | 44/500 [00:11<01:53,  4.00it/s]
  9%|9         | 45/500 [00:11<01:53,  4.00it/s]
  9%|9         | 46/500 [00:11<01:53,  4.00it/s]
  9%|9         | 47/500 [00:12<01:52,  4.02it/s]
 10%|9         | 48/500 [00:12<01:51,  4.04it/s]
 10%|9         | 49/500 [00:12<01:51,  4.04it/s]
 10%|#         | 50/500 [00:12<01:51,  4.05it/s]
 10%|#         | 51/500 [00:13<01:51,  4.04it/s]
 10%|#         | 52/500 [00:13<01:51,  4.03it/s]
 11%|#         | 53/500 [00:13<01:50,  4.03it/s]
 11%|#         | 54/500 [00:13<01:50,  4.03it/s]
 11%|#1        | 55/500 [00:14<01:50,  4.04it/s]
 11%|#1        | 56/500 [00:14<01:49,  4.04it/s]
 11%|#1        | 57/500 [00:14<01:49,  4.04it/s]
 12%|#1        | 58/500 [00:14<01:49,  4.04it/s]
 12%|#1        | 59/500 [00:15<02:17,  3.21it/s]
 12%|#2        | 60/500 [00:15<02:08,  3.42it/s]
 12%|#2        | 61/500 [00:15<02:02,  3.58it/s]
 12%|#2        | 62/500 [00:15<01:58,  3.70it/s]
 13%|#2        | 63/500 [00:16<01:55,  3.78it/s]
 13%|#2        | 64/500 [00:16<01:53,  3.84it/s]
 13%|#3        | 65/500 [00:16<01:52,  3.88it/s]
 13%|#3        | 66/500 [00:16<01:51,  3.91it/s]
 13%|#3        | 67/500 [00:17<01:50,  3.93it/s]
 14%|#3        | 68/500 [00:17<01:49,  3.94it/s]
 14%|#3        | 69/500 [00:17<01:48,  3.96it/s]
 14%|#4        | 70/500 [00:17<01:48,  3.96it/s]
 14%|#4        | 71/500 [00:18<01:48,  3.96it/s]
 14%|#4        | 72/500 [00:18<01:47,  3.97it/s]
 15%|#4        | 73/500 [00:18<01:47,  3.99it/s]
 15%|#4        | 74/500 [00:18<01:46,  3.99it/s]
 15%|#5        | 75/500 [00:19<01:46,  3.99it/s]
 15%|#5        | 76/500 [00:19<01:46,  3.99it/s]
 15%|#5        | 77/500 [00:19<01:44,  4.04it/s]
 16%|#5        | 78/500 [00:19<01:44,  4.04it/s]
 16%|#5        | 79/500 [00:20<01:44,  4.03it/s]
 16%|#6        | 80/500 [00:20<01:44,  4.02it/s]
 16%|#6        | 81/500 [00:20<01:44,  4.03it/s]
 16%|#6        | 82/500 [00:20<01:44,  4.01it/s]
 17%|#6        | 83/500 [00:21<01:44,  4.00it/s]
 17%|#6        | 84/500 [00:21<01:44,  4.00it/s]
 17%|#7        | 85/500 [00:21<01:43,  4.00it/s]
 17%|#7        | 86/500 [00:21<01:43,  3.99it/s]
 17%|#7        | 87/500 [00:22<01:43,  4.00it/s]
 18%|#7        | 88/500 [00:22<02:08,  3.20it/s]
 18%|#7        | 89/500 [00:22<02:00,  3.41it/s]
 18%|#8        | 90/500 [00:23<01:54,  3.58it/s]
 18%|#8        | 91/500 [00:23<01:50,  3.70it/s]
 18%|#8        | 92/500 [00:23<01:47,  3.79it/s]
 19%|#8        | 93/500 [00:23<01:45,  3.85it/s]
 19%|#8        | 94/500 [00:24<01:44,  3.89it/s]
 19%|#9        | 95/500 [00:24<01:43,  3.93it/s]
 19%|#9        | 96/500 [00:24<01:41,  3.98it/s]
 19%|#9        | 97/500 [00:24<01:40,  4.00it/s]
 20%|#9        | 98/500 [00:25<01:40,  4.00it/s]
 20%|#9        | 99/500 [00:25<01:40,  3.99it/s]
 20%|##        | 100/500 [00:25<01:40,  3.99it/s]
 20%|##        | 101/500 [00:25<01:39,  4.00it/s]
 20%|##        | 102/500 [00:26<01:39,  3.99it/s]
 21%|##        | 103/500 [00:26<01:39,  3.99it/s]
 21%|##        | 104/500 [00:26<01:39,  3.99it/s]
 21%|##1       | 105/500 [00:26<01:38,  4.00it/s]
 21%|##1       | 106/500 [00:27<01:38,  4.00it/s]
 21%|##1       | 107/500 [00:27<01:38,  3.98it/s]
 22%|##1       | 108/500 [00:27<01:38,  3.98it/s]
 22%|##1       | 109/500 [00:27<01:37,  4.00it/s]
 22%|##2       | 110/500 [00:28<01:37,  3.99it/s]
 22%|##2       | 111/500 [00:28<01:37,  3.98it/s]
 22%|##2       | 112/500 [00:28<01:37,  3.98it/s]
 23%|##2       | 113/500 [00:28<01:37,  3.99it/s]
 23%|##2       | 114/500 [00:29<01:36,  3.99it/s]
 23%|##3       | 115/500 [00:29<01:36,  3.99it/s]
 23%|##3       | 116/500 [00:29<01:36,  3.99it/s]
 23%|##3       | 117/500 [00:30<02:00,  3.18it/s]
 24%|##3       | 118/500 [00:30<01:52,  3.39it/s]
 24%|##3       | 119/500 [00:30<01:46,  3.56it/s]
 24%|##4       | 120/500 [00:30<01:42,  3.69it/s]
 24%|##4       | 121/500 [00:31<01:40,  3.78it/s]
 24%|##4       | 122/500 [00:31<01:38,  3.84it/s]
 25%|##4       | 123/500 [00:31<01:37,  3.89it/s]
 25%|##4       | 124/500 [00:31<01:35,  3.92it/s]
 25%|##5       | 125/500 [00:32<01:35,  3.93it/s]
 25%|##5       | 126/500 [00:32<01:34,  3.95it/s]
 25%|##5       | 127/500 [00:32<01:34,  3.95it/s]
 26%|##5       | 128/500 [00:32<01:33,  3.96it/s]
 26%|##5       | 129/500 [00:33<01:33,  3.97it/s]
 26%|##6       | 130/500 [00:33<01:33,  3.96it/s]
 26%|##6       | 131/500 [00:33<01:33,  3.96it/s]
 26%|##6       | 132/500 [00:33<01:32,  3.97it/s]
 27%|##6       | 133/500 [00:34<01:32,  3.97it/s]
 27%|##6       | 134/500 [00:34<01:31,  4.00it/s]
 27%|##7       | 135/500 [00:34<01:31,  4.00it/s]
 27%|##7       | 136/500 [00:34<01:30,  4.02it/s]
 27%|##7       | 137/500 [00:35<01:30,  4.01it/s]
 28%|##7       | 138/500 [00:35<01:30,  4.00it/s]
 28%|##7       | 139/500 [00:35<01:30,  3.99it/s]
 28%|##8       | 140/500 [00:35<01:29,  4.00it/s]
 28%|##8       | 141/500 [00:36<01:29,  4.02it/s]
 28%|##8       | 142/500 [00:36<01:28,  4.04it/s]
 29%|##8       | 143/500 [00:36<01:27,  4.06it/s]
 29%|##8       | 144/500 [00:36<01:27,  4.08it/s]
 29%|##9       | 145/500 [00:37<01:27,  4.07it/s]
 29%|##9       | 146/500 [00:37<01:49,  3.22it/s]
 29%|##9       | 147/500 [00:37<01:42,  3.45it/s]
 30%|##9       | 148/500 [00:38<01:36,  3.63it/s]
 30%|##9       | 149/500 [00:38<01:33,  3.76it/s]
 30%|###       | 150/500 [00:38<01:31,  3.84it/s]
 30%|###       | 151/500 [00:38<01:29,  3.90it/s]
 30%|###       | 152/500 [00:39<01:28,  3.94it/s]
 31%|###       | 153/500 [00:39<01:27,  3.97it/s]
 31%|###       | 154/500 [00:39<01:26,  3.99it/s]
 31%|###1      | 155/500 [00:39<01:26,  4.00it/s]
 31%|###1      | 156/500 [00:40<01:26,  3.99it/s]
 31%|###1      | 157/500 [00:40<01:25,  4.00it/s]
 32%|###1      | 158/500 [00:40<01:25,  4.00it/s]
 32%|###1      | 159/500 [00:40<01:25,  4.00it/s]
 32%|###2      | 160/500 [00:41<01:25,  3.98it/s]
 32%|###2      | 161/500 [00:41<01:25,  3.98it/s]
 32%|###2      | 162/500 [00:41<01:25,  3.98it/s]
 33%|###2      | 163/500 [00:41<01:24,  3.98it/s]
 33%|###2      | 164/500 [00:42<01:24,  3.98it/s]
 33%|###3      | 165/500 [00:42<01:24,  3.97it/s]
 33%|###3      | 166/500 [00:42<01:24,  3.97it/s]
 33%|###3      | 167/500 [00:42<01:23,  3.99it/s]
 34%|###3      | 168/500 [00:43<01:23,  3.98it/s]
 34%|###3      | 169/500 [00:43<01:23,  3.97it/s]
 34%|###4      | 170/500 [00:43<01:23,  3.97it/s]
 34%|###4      | 171/500 [00:43<01:22,  3.99it/s]
 34%|###4      | 172/500 [00:44<01:22,  3.99it/s]
 35%|###4      | 173/500 [00:44<01:21,  4.00it/s]
 35%|###4      | 174/500 [00:44<01:21,  4.00it/s]
 35%|###5      | 175/500 [00:45<01:42,  3.17it/s]
 35%|###5      | 176/500 [00:45<01:35,  3.39it/s]
 35%|###5      | 177/500 [00:45<01:30,  3.56it/s]
 36%|###5      | 178/500 [00:45<01:27,  3.68it/s]
 36%|###5      | 179/500 [00:46<01:25,  3.77it/s]
 36%|###6      | 180/500 [00:46<01:23,  3.83it/s]
 36%|###6      | 181/500 [00:46<01:22,  3.88it/s]
 36%|###6      | 182/500 [00:46<01:21,  3.92it/s]
 37%|###6      | 183/500 [00:47<01:20,  3.94it/s]
 37%|###6      | 184/500 [00:47<01:19,  3.96it/s]
 37%|###7      | 185/500 [00:47<01:19,  3.97it/s]
 37%|###7      | 186/500 [00:47<01:18,  3.98it/s]
 37%|###7      | 187/500 [00:48<01:18,  3.98it/s]
 38%|###7      | 188/500 [00:48<01:18,  3.98it/s]
 38%|###7      | 189/500 [00:48<01:18,  3.99it/s]
 38%|###8      | 190/500 [00:48<01:17,  3.99it/s]
 38%|###8      | 191/500 [00:49<01:17,  3.98it/s]
 38%|###8      | 192/500 [00:49<01:16,  4.00it/s]
 39%|###8      | 193/500 [00:49<01:16,  4.01it/s]
 39%|###8      | 194/500 [00:49<01:16,  4.01it/s]
 39%|###9      | 195/500 [00:50<01:16,  4.01it/s]
 39%|###9      | 196/500 [00:50<01:15,  4.01it/s]
 39%|###9      | 197/500 [00:50<01:15,  4.02it/s]
 40%|###9      | 198/500 [00:50<01:15,  4.02it/s]
 40%|###9      | 199/500 [00:51<01:14,  4.02it/s]
 40%|####      | 200/500 [00:51<01:14,  4.02it/s]
 40%|####      | 201/500 [00:51<01:14,  4.02it/s]
 40%|####      | 202/500 [00:51<01:14,  4.01it/s]
 41%|####      | 203/500 [00:52<01:14,  4.01it/s]
 41%|####      | 204/500 [00:52<01:32,  3.19it/s]
 41%|####1     | 205/500 [00:52<01:26,  3.41it/s]
 41%|####1     | 206/500 [00:52<01:22,  3.57it/s]
 41%|####1     | 207/500 [00:53<01:19,  3.69it/s]
 42%|####1     | 208/500 [00:53<01:17,  3.78it/s]
 42%|####1     | 209/500 [00:53<01:15,  3.85it/s]
 42%|####2     | 210/500 [00:53<01:14,  3.89it/s]
 42%|####2     | 211/500 [00:54<01:13,  3.91it/s]
 42%|####2     | 212/500 [00:54<01:13,  3.94it/s]
 43%|####2     | 213/500 [00:54<01:12,  3.95it/s]
 43%|####2     | 214/500 [00:54<01:12,  3.97it/s]
 43%|####3     | 215/500 [00:55<01:11,  3.98it/s]
 43%|####3     | 216/500 [00:55<01:11,  3.98it/s]
 43%|####3     | 217/500 [00:55<01:11,  3.98it/s]
 44%|####3     | 218/500 [00:55<01:10,  3.99it/s]
 44%|####3     | 219/500 [00:56<01:10,  3.99it/s]
 44%|####4     | 220/500 [00:56<01:10,  3.99it/s]
 44%|####4     | 221/500 [00:56<01:10,  3.98it/s]
 44%|####4     | 222/500 [00:56<01:09,  4.00it/s]
 45%|####4     | 223/500 [00:57<01:09,  4.00it/s]
 45%|####4     | 224/500 [00:57<01:09,  3.99it/s]
 45%|####5     | 225/500 [00:57<01:08,  4.01it/s]
 45%|####5     | 226/500 [00:57<01:08,  4.01it/s]
 45%|####5     | 227/500 [00:58<01:08,  3.99it/s]
 46%|####5     | 228/500 [00:58<01:08,  3.99it/s]
 46%|####5     | 229/500 [00:58<01:07,  4.00it/s]
 46%|####6     | 230/500 [00:58<01:07,  4.00it/s]
 46%|####6     | 231/500 [00:59<01:07,  4.00it/s]
 46%|####6     | 232/500 [00:59<01:06,  4.00it/s]
 47%|####6     | 233/500 [00:59<01:23,  3.19it/s]
 47%|####6     | 234/500 [01:00<01:18,  3.41it/s]
 47%|####6     | 235/500 [01:00<01:13,  3.59it/s]
 47%|####7     | 236/500 [01:00<01:10,  3.73it/s]
 47%|####7     | 237/500 [01:00<01:08,  3.83it/s]
 48%|####7     | 238/500 [01:01<01:07,  3.88it/s]
 48%|####7     | 239/500 [01:01<01:06,  3.95it/s]
 48%|####8     | 240/500 [01:01<01:05,  3.97it/s]
 48%|####8     | 241/500 [01:01<01:04,  4.00it/s]
 48%|####8     | 242/500 [01:02<01:04,  4.00it/s]
 49%|####8     | 243/500 [01:02<01:04,  4.00it/s]
 49%|####8     | 244/500 [01:02<01:03,  4.00it/s]
 49%|####9     | 245/500 [01:02<01:03,  3.99it/s]
 49%|####9     | 246/500 [01:03<01:03,  4.01it/s]
 49%|####9     | 247/500 [01:03<01:03,  3.99it/s]
 50%|####9     | 248/500 [01:03<01:03,  3.98it/s]
 50%|####9     | 249/500 [01:03<01:03,  3.98it/s]
 50%|#####     | 250/500 [01:04<01:02,  3.99it/s]
 50%|#####     | 251/500 [01:04<01:02,  3.98it/s]
 50%|#####     | 252/500 [01:04<01:02,  3.98it/s]
 51%|#####     | 253/500 [01:04<01:01,  4.00it/s]
 51%|#####     | 254/500 [01:05<01:01,  3.99it/s]
 51%|#####1    | 255/500 [01:05<01:01,  4.01it/s]
 51%|#####1    | 256/500 [01:05<01:00,  4.02it/s]
 51%|#####1    | 257/500 [01:05<01:00,  4.03it/s]
 52%|#####1    | 258/500 [01:06<01:00,  4.02it/s]
 52%|#####1    | 259/500 [01:06<01:00,  4.01it/s]
 52%|#####2    | 260/500 [01:06<00:59,  4.01it/s]
 52%|#####2    | 261/500 [01:06<00:59,  4.02it/s]
 52%|#####2    | 262/500 [01:07<01:14,  3.19it/s]
 53%|#####2    | 263/500 [01:07<01:09,  3.41it/s]
 53%|#####2    | 264/500 [01:07<01:05,  3.58it/s]
 53%|#####3    | 265/500 [01:08<01:03,  3.71it/s]
 53%|#####3    | 266/500 [01:08<01:01,  3.79it/s]
 53%|#####3    | 267/500 [01:08<01:00,  3.87it/s]
 54%|#####3    | 268/500 [01:08<00:59,  3.93it/s]
 54%|#####3    | 269/500 [01:09<00:58,  3.96it/s]
 54%|#####4    | 270/500 [01:09<00:57,  3.99it/s]
 54%|#####4    | 271/500 [01:09<00:57,  4.00it/s]
 54%|#####4    | 272/500 [01:09<00:56,  4.01it/s]
 55%|#####4    | 273/500 [01:10<00:56,  4.01it/s]
 55%|#####4    | 274/500 [01:10<00:56,  4.01it/s]
 55%|#####5    | 275/500 [01:10<00:56,  4.01it/s]
 55%|#####5    | 276/500 [01:10<00:55,  4.03it/s]
 55%|#####5    | 277/500 [01:11<00:55,  4.03it/s]
 56%|#####5    | 278/500 [01:11<00:55,  4.03it/s]
 56%|#####5    | 279/500 [01:11<00:55,  4.02it/s]
 56%|#####6    | 280/500 [01:11<00:54,  4.02it/s]
 56%|#####6    | 281/500 [01:12<00:54,  4.02it/s]
 56%|#####6    | 282/500 [01:12<00:54,  4.02it/s]
 57%|#####6    | 283/500 [01:12<00:53,  4.02it/s]
 57%|#####6    | 284/500 [01:12<00:53,  4.02it/s]
 57%|#####6    | 285/500 [01:13<00:53,  4.01it/s]
 57%|#####7    | 286/500 [01:13<00:53,  4.01it/s]
 57%|#####7    | 287/500 [01:13<00:53,  4.02it/s]
 58%|#####7    | 288/500 [01:13<00:52,  4.02it/s]
 58%|#####7    | 289/500 [01:14<00:52,  4.05it/s]
 58%|#####8    | 290/500 [01:14<00:51,  4.07it/s]
 58%|#####8    | 291/500 [01:14<01:05,  3.20it/s]
 58%|#####8    | 292/500 [01:15<01:00,  3.42it/s]
 59%|#####8    | 293/500 [01:15<00:57,  3.59it/s]
 59%|#####8    | 294/500 [01:15<00:55,  3.70it/s]
 59%|#####8    | 295/500 [01:15<00:54,  3.78it/s]
 59%|#####9    | 296/500 [01:16<00:52,  3.86it/s]
 59%|#####9    | 297/500 [01:16<00:52,  3.90it/s]
 60%|#####9    | 298/500 [01:16<00:51,  3.93it/s]
 60%|#####9    | 299/500 [01:16<00:50,  3.95it/s]
 60%|######    | 300/500 [01:17<00:50,  3.97it/s]
 60%|######    | 301/500 [01:17<00:50,  3.98it/s]
 60%|######    | 302/500 [01:17<00:49,  3.98it/s]
 61%|######    | 303/500 [01:17<00:49,  3.98it/s]
 61%|######    | 304/500 [01:18<00:49,  3.98it/s]
 61%|######1   | 305/500 [01:18<00:48,  3.99it/s]
 61%|######1   | 306/500 [01:18<00:48,  3.99it/s]
 61%|######1   | 307/500 [01:18<00:48,  4.00it/s]
 62%|######1   | 308/500 [01:19<00:47,  4.00it/s]
 62%|######1   | 309/500 [01:19<00:47,  3.99it/s]
 62%|######2   | 310/500 [01:19<00:47,  3.99it/s]
 62%|######2   | 311/500 [01:19<00:47,  3.98it/s]
 62%|######2   | 312/500 [01:20<00:47,  3.97it/s]
 63%|######2   | 313/500 [01:20<00:46,  3.99it/s]
 63%|######2   | 314/500 [01:20<00:46,  4.01it/s]
 63%|######3   | 315/500 [01:20<00:46,  4.00it/s]
 63%|######3   | 316/500 [01:21<00:45,  4.00it/s]
 63%|######3   | 317/500 [01:21<00:45,  4.00it/s]
 64%|######3   | 318/500 [01:21<00:45,  4.01it/s]
 64%|######3   | 319/500 [01:21<00:45,  4.02it/s]
 64%|######4   | 320/500 [01:22<00:56,  3.21it/s]
 64%|######4   | 321/500 [01:22<00:52,  3.43it/s]
 64%|######4   | 322/500 [01:22<00:49,  3.59it/s]
 65%|######4   | 323/500 [01:22<00:47,  3.70it/s]
 65%|######4   | 324/500 [01:23<00:46,  3.80it/s]
 65%|######5   | 325/500 [01:23<00:45,  3.85it/s]
 65%|######5   | 326/500 [01:23<00:44,  3.90it/s]
 65%|######5   | 327/500 [01:23<00:44,  3.92it/s]
 66%|######5   | 328/500 [01:24<00:43,  3.93it/s]
 66%|######5   | 329/500 [01:24<00:43,  3.94it/s]
 66%|######6   | 330/500 [01:24<00:43,  3.95it/s]
 66%|######6   | 331/500 [01:24<00:42,  3.96it/s]
 66%|######6   | 332/500 [01:25<00:42,  3.97it/s]
 67%|######6   | 333/500 [01:25<00:41,  3.98it/s]
 67%|######6   | 334/500 [01:25<00:41,  3.98it/s]
 67%|######7   | 335/500 [01:25<00:41,  3.97it/s]
 67%|######7   | 336/500 [01:26<00:41,  3.98it/s]
 67%|######7   | 337/500 [01:26<00:40,  3.98it/s]
 68%|######7   | 338/500 [01:26<00:40,  3.98it/s]
 68%|######7   | 339/500 [01:26<00:40,  3.98it/s]
 68%|######8   | 340/500 [01:27<00:40,  3.97it/s]
 68%|######8   | 341/500 [01:27<00:40,  3.97it/s]
 68%|######8   | 342/500 [01:27<00:39,  3.97it/s]
 69%|######8   | 343/500 [01:27<00:39,  3.97it/s]
 69%|######8   | 344/500 [01:28<00:39,  3.96it/s]
 69%|######9   | 345/500 [01:28<00:39,  3.97it/s]
 69%|######9   | 346/500 [01:28<00:38,  3.98it/s]
 69%|######9   | 347/500 [01:28<00:38,  3.98it/s]
 70%|######9   | 348/500 [01:29<00:38,  3.99it/s]
 70%|######9   | 349/500 [01:29<00:47,  3.17it/s]
 70%|#######   | 350/500 [01:29<00:44,  3.39it/s]
 70%|#######   | 351/500 [01:30<00:41,  3.55it/s]
 70%|#######   | 352/500 [01:30<00:40,  3.69it/s]
 71%|#######   | 353/500 [01:30<00:38,  3.79it/s]
 71%|#######   | 354/500 [01:30<00:37,  3.85it/s]
 71%|#######1  | 355/500 [01:31<00:37,  3.89it/s]
 71%|#######1  | 356/500 [01:31<00:36,  3.93it/s]
 71%|#######1  | 357/500 [01:31<00:36,  3.95it/s]
 72%|#######1  | 358/500 [01:31<00:35,  3.95it/s]
 72%|#######1  | 359/500 [01:32<00:35,  3.99it/s]
 72%|#######2  | 360/500 [01:32<00:35,  3.98it/s]
 72%|#######2  | 361/500 [01:32<00:34,  3.97it/s]
 72%|#######2  | 362/500 [01:32<00:34,  3.97it/s]
 73%|#######2  | 363/500 [01:33<00:34,  3.99it/s]
 73%|#######2  | 364/500 [01:33<00:34,  4.00it/s]
 73%|#######3  | 365/500 [01:33<00:33,  4.00it/s]
 73%|#######3  | 366/500 [01:33<00:33,  3.99it/s]
 73%|#######3  | 367/500 [01:34<00:33,  3.98it/s]
 74%|#######3  | 368/500 [01:34<00:33,  4.00it/s]
 74%|#######3  | 369/500 [01:34<00:32,  4.02it/s]
 74%|#######4  | 370/500 [01:34<00:32,  4.03it/s]
 74%|#######4  | 371/500 [01:35<00:31,  4.04it/s]
 74%|#######4  | 372/500 [01:35<00:31,  4.05it/s]
 75%|#######4  | 373/500 [01:35<00:31,  4.03it/s]
 75%|#######4  | 374/500 [01:35<00:31,  4.02it/s]
 75%|#######5  | 375/500 [01:36<00:31,  4.02it/s]
 75%|#######5  | 376/500 [01:36<00:30,  4.02it/s]
 75%|#######5  | 377/500 [01:36<00:30,  4.02it/s]
 76%|#######5  | 378/500 [01:37<00:38,  3.15it/s]
 76%|#######5  | 379/500 [01:37<00:35,  3.37it/s]
 76%|#######6  | 380/500 [01:37<00:33,  3.56it/s]
 76%|#######6  | 381/500 [01:37<00:32,  3.71it/s]
 76%|#######6  | 382/500 [01:38<00:31,  3.79it/s]
 77%|#######6  | 383/500 [01:38<00:30,  3.87it/s]
 77%|#######6  | 384/500 [01:38<00:29,  3.91it/s]
 77%|#######7  | 385/500 [01:38<00:29,  3.94it/s]
 77%|#######7  | 386/500 [01:39<00:28,  3.97it/s]
 77%|#######7  | 387/500 [01:39<00:28,  4.00it/s]
 78%|#######7  | 388/500 [01:39<00:27,  4.00it/s]
 78%|#######7  | 389/500 [01:39<00:27,  4.00it/s]
 78%|#######8  | 390/500 [01:40<00:27,  4.01it/s]
 78%|#######8  | 391/500 [01:40<00:27,  4.03it/s]
 78%|#######8  | 392/500 [01:40<00:26,  4.03it/s]
 79%|#######8  | 393/500 [01:40<00:26,  4.03it/s]
 79%|#######8  | 394/500 [01:41<00:26,  4.03it/s]
 79%|#######9  | 395/500 [01:41<00:26,  4.03it/s]
 79%|#######9  | 396/500 [01:41<00:25,  4.03it/s]
 79%|#######9  | 397/500 [01:41<00:25,  4.03it/s]
 80%|#######9  | 398/500 [01:42<00:25,  4.04it/s]
 80%|#######9  | 399/500 [01:42<00:24,  4.06it/s]
 80%|########  | 400/500 [01:42<00:24,  4.06it/s]
 80%|########  | 401/500 [01:42<00:24,  4.06it/s]
 80%|########  | 402/500 [01:43<00:24,  4.05it/s]
 81%|########  | 403/500 [01:43<00:23,  4.07it/s]
 81%|########  | 404/500 [01:43<00:23,  4.06it/s]
 81%|########1 | 405/500 [01:43<00:23,  4.06it/s]
 81%|########1 | 406/500 [01:44<00:23,  4.06it/s]
 81%|########1 | 407/500 [01:44<00:28,  3.21it/s]
 82%|########1 | 408/500 [01:44<00:26,  3.44it/s]
 82%|########1 | 409/500 [01:45<00:25,  3.60it/s]
 82%|########2 | 410/500 [01:45<00:23,  3.75it/s]
 82%|########2 | 411/500 [01:45<00:23,  3.85it/s]
 82%|########2 | 412/500 [01:45<00:22,  3.92it/s]
 83%|########2 | 413/500 [01:46<00:21,  3.97it/s]
 83%|########2 | 414/500 [01:46<00:21,  3.99it/s]
 83%|########2 | 415/500 [01:46<00:21,  4.02it/s]
 83%|########3 | 416/500 [01:46<00:20,  4.04it/s]
 83%|########3 | 417/500 [01:46<00:20,  4.05it/s]
 84%|########3 | 418/500 [01:47<00:20,  4.04it/s]
 84%|########3 | 419/500 [01:47<00:20,  4.05it/s]
 84%|########4 | 420/500 [01:47<00:19,  4.04it/s]
 84%|########4 | 421/500 [01:47<00:19,  4.03it/s]
 84%|########4 | 422/500 [01:48<00:19,  4.03it/s]
 85%|########4 | 423/500 [01:48<00:19,  4.02it/s]
 85%|########4 | 424/500 [01:48<00:18,  4.02it/s]
 85%|########5 | 425/500 [01:48<00:18,  4.02it/s]
 85%|########5 | 426/500 [01:49<00:18,  4.03it/s]
 85%|########5 | 427/500 [01:49<00:18,  4.04it/s]
 86%|########5 | 428/500 [01:49<00:17,  4.04it/s]
 86%|########5 | 429/500 [01:49<00:17,  4.03it/s]
 86%|########6 | 430/500 [01:50<00:17,  4.03it/s]
 86%|########6 | 431/500 [01:50<00:17,  4.03it/s]
 86%|########6 | 432/500 [01:50<00:16,  4.02it/s]
 87%|########6 | 433/500 [01:50<00:16,  4.02it/s]
 87%|########6 | 434/500 [01:51<00:16,  4.02it/s]
 87%|########7 | 435/500 [01:51<00:16,  4.02it/s]
 87%|########7 | 436/500 [01:51<00:20,  3.15it/s]
 87%|########7 | 437/500 [01:52<00:18,  3.39it/s]
 88%|########7 | 438/500 [01:52<00:17,  3.57it/s]
 88%|########7 | 439/500 [01:52<00:16,  3.70it/s]
 88%|########8 | 440/500 [01:52<00:15,  3.81it/s]
 88%|########8 | 441/500 [01:53<00:15,  3.87it/s]
 88%|########8 | 442/500 [01:53<00:14,  3.92it/s]
 89%|########8 | 443/500 [01:53<00:14,  3.98it/s]
 89%|########8 | 444/500 [01:53<00:14,  3.99it/s]
 89%|########9 | 445/500 [01:54<00:13,  4.02it/s]
 89%|########9 | 446/500 [01:54<00:13,  4.05it/s]
 89%|########9 | 447/500 [01:54<00:13,  4.04it/s]
 90%|########9 | 448/500 [01:54<00:12,  4.03it/s]
 90%|########9 | 449/500 [01:55<00:12,  4.01it/s]
 90%|######### | 450/500 [01:55<00:12,  4.03it/s]
 90%|######### | 451/500 [01:55<00:12,  4.02it/s]
 90%|######### | 452/500 [01:55<00:11,  4.01it/s]
 91%|######### | 453/500 [01:56<00:11,  4.01it/s]
 91%|######### | 454/500 [01:56<00:11,  4.01it/s]
 91%|#########1| 455/500 [01:56<00:11,  4.01it/s]
 91%|#########1| 456/500 [01:56<00:10,  4.01it/s]
 91%|#########1| 457/500 [01:57<00:10,  4.00it/s]
 92%|#########1| 458/500 [01:57<00:10,  4.01it/s]
 92%|#########1| 459/500 [01:57<00:10,  4.00it/s]
 92%|#########2| 460/500 [01:57<00:09,  4.00it/s]
 92%|#########2| 461/500 [01:58<00:09,  4.01it/s]
 92%|#########2| 462/500 [01:58<00:09,  4.02it/s]
 93%|#########2| 463/500 [01:58<00:09,  4.02it/s]
 93%|#########2| 464/500 [01:58<00:08,  4.01it/s]
 93%|#########3| 465/500 [01:59<00:10,  3.21it/s]
 93%|#########3| 466/500 [01:59<00:09,  3.41it/s]
 93%|#########3| 467/500 [01:59<00:09,  3.57it/s]
 94%|#########3| 468/500 [02:00<00:08,  3.70it/s]
 94%|#########3| 469/500 [02:00<00:08,  3.79it/s]
 94%|#########3| 470/500 [02:00<00:07,  3.85it/s]
 94%|#########4| 471/500 [02:00<00:07,  3.89it/s]
 94%|#########4| 472/500 [02:01<00:07,  3.95it/s]
 95%|#########4| 473/500 [02:01<00:06,  3.99it/s]
 95%|#########4| 474/500 [02:01<00:06,  4.02it/s]
 95%|#########5| 475/500 [02:01<00:06,  4.01it/s]
 95%|#########5| 476/500 [02:02<00:05,  4.02it/s]
 95%|#########5| 477/500 [02:02<00:05,  4.03it/s]
 96%|#########5| 478/500 [02:02<00:05,  4.03it/s]
 96%|#########5| 479/500 [02:02<00:05,  4.03it/s]
 96%|#########6| 480/500 [02:03<00:04,  4.03it/s]
 96%|#########6| 481/500 [02:03<00:04,  4.03it/s]
 96%|#########6| 482/500 [02:03<00:04,  4.01it/s]
 97%|#########6| 483/500 [02:03<00:04,  4.01it/s]
 97%|#########6| 484/500 [02:04<00:03,  4.01it/s]
 97%|#########7| 485/500 [02:04<00:03,  4.02it/s]
 97%|#########7| 486/500 [02:04<00:03,  4.02it/s]
 97%|#########7| 487/500 [02:04<00:03,  4.01it/s]
 98%|#########7| 488/500 [02:05<00:02,  4.00it/s]
 98%|#########7| 489/500 [02:05<00:02,  4.02it/s]
 98%|#########8| 490/500 [02:05<00:02,  4.01it/s]
 98%|#########8| 491/500 [02:05<00:02,  4.01it/s]
 98%|#########8| 492/500 [02:06<00:01,  4.01it/s]
 99%|#########8| 493/500 [02:06<00:01,  4.02it/s]
 99%|#########8| 494/500 [02:06<00:01,  3.17it/s]
 99%|#########9| 495/500 [02:07<00:01,  3.41it/s]
 99%|#########9| 496/500 [02:07<00:01,  3.58it/s]
 99%|#########9| 497/500 [02:07<00:00,  3.70it/s]
100%|#########9| 498/500 [02:07<00:00,  3.79it/s]
100%|#########9| 499/500 [02:08<00:00,  3.86it/s]
100%|##########| 500/500 [02:08<00:00,  3.91it/s]
100%|##########| 500/500 [02:08<00:00,  3.90it/s]
Train Epoch 38
{
    "Loss": 0.007561023185960948,
    "Optimizer/policy0_lr": 0.00010000000000000003,
    "Policy_Grad_Norms": 0.039629083924796395,
    "Time_Data_Loading": 0.09848161538441975,
    "Time_Epoch": 2.1382585128148395,
    "Time_Log_Info": 0.024604431788126626,
    "Time_Process_Batch": 0.7526349147160848,
    "Time_Train_Batch": 1.2358104268709817
}

Epoch 38 Memory Usage: 2298 MB


  0%|          | 0/500 [00:00<?, ?it/s]
  0%|          | 1/500 [00:00<03:10,  2.62it/s]
  0%|          | 2/500 [00:00<02:29,  3.33it/s]
  1%|          | 3/500 [00:00<02:17,  3.63it/s]
  1%|          | 4/500 [00:01<02:11,  3.77it/s]
  1%|1         | 5/500 [00:01<02:08,  3.84it/s]
  1%|1         | 6/500 [00:01<02:06,  3.92it/s]
  1%|1         | 7/500 [00:01<02:04,  3.97it/s]
  2%|1         | 8/500 [00:02<02:03,  3.99it/s]
  2%|1         | 9/500 [00:02<02:03,  3.99it/s]
  2%|2         | 10/500 [00:02<02:02,  3.99it/s]
  2%|2         | 11/500 [00:02<02:02,  4.00it/s]
  2%|2         | 12/500 [00:03<02:02,  4.00it/s]
  3%|2         | 13/500 [00:03<02:01,  4.00it/s]
  3%|2         | 14/500 [00:03<02:01,  3.99it/s]
  3%|3         | 15/500 [00:03<02:01,  4.00it/s]
  3%|3         | 16/500 [00:04<02:01,  3.99it/s]
  3%|3         | 17/500 [00:04<02:01,  3.98it/s]
  4%|3         | 18/500 [00:04<02:00,  3.98it/s]
  4%|3         | 19/500 [00:04<02:00,  4.00it/s]
  4%|4         | 20/500 [00:05<01:59,  4.00it/s]
  4%|4         | 21/500 [00:05<01:59,  4.00it/s]
  4%|4         | 22/500 [00:05<01:59,  4.00it/s]
  5%|4         | 23/500 [00:05<01:58,  4.01it/s]
  5%|4         | 24/500 [00:06<01:58,  4.00it/s]
  5%|5         | 25/500 [00:06<01:58,  4.00it/s]
  5%|5         | 26/500 [00:06<01:58,  4.01it/s]
  5%|5         | 27/500 [00:06<01:57,  4.03it/s]
  6%|5         | 28/500 [00:07<01:57,  4.02it/s]
  6%|5         | 29/500 [00:07<01:56,  4.03it/s]
  6%|6         | 30/500 [00:07<02:26,  3.21it/s]
  6%|6         | 31/500 [00:08<02:16,  3.43it/s]
  6%|6         | 32/500 [00:08<02:10,  3.59it/s]
  7%|6         | 33/500 [00:08<02:06,  3.70it/s]
  7%|6         | 34/500 [00:08<02:02,  3.79it/s]
  7%|7         | 35/500 [00:09<02:00,  3.85it/s]
  7%|7         | 36/500 [00:09<01:59,  3.89it/s]
  7%|7         | 37/500 [00:09<01:58,  3.91it/s]
  8%|7         | 38/500 [00:09<01:57,  3.93it/s]
  8%|7         | 39/500 [00:10<01:56,  3.96it/s]
  8%|8         | 40/500 [00:10<01:55,  3.98it/s]
  8%|8         | 41/500 [00:10<01:55,  3.99it/s]
  8%|8         | 42/500 [00:10<01:54,  4.00it/s]
  9%|8         | 43/500 [00:11<01:53,  4.01it/s]
  9%|8         | 44/500 [00:11<01:53,  4.02it/s]
  9%|9         | 45/500 [00:11<01:53,  4.02it/s]
  9%|9         | 46/500 [00:11<01:52,  4.03it/s]
  9%|9         | 47/500 [00:12<01:52,  4.03it/s]
 10%|9         | 48/500 [00:12<01:52,  4.02it/s]
 10%|9         | 49/500 [00:12<01:52,  4.02it/s]
 10%|#         | 50/500 [00:12<01:52,  4.01it/s]
 10%|#         | 51/500 [00:13<01:52,  3.99it/s]
 10%|#         | 52/500 [00:13<01:52,  3.98it/s]
 11%|#         | 53/500 [00:13<01:51,  4.00it/s]
 11%|#         | 54/500 [00:13<01:51,  4.00it/s]
 11%|#1        | 55/500 [00:14<01:50,  4.01it/s]
 11%|#1        | 56/500 [00:14<01:50,  4.03it/s]
 11%|#1        | 57/500 [00:14<01:49,  4.04it/s]
 12%|#1        | 58/500 [00:14<01:49,  4.04it/s]
 12%|#1        | 59/500 [00:15<02:17,  3.20it/s]
 12%|#2        | 60/500 [00:15<02:08,  3.41it/s]
 12%|#2        | 61/500 [00:15<02:03,  3.57it/s]
 12%|#2        | 62/500 [00:15<01:58,  3.68it/s]
 13%|#2        | 63/500 [00:16<01:56,  3.76it/s]
 13%|#2        | 64/500 [00:16<01:53,  3.84it/s]
 13%|#3        | 65/500 [00:16<01:51,  3.90it/s]
 13%|#3        | 66/500 [00:16<01:50,  3.94it/s]
 13%|#3        | 67/500 [00:17<01:49,  3.96it/s]
 14%|#3        | 68/500 [00:17<01:48,  3.97it/s]
 14%|#3        | 69/500 [00:17<01:48,  3.98it/s]
 14%|#4        | 70/500 [00:17<01:47,  3.99it/s]
 14%|#4        | 71/500 [00:18<01:47,  3.98it/s]
 14%|#4        | 72/500 [00:18<01:47,  3.98it/s]
 15%|#4        | 73/500 [00:18<01:47,  3.98it/s]
 15%|#4        | 74/500 [00:18<01:47,  3.98it/s]
 15%|#5        | 75/500 [00:19<01:46,  3.98it/s]
 15%|#5        | 76/500 [00:19<01:46,  3.99it/s]
 15%|#5        | 77/500 [00:19<01:45,  3.99it/s]
 16%|#5        | 78/500 [00:19<01:45,  4.00it/s]
 16%|#5        | 79/500 [00:20<01:45,  3.99it/s]
 16%|#6        | 80/500 [00:20<01:45,  3.99it/s]
 16%|#6        | 81/500 [00:20<01:44,  3.99it/s]
 16%|#6        | 82/500 [00:21<01:44,  3.99it/s]
 17%|#6        | 83/500 [00:21<01:44,  3.99it/s]
 17%|#6        | 84/500 [00:21<01:43,  4.00it/s]
 17%|#7        | 85/500 [00:21<01:43,  4.01it/s]
 17%|#7        | 86/500 [00:21<01:43,  4.01it/s]
 17%|#7        | 87/500 [00:22<01:42,  4.02it/s]
 18%|#7        | 88/500 [00:22<02:09,  3.18it/s]
 18%|#7        | 89/500 [00:22<02:01,  3.39it/s]
 18%|#8        | 90/500 [00:23<01:55,  3.56it/s]
 18%|#8        | 91/500 [00:23<01:50,  3.69it/s]
 18%|#8        | 92/500 [00:23<01:47,  3.81it/s]
 19%|#8        | 93/500 [00:23<01:45,  3.87it/s]
 19%|#8        | 94/500 [00:24<01:43,  3.92it/s]
 19%|#9        | 95/500 [00:24<01:42,  3.95it/s]
 19%|#9        | 96/500 [00:24<01:41,  3.98it/s]
 19%|#9        | 97/500 [00:24<01:40,  4.00it/s]
 20%|#9        | 98/500 [00:25<01:40,  4.02it/s]
 20%|#9        | 99/500 [00:25<01:39,  4.02it/s]
 20%|##        | 100/500 [00:25<01:39,  4.03it/s]
 20%|##        | 101/500 [00:25<01:39,  4.03it/s]
 20%|##        | 102/500 [00:26<01:38,  4.03it/s]
 21%|##        | 103/500 [00:26<01:38,  4.03it/s]
 21%|##        | 104/500 [00:26<01:38,  4.04it/s]
 21%|##1       | 105/500 [00:26<01:37,  4.04it/s]
 21%|##1       | 106/500 [00:27<01:37,  4.04it/s]
 21%|##1       | 107/500 [00:27<01:37,  4.03it/s]
 22%|##1       | 108/500 [00:27<01:37,  4.03it/s]
 22%|##1       | 109/500 [00:27<01:37,  4.01it/s]
 22%|##2       | 110/500 [00:28<01:37,  4.01it/s]
 22%|##2       | 111/500 [00:28<01:37,  4.00it/s]
 22%|##2       | 112/500 [00:28<01:36,  4.01it/s]
 23%|##2       | 113/500 [00:28<01:36,  4.01it/s]
 23%|##2       | 114/500 [00:29<01:36,  4.01it/s]
 23%|##3       | 115/500 [00:29<01:36,  4.01it/s]
 23%|##3       | 116/500 [00:29<01:35,  4.02it/s]
 23%|##3       | 117/500 [00:30<02:00,  3.18it/s]
 24%|##3       | 118/500 [00:30<01:52,  3.41it/s]
 24%|##3       | 119/500 [00:30<01:46,  3.59it/s]
 24%|##4       | 120/500 [00:30<01:42,  3.72it/s]
 24%|##4       | 121/500 [00:31<01:39,  3.81it/s]
 24%|##4       | 122/500 [00:31<01:37,  3.89it/s]
 25%|##4       | 123/500 [00:31<01:35,  3.95it/s]
 25%|##4       | 124/500 [00:31<01:34,  3.99it/s]
 25%|##5       | 125/500 [00:32<01:33,  4.00it/s]
 25%|##5       | 126/500 [00:32<01:33,  4.00it/s]
 25%|##5       | 127/500 [00:32<01:33,  4.00it/s]
 26%|##5       | 128/500 [00:32<01:33,  4.00it/s]
 26%|##5       | 129/500 [00:33<01:32,  4.00it/s]
 26%|##6       | 130/500 [00:33<01:32,  3.99it/s]
 26%|##6       | 131/500 [00:33<01:32,  3.99it/s]
 26%|##6       | 132/500 [00:33<01:31,  4.00it/s]
 27%|##6       | 133/500 [00:34<01:31,  4.00it/s]
 27%|##6       | 134/500 [00:34<01:31,  3.99it/s]
 27%|##7       | 135/500 [00:34<01:30,  4.01it/s]
 27%|##7       | 136/500 [00:34<01:31,  3.99it/s]
 27%|##7       | 137/500 [00:35<01:31,  3.98it/s]
 28%|##7       | 138/500 [00:35<01:30,  3.98it/s]
 28%|##7       | 139/500 [00:35<01:30,  3.99it/s]
 28%|##8       | 140/500 [00:35<01:30,  3.99it/s]
 28%|##8       | 141/500 [00:36<01:30,  3.99it/s]
 28%|##8       | 142/500 [00:36<01:29,  3.98it/s]
 29%|##8       | 143/500 [00:36<01:28,  4.01it/s]
 29%|##8       | 144/500 [00:36<01:28,  4.01it/s]
 29%|##9       | 145/500 [00:37<01:28,  4.01it/s]
 29%|##9       | 146/500 [00:37<01:51,  3.17it/s]
 29%|##9       | 147/500 [00:37<01:43,  3.40it/s]
 30%|##9       | 148/500 [00:38<01:38,  3.56it/s]
 30%|##9       | 149/500 [00:38<01:35,  3.69it/s]
 30%|###       | 150/500 [00:38<01:32,  3.79it/s]
 30%|###       | 151/500 [00:38<01:30,  3.85it/s]
 30%|###       | 152/500 [00:39<01:29,  3.89it/s]
 31%|###       | 153/500 [00:39<01:28,  3.93it/s]
 31%|###       | 154/500 [00:39<01:27,  3.97it/s]
 31%|###1      | 155/500 [00:39<01:26,  3.98it/s]
 31%|###1      | 156/500 [00:40<01:26,  3.98it/s]
 31%|###1      | 157/500 [00:40<01:26,  3.99it/s]
 32%|###1      | 158/500 [00:40<01:26,  3.98it/s]
 32%|###1      | 159/500 [00:40<01:25,  3.98it/s]
 32%|###2      | 160/500 [00:41<01:25,  3.99it/s]
 32%|###2      | 161/500 [00:41<01:25,  3.98it/s]
 32%|###2      | 162/500 [00:41<01:24,  3.98it/s]
 33%|###2      | 163/500 [00:41<01:24,  3.99it/s]
 33%|###2      | 164/500 [00:42<01:24,  3.98it/s]
 33%|###3      | 165/500 [00:42<01:23,  4.01it/s]
 33%|###3      | 166/500 [00:42<01:22,  4.02it/s]
 33%|###3      | 167/500 [00:42<01:22,  4.02it/s]
 34%|###3      | 168/500 [00:43<01:22,  4.01it/s]
 34%|###3      | 169/500 [00:43<01:22,  3.99it/s]
 34%|###4      | 170/500 [00:43<01:22,  3.99it/s]
 34%|###4      | 171/500 [00:43<01:22,  4.01it/s]
 34%|###4      | 172/500 [00:44<01:21,  4.01it/s]
 35%|###4      | 173/500 [00:44<01:21,  4.01it/s]
 35%|###4      | 174/500 [00:44<01:21,  4.01it/s]
 35%|###5      | 175/500 [00:45<01:43,  3.15it/s]
 35%|###5      | 176/500 [00:45<01:35,  3.39it/s]
 35%|###5      | 177/500 [00:45<01:30,  3.57it/s]
 36%|###5      | 178/500 [00:45<01:27,  3.70it/s]
 36%|###5      | 179/500 [00:46<01:24,  3.79it/s]
 36%|###6      | 180/500 [00:46<01:22,  3.87it/s]
 36%|###6      | 181/500 [00:46<01:21,  3.92it/s]
 36%|###6      | 182/500 [00:46<01:20,  3.97it/s]
 37%|###6      | 183/500 [00:46<01:19,  4.00it/s]
 37%|###6      | 184/500 [00:47<01:18,  4.01it/s]
 37%|###7      | 185/500 [00:47<01:18,  4.03it/s]
 37%|###7      | 186/500 [00:47<01:17,  4.03it/s]
 37%|###7      | 187/500 [00:47<01:17,  4.04it/s]
 38%|###7      | 188/500 [00:48<01:17,  4.05it/s]
 38%|###7      | 189/500 [00:48<01:16,  4.06it/s]
 38%|###8      | 190/500 [00:48<01:16,  4.06it/s]
 38%|###8      | 191/500 [00:48<01:16,  4.05it/s]
 38%|###8      | 192/500 [00:49<01:16,  4.04it/s]
 39%|###8      | 193/500 [00:49<01:15,  4.07it/s]
 39%|###8      | 194/500 [00:49<01:15,  4.06it/s]
 39%|###9      | 195/500 [00:49<01:15,  4.05it/s]
 39%|###9      | 196/500 [00:50<01:14,  4.06it/s]
 39%|###9      | 197/500 [00:50<01:14,  4.08it/s]
 40%|###9      | 198/500 [00:50<01:14,  4.06it/s]
 40%|###9      | 199/500 [00:50<01:14,  4.05it/s]
 40%|####      | 200/500 [00:51<01:14,  4.05it/s]
 40%|####      | 201/500 [00:51<01:13,  4.06it/s]
 40%|####      | 202/500 [00:51<01:13,  4.04it/s]
 41%|####      | 203/500 [00:51<01:13,  4.04it/s]
 41%|####      | 204/500 [00:52<01:32,  3.20it/s]
 41%|####1     | 205/500 [00:52<01:26,  3.43it/s]
 41%|####1     | 206/500 [00:52<01:21,  3.59it/s]
 41%|####1     | 207/500 [00:53<01:19,  3.71it/s]
 42%|####1     | 208/500 [00:53<01:16,  3.79it/s]
 42%|####1     | 209/500 [00:53<01:15,  3.86it/s]
 42%|####2     | 210/500 [00:53<01:14,  3.90it/s]
 42%|####2     | 211/500 [00:54<01:13,  3.93it/s]
 42%|####2     | 212/500 [00:54<01:13,  3.94it/s]
 43%|####2     | 213/500 [00:54<01:12,  3.95it/s]
 43%|####2     | 214/500 [00:54<01:12,  3.96it/s]
 43%|####3     | 215/500 [00:55<01:11,  3.97it/s]
 43%|####3     | 216/500 [00:55<01:11,  3.97it/s]
 43%|####3     | 217/500 [00:55<01:11,  3.98it/s]
 44%|####3     | 218/500 [00:55<01:10,  3.99it/s]
 44%|####3     | 219/500 [00:56<01:10,  3.99it/s]
 44%|####4     | 220/500 [00:56<01:10,  3.99it/s]
 44%|####4     | 221/500 [00:56<01:09,  3.99it/s]
 44%|####4     | 222/500 [00:56<01:09,  3.99it/s]
 45%|####4     | 223/500 [00:57<01:09,  3.99it/s]
 45%|####4     | 224/500 [00:57<01:09,  3.99it/s]
 45%|####5     | 225/500 [00:57<01:08,  3.99it/s]
 45%|####5     | 226/500 [00:57<01:08,  3.99it/s]
 45%|####5     | 227/500 [00:58<01:08,  4.00it/s]
 46%|####5     | 228/500 [00:58<01:08,  3.99it/s]
 46%|####5     | 229/500 [00:58<01:07,  4.00it/s]
 46%|####6     | 230/500 [00:58<01:07,  4.01it/s]
 46%|####6     | 231/500 [00:59<01:06,  4.02it/s]
 46%|####6     | 232/500 [00:59<01:06,  4.01it/s]
 47%|####6     | 233/500 [00:59<01:23,  3.20it/s]
 47%|####6     | 234/500 [01:00<01:17,  3.42it/s]
 47%|####6     | 235/500 [01:00<01:14,  3.58it/s]
 47%|####7     | 236/500 [01:00<01:11,  3.71it/s]
 47%|####7     | 237/500 [01:00<01:09,  3.80it/s]
 48%|####7     | 238/500 [01:01<01:07,  3.87it/s]
 48%|####7     | 239/500 [01:01<01:06,  3.92it/s]
 48%|####8     | 240/500 [01:01<01:06,  3.93it/s]
 48%|####8     | 241/500 [01:01<01:05,  3.95it/s]
 48%|####8     | 242/500 [01:02<01:04,  3.98it/s]
 49%|####8     | 243/500 [01:02<01:04,  3.98it/s]
 49%|####8     | 244/500 [01:02<01:04,  3.98it/s]
 49%|####9     | 245/500 [01:02<01:03,  4.00it/s]
 49%|####9     | 246/500 [01:03<01:03,  4.03it/s]
 49%|####9     | 247/500 [01:03<01:02,  4.03it/s]
 50%|####9     | 248/500 [01:03<01:02,  4.02it/s]
 50%|####9     | 249/500 [01:03<01:02,  4.02it/s]
 50%|#####     | 250/500 [01:04<01:02,  4.03it/s]
 50%|#####     | 251/500 [01:04<01:01,  4.02it/s]
 50%|#####     | 252/500 [01:04<01:01,  4.02it/s]
 51%|#####     | 253/500 [01:04<01:01,  4.02it/s]
 51%|#####     | 254/500 [01:05<01:01,  4.03it/s]
 51%|#####1    | 255/500 [01:05<01:00,  4.02it/s]
 51%|#####1    | 256/500 [01:05<01:00,  4.02it/s]
 51%|#####1    | 257/500 [01:05<01:00,  4.01it/s]
 52%|#####1    | 258/500 [01:06<01:00,  4.02it/s]
 52%|#####1    | 259/500 [01:06<00:59,  4.02it/s]
 52%|#####2    | 260/500 [01:06<00:59,  4.01it/s]
 52%|#####2    | 261/500 [01:06<00:59,  4.01it/s]
 52%|#####2    | 262/500 [01:07<01:14,  3.19it/s]
 53%|#####2    | 263/500 [01:07<01:09,  3.42it/s]
 53%|#####2    | 264/500 [01:07<01:05,  3.59it/s]
 53%|#####3    | 265/500 [01:08<01:03,  3.71it/s]
 53%|#####3    | 266/500 [01:08<01:01,  3.80it/s]
 53%|#####3    | 267/500 [01:08<01:00,  3.86it/s]
 54%|#####3    | 268/500 [01:08<00:59,  3.90it/s]
 54%|#####3    | 269/500 [01:09<00:58,  3.93it/s]
 54%|#####4    | 270/500 [01:09<00:58,  3.96it/s]
 54%|#####4    | 271/500 [01:09<00:57,  3.97it/s]
 54%|#####4    | 272/500 [01:09<00:57,  3.98it/s]
 55%|#####4    | 273/500 [01:09<00:56,  4.00it/s]
 55%|#####4    | 274/500 [01:10<00:56,  4.00it/s]
 55%|#####5    | 275/500 [01:10<00:56,  4.00it/s]
 55%|#####5    | 276/500 [01:10<00:56,  3.99it/s]
 55%|#####5    | 277/500 [01:10<00:55,  4.00it/s]
 56%|#####5    | 278/500 [01:11<00:55,  3.99it/s]
 56%|#####5    | 279/500 [01:11<00:55,  3.98it/s]
 56%|#####6    | 280/500 [01:11<00:55,  3.99it/s]
 56%|#####6    | 281/500 [01:12<00:54,  3.99it/s]
 56%|#####6    | 282/500 [01:12<00:54,  3.99it/s]
 57%|#####6    | 283/500 [01:12<00:54,  3.99it/s]
 57%|#####6    | 284/500 [01:12<00:54,  4.00it/s]
 57%|#####6    | 285/500 [01:13<00:53,  4.00it/s]
 57%|#####7    | 286/500 [01:13<00:53,  3.99it/s]
 57%|#####7    | 287/500 [01:13<00:53,  4.00it/s]
 58%|#####7    | 288/500 [01:13<00:52,  4.01it/s]
 58%|#####7    | 289/500 [01:13<00:52,  4.03it/s]
 58%|#####8    | 290/500 [01:14<00:51,  4.04it/s]
 58%|#####8    | 291/500 [01:14<01:05,  3.20it/s]
 58%|#####8    | 292/500 [01:14<01:00,  3.43it/s]
 59%|#####8    | 293/500 [01:15<00:57,  3.59it/s]
 59%|#####8    | 294/500 [01:15<00:55,  3.71it/s]
 59%|#####8    | 295/500 [01:15<00:53,  3.81it/s]
 59%|#####9    | 296/500 [01:15<00:52,  3.88it/s]
 59%|#####9    | 297/500 [01:16<00:51,  3.92it/s]
 60%|#####9    | 298/500 [01:16<00:51,  3.96it/s]
 60%|#####9    | 299/500 [01:16<00:50,  3.99it/s]
 60%|######    | 300/500 [01:16<00:49,  4.00it/s]
 60%|######    | 301/500 [01:17<00:49,  4.01it/s]
 60%|######    | 302/500 [01:17<00:49,  4.01it/s]
 61%|######    | 303/500 [01:17<00:48,  4.02it/s]
 61%|######    | 304/500 [01:17<00:48,  4.02it/s]
 61%|######1   | 305/500 [01:18<00:48,  4.03it/s]
 61%|######1   | 306/500 [01:18<00:48,  4.04it/s]
 61%|######1   | 307/500 [01:18<00:47,  4.05it/s]
 62%|######1   | 308/500 [01:18<00:47,  4.06it/s]
 62%|######1   | 309/500 [01:19<00:46,  4.07it/s]
 62%|######2   | 310/500 [01:19<00:46,  4.07it/s]
 62%|######2   | 311/500 [01:19<00:46,  4.08it/s]
 62%|######2   | 312/500 [01:19<00:46,  4.06it/s]
 63%|######2   | 313/500 [01:20<00:46,  4.04it/s]
 63%|######2   | 314/500 [01:20<00:46,  4.04it/s]
 63%|######3   | 315/500 [01:20<00:45,  4.06it/s]
 63%|######3   | 316/500 [01:20<00:45,  4.06it/s]
 63%|######3   | 317/500 [01:21<00:45,  4.06it/s]
 64%|######3   | 318/500 [01:21<00:44,  4.06it/s]
 64%|######3   | 319/500 [01:21<00:44,  4.08it/s]
 64%|######4   | 320/500 [01:22<00:55,  3.23it/s]
 64%|######4   | 321/500 [01:22<00:51,  3.45it/s]
 64%|######4   | 322/500 [01:22<00:49,  3.63it/s]
 65%|######4   | 323/500 [01:22<00:47,  3.74it/s]
 65%|######4   | 324/500 [01:23<00:46,  3.81it/s]
 65%|######5   | 325/500 [01:23<00:45,  3.86it/s]
 65%|######5   | 326/500 [01:23<00:44,  3.91it/s]
 65%|######5   | 327/500 [01:23<00:44,  3.93it/s]
 66%|######5   | 328/500 [01:24<00:43,  3.94it/s]
 66%|######5   | 329/500 [01:24<00:43,  3.95it/s]
 66%|######6   | 330/500 [01:24<00:42,  3.97it/s]
 66%|######6   | 331/500 [01:24<00:42,  3.97it/s]
 66%|######6   | 332/500 [01:25<00:42,  3.96it/s]
 67%|######6   | 333/500 [01:25<00:42,  3.97it/s]
 67%|######6   | 334/500 [01:25<00:41,  3.98it/s]
 67%|######7   | 335/500 [01:25<00:41,  3.98it/s]
 67%|######7   | 336/500 [01:26<00:41,  3.97it/s]
 67%|######7   | 337/500 [01:26<00:41,  3.97it/s]
 68%|######7   | 338/500 [01:26<00:40,  3.97it/s]
 68%|######7   | 339/500 [01:26<00:40,  3.97it/s]
 68%|######8   | 340/500 [01:27<00:40,  3.98it/s]
 68%|######8   | 341/500 [01:27<00:39,  3.98it/s]
 68%|######8   | 342/500 [01:27<00:39,  3.97it/s]
 69%|######8   | 343/500 [01:27<00:39,  3.96it/s]
 69%|######8   | 344/500 [01:28<00:39,  3.99it/s]
 69%|######9   | 345/500 [01:28<00:38,  4.01it/s]
 69%|######9   | 346/500 [01:28<00:38,  4.00it/s]
 69%|######9   | 347/500 [01:28<00:38,  4.00it/s]
 70%|######9   | 348/500 [01:29<00:37,  4.01it/s]
 70%|######9   | 349/500 [01:29<00:48,  3.12it/s]
 70%|#######   | 350/500 [01:29<00:44,  3.36it/s]
 70%|#######   | 351/500 [01:30<00:42,  3.53it/s]
 70%|#######   | 352/500 [01:30<00:40,  3.66it/s]
 71%|#######   | 353/500 [01:30<00:39,  3.75it/s]
 71%|#######   | 354/500 [01:30<00:38,  3.81it/s]
 71%|#######1  | 355/500 [01:31<00:37,  3.87it/s]
 71%|#######1  | 356/500 [01:31<00:36,  3.93it/s]
 71%|#######1  | 357/500 [01:31<00:36,  3.96it/s]
 72%|#######1  | 358/500 [01:31<00:35,  3.98it/s]
 72%|#######1  | 359/500 [01:32<00:35,  3.99it/s]
 72%|#######2  | 360/500 [01:32<00:35,  4.00it/s]
 72%|#######2  | 361/500 [01:32<00:34,  4.02it/s]
 72%|#######2  | 362/500 [01:32<00:34,  4.02it/s]
 73%|#######2  | 363/500 [01:33<00:34,  4.02it/s]
 73%|#######2  | 364/500 [01:33<00:33,  4.01it/s]
 73%|#######3  | 365/500 [01:33<00:33,  4.01it/s]
 73%|#######3  | 366/500 [01:33<00:33,  4.00it/s]
 73%|#######3  | 367/500 [01:34<00:33,  4.00it/s]
 74%|#######3  | 368/500 [01:34<00:33,  3.99it/s]
 74%|#######3  | 369/500 [01:34<00:32,  3.98it/s]
 74%|#######4  | 370/500 [01:34<00:32,  3.98it/s]
 74%|#######4  | 371/500 [01:35<00:32,  3.98it/s]
 74%|#######4  | 372/500 [01:35<00:32,  3.97it/s]
 75%|#######4  | 373/500 [01:35<00:31,  3.97it/s]
 75%|#######4  | 374/500 [01:35<00:31,  3.98it/s]
 75%|#######5  | 375/500 [01:36<00:31,  3.99it/s]
 75%|#######5  | 376/500 [01:36<00:31,  3.99it/s]
 75%|#######5  | 377/500 [01:36<00:30,  3.99it/s]
 76%|#######5  | 378/500 [01:37<00:38,  3.16it/s]
 76%|#######5  | 379/500 [01:37<00:35,  3.39it/s]
 76%|#######6  | 380/500 [01:37<00:33,  3.56it/s]
 76%|#######6  | 381/500 [01:37<00:32,  3.67it/s]
 76%|#######6  | 382/500 [01:38<00:31,  3.76it/s]
 77%|#######6  | 383/500 [01:38<00:30,  3.83it/s]
 77%|#######6  | 384/500 [01:38<00:29,  3.87it/s]
 77%|#######7  | 385/500 [01:38<00:29,  3.90it/s]
 77%|#######7  | 386/500 [01:39<00:29,  3.91it/s]
 77%|#######7  | 387/500 [01:39<00:28,  3.93it/s]
 78%|#######7  | 388/500 [01:39<00:28,  3.97it/s]
 78%|#######7  | 389/500 [01:39<00:28,  3.96it/s]
 78%|#######8  | 390/500 [01:40<00:27,  3.97it/s]
 78%|#######8  | 391/500 [01:40<00:27,  3.99it/s]
 78%|#######8  | 392/500 [01:40<00:27,  3.99it/s]
 79%|#######8  | 393/500 [01:40<00:26,  3.99it/s]
 79%|#######8  | 394/500 [01:41<00:26,  3.99it/s]
 79%|#######9  | 395/500 [01:41<00:26,  4.00it/s]
 79%|#######9  | 396/500 [01:41<00:26,  3.99it/s]
 79%|#######9  | 397/500 [01:41<00:25,  4.00it/s]
 80%|#######9  | 398/500 [01:42<00:25,  3.98it/s]
 80%|#######9  | 399/500 [01:42<00:25,  3.99it/s]
 80%|########  | 400/500 [01:42<00:24,  4.00it/s]
 80%|########  | 401/500 [01:42<00:24,  4.01it/s]
 80%|########  | 402/500 [01:43<00:24,  4.01it/s]
 81%|########  | 403/500 [01:43<00:24,  4.02it/s]
 81%|########  | 404/500 [01:43<00:23,  4.01it/s]
 81%|########1 | 405/500 [01:43<00:23,  4.01it/s]
 81%|########1 | 406/500 [01:44<00:23,  4.01it/s]
 81%|########1 | 407/500 [01:44<00:29,  3.17it/s]
 82%|########1 | 408/500 [01:44<00:27,  3.39it/s]
 82%|########1 | 409/500 [01:44<00:25,  3.55it/s]
 82%|########2 | 410/500 [01:45<00:24,  3.69it/s]
 82%|########2 | 411/500 [01:45<00:23,  3.76it/s]
 82%|########2 | 412/500 [01:45<00:22,  3.83it/s]
 83%|########2 | 413/500 [01:45<00:22,  3.87it/s]
 83%|########2 | 414/500 [01:46<00:22,  3.91it/s]
 83%|########2 | 415/500 [01:46<00:21,  3.92it/s]
 83%|########3 | 416/500 [01:46<00:21,  3.93it/s]
 83%|########3 | 417/500 [01:47<00:21,  3.95it/s]
 84%|########3 | 418/500 [01:47<00:20,  3.98it/s]
 84%|########3 | 419/500 [01:47<00:20,  3.97it/s]
 84%|########4 | 420/500 [01:47<00:20,  3.98it/s]
 84%|########4 | 421/500 [01:48<00:19,  3.98it/s]
 84%|########4 | 422/500 [01:48<00:19,  3.98it/s]
 85%|########4 | 423/500 [01:48<00:19,  3.98it/s]
 85%|########4 | 424/500 [01:48<00:19,  3.98it/s]
 85%|########5 | 425/500 [01:49<00:18,  3.99it/s]
 85%|########5 | 426/500 [01:49<00:18,  3.99it/s]
 85%|########5 | 427/500 [01:49<00:18,  4.00it/s]
 86%|########5 | 428/500 [01:49<00:17,  4.01it/s]
 86%|########5 | 429/500 [01:50<00:17,  4.04it/s]
 86%|########6 | 430/500 [01:50<00:17,  4.04it/s]
 86%|########6 | 431/500 [01:50<00:17,  4.04it/s]
 86%|########6 | 432/500 [01:50<00:16,  4.06it/s]
 87%|########6 | 433/500 [01:50<00:16,  4.06it/s]
 87%|########6 | 434/500 [01:51<00:16,  4.07it/s]
 87%|########7 | 435/500 [01:51<00:15,  4.08it/s]
 87%|########7 | 436/500 [01:51<00:19,  3.24it/s]
 87%|########7 | 437/500 [01:52<00:18,  3.46it/s]
 88%|########7 | 438/500 [01:52<00:17,  3.62it/s]
 88%|########7 | 439/500 [01:52<00:16,  3.74it/s]
 88%|########8 | 440/500 [01:52<00:15,  3.81it/s]
 88%|########8 | 441/500 [01:53<00:15,  3.88it/s]
 88%|########8 | 442/500 [01:53<00:14,  3.91it/s]
 89%|########8 | 443/500 [01:53<00:14,  3.93it/s]
 89%|########8 | 444/500 [01:53<00:14,  3.94it/s]
 89%|########9 | 445/500 [01:54<00:13,  3.96it/s]
 89%|########9 | 446/500 [01:54<00:13,  3.96it/s]
 89%|########9 | 447/500 [01:54<00:13,  3.96it/s]
 90%|########9 | 448/500 [01:54<00:13,  3.97it/s]
 90%|########9 | 449/500 [01:55<00:12,  4.00it/s]
 90%|######### | 450/500 [01:55<00:12,  3.99it/s]
 90%|######### | 451/500 [01:55<00:12,  3.99it/s]
 90%|######### | 452/500 [01:55<00:12,  3.99it/s]
 91%|######### | 453/500 [01:56<00:11,  4.01it/s]
 91%|######### | 454/500 [01:56<00:11,  4.00it/s]
 91%|#########1| 455/500 [01:56<00:11,  3.98it/s]
 91%|#########1| 456/500 [01:56<00:11,  3.98it/s]
 91%|#########1| 457/500 [01:57<00:10,  3.98it/s]
 92%|#########1| 458/500 [01:57<00:10,  3.98it/s]
 92%|#########1| 459/500 [01:57<00:10,  3.98it/s]
 92%|#########2| 460/500 [01:57<00:10,  3.98it/s]
 92%|#########2| 461/500 [01:58<00:09,  4.01it/s]
 92%|#########2| 462/500 [01:58<00:09,  4.00it/s]
 93%|#########2| 463/500 [01:58<00:09,  3.99it/s]
 93%|#########2| 464/500 [01:58<00:09,  3.99it/s]
 93%|#########3| 465/500 [01:59<00:10,  3.19it/s]
 93%|#########3| 466/500 [01:59<00:09,  3.42it/s]
 93%|#########3| 467/500 [01:59<00:09,  3.59it/s]
 94%|#########3| 468/500 [02:00<00:08,  3.73it/s]
 94%|#########3| 469/500 [02:00<00:08,  3.82it/s]
 94%|#########3| 470/500 [02:00<00:07,  3.88it/s]
 94%|#########4| 471/500 [02:00<00:07,  3.92it/s]
 94%|#########4| 472/500 [02:01<00:07,  3.95it/s]
 95%|#########4| 473/500 [02:01<00:06,  3.96it/s]
 95%|#########4| 474/500 [02:01<00:06,  3.98it/s]
 95%|#########5| 475/500 [02:01<00:06,  3.99it/s]
 95%|#########5| 476/500 [02:02<00:05,  4.01it/s]
 95%|#########5| 477/500 [02:02<00:05,  4.00it/s]
 96%|#########5| 478/500 [02:02<00:05,  4.00it/s]
 96%|#########5| 479/500 [02:02<00:05,  4.01it/s]
 96%|#########6| 480/500 [02:03<00:04,  4.02it/s]
 96%|#########6| 481/500 [02:03<00:04,  4.02it/s]
 96%|#########6| 482/500 [02:03<00:04,  4.02it/s]
 97%|#########6| 483/500 [02:03<00:04,  4.01it/s]
 97%|#########6| 484/500 [02:04<00:03,  4.01it/s]
 97%|#########7| 485/500 [02:04<00:03,  4.00it/s]
 97%|#########7| 486/500 [02:04<00:03,  3.99it/s]
 97%|#########7| 487/500 [02:04<00:03,  4.00it/s]
 98%|#########7| 488/500 [02:05<00:03,  4.00it/s]
 98%|#########7| 489/500 [02:05<00:02,  3.99it/s]
 98%|#########8| 490/500 [02:05<00:02,  3.99it/s]
 98%|#########8| 491/500 [02:05<00:02,  4.00it/s]
 98%|#########8| 492/500 [02:06<00:01,  4.01it/s]
 99%|#########8| 493/500 [02:06<00:01,  4.01it/s]
 99%|#########8| 494/500 [02:06<00:01,  3.17it/s]
 99%|#########9| 495/500 [02:07<00:01,  3.40it/s]
 99%|#########9| 496/500 [02:07<00:01,  3.57it/s]
 99%|#########9| 497/500 [02:07<00:00,  3.71it/s]
100%|#########9| 498/500 [02:07<00:00,  3.81it/s]
100%|#########9| 499/500 [02:08<00:00,  3.88it/s]
100%|##########| 500/500 [02:08<00:00,  3.93it/s]
100%|##########| 500/500 [02:08<00:00,  3.90it/s]
Train Epoch 39
{
    "Loss": 0.007334077809937298,
    "Optimizer/policy0_lr": 0.00010000000000000003,
    "Policy_Grad_Norms": 0.03736817081010278,
    "Time_Data_Loading": 0.09839934508005778,
    "Time_Epoch": 2.1391899863878887,
    "Time_Log_Info": 0.024497505029042563,
    "Time_Process_Batch": 0.7534182270367941,
    "Time_Train_Batch": 1.2360811312993367
}

Epoch 39 Memory Usage: 2298 MB


  0%|          | 0/500 [00:00<?, ?it/s]
  0%|          | 1/500 [00:00<03:13,  2.58it/s]
  0%|          | 2/500 [00:00<02:30,  3.31it/s]
  1%|          | 3/500 [00:00<02:17,  3.60it/s]
  1%|          | 4/500 [00:01<02:12,  3.74it/s]
  1%|1         | 5/500 [00:01<02:09,  3.83it/s]
  1%|1         | 6/500 [00:01<02:07,  3.88it/s]
  1%|1         | 7/500 [00:01<02:05,  3.92it/s]
  2%|1         | 8/500 [00:02<02:04,  3.95it/s]
  2%|1         | 9/500 [00:02<02:03,  3.98it/s]
  2%|2         | 10/500 [00:02<02:02,  4.01it/s]
  2%|2         | 11/500 [00:02<02:02,  4.01it/s]
  2%|2         | 12/500 [00:03<02:01,  4.00it/s]
  3%|2         | 13/500 [00:03<02:01,  4.00it/s]
  3%|2         | 14/500 [00:03<02:01,  4.01it/s]
  3%|3         | 15/500 [00:03<02:00,  4.01it/s]
  3%|3         | 16/500 [00:04<02:00,  4.02it/s]
  3%|3         | 17/500 [00:04<02:00,  4.02it/s]
  4%|3         | 18/500 [00:04<01:59,  4.04it/s]
  4%|3         | 19/500 [00:04<01:59,  4.03it/s]
  4%|4         | 20/500 [00:05<01:59,  4.02it/s]
  4%|4         | 21/500 [00:05<01:59,  4.01it/s]
  4%|4         | 22/500 [00:05<01:59,  4.01it/s]
  5%|4         | 23/500 [00:05<01:58,  4.01it/s]
  5%|4         | 24/500 [00:06<01:58,  4.01it/s]
  5%|5         | 25/500 [00:06<01:58,  4.02it/s]
  5%|5         | 26/500 [00:06<01:57,  4.02it/s]
  5%|5         | 27/500 [00:06<01:57,  4.02it/s]
  6%|5         | 28/500 [00:07<01:57,  4.02it/s]
  6%|5         | 29/500 [00:07<01:56,  4.03it/s]
  6%|6         | 30/500 [00:07<02:26,  3.22it/s]
  6%|6         | 31/500 [00:08<02:16,  3.44it/s]
  6%|6         | 32/500 [00:08<02:09,  3.60it/s]
  7%|6         | 33/500 [00:08<02:05,  3.72it/s]
  7%|6         | 34/500 [00:08<02:02,  3.80it/s]
  7%|7         | 35/500 [00:09<02:00,  3.86it/s]
  7%|7         | 36/500 [00:09<01:58,  3.91it/s]
  7%|7         | 37/500 [00:09<01:57,  3.93it/s]
  8%|7         | 38/500 [00:09<01:56,  3.96it/s]
  8%|7         | 39/500 [00:10<01:55,  3.99it/s]
  8%|8         | 40/500 [00:10<01:54,  4.02it/s]
  8%|8         | 41/500 [00:10<01:54,  4.02it/s]
  8%|8         | 42/500 [00:10<01:54,  4.02it/s]
  9%|8         | 43/500 [00:11<01:53,  4.02it/s]
  9%|8         | 44/500 [00:11<01:53,  4.03it/s]
  9%|9         | 45/500 [00:11<01:52,  4.04it/s]
  9%|9         | 46/500 [00:11<01:52,  4.04it/s]
  9%|9         | 47/500 [00:12<01:52,  4.03it/s]
 10%|9         | 48/500 [00:12<01:52,  4.03it/s]
 10%|9         | 49/500 [00:12<01:51,  4.03it/s]
 10%|#         | 50/500 [00:12<01:51,  4.04it/s]
 10%|#         | 51/500 [00:13<01:50,  4.05it/s]
 10%|#         | 52/500 [00:13<01:50,  4.05it/s]
 11%|#         | 53/500 [00:13<01:50,  4.04it/s]
 11%|#         | 54/500 [00:13<01:50,  4.03it/s]
 11%|#1        | 55/500 [00:13<01:50,  4.04it/s]
 11%|#1        | 56/500 [00:14<01:49,  4.05it/s]
 11%|#1        | 57/500 [00:14<01:49,  4.05it/s]
 12%|#1        | 58/500 [00:14<01:49,  4.05it/s]
 12%|#1        | 59/500 [00:15<02:17,  3.22it/s]
 12%|#2        | 60/500 [00:15<02:07,  3.45it/s]
 12%|#2        | 61/500 [00:15<02:01,  3.62it/s]
 12%|#2        | 62/500 [00:15<01:56,  3.76it/s]
 13%|#2        | 63/500 [00:16<01:53,  3.84it/s]
 13%|#2        | 64/500 [00:16<01:51,  3.89it/s]
 13%|#3        | 65/500 [00:16<01:50,  3.92it/s]
 13%|#3        | 66/500 [00:16<01:49,  3.95it/s]
 13%|#3        | 67/500 [00:17<01:49,  3.96it/s]
 14%|#3        | 68/500 [00:17<01:48,  3.98it/s]
 14%|#3        | 69/500 [00:17<01:47,  3.99it/s]
 14%|#4        | 70/500 [00:17<01:47,  4.01it/s]
 14%|#4        | 71/500 [00:18<01:46,  4.02it/s]
 14%|#4        | 72/500 [00:18<01:46,  4.03it/s]
 15%|#4        | 73/500 [00:18<01:46,  4.02it/s]
 15%|#4        | 74/500 [00:18<01:46,  4.01it/s]
 15%|#5        | 75/500 [00:19<01:46,  4.00it/s]
 15%|#5        | 76/500 [00:19<01:45,  4.00it/s]
 15%|#5        | 77/500 [00:19<01:46,  3.99it/s]
 16%|#5        | 78/500 [00:19<01:45,  3.99it/s]
 16%|#5        | 79/500 [00:20<01:45,  3.98it/s]
 16%|#6        | 80/500 [00:20<01:45,  3.98it/s]
 16%|#6        | 81/500 [00:20<01:44,  3.99it/s]
 16%|#6        | 82/500 [00:20<01:44,  4.00it/s]
 17%|#6        | 83/500 [00:21<01:43,  4.01it/s]
 17%|#6        | 84/500 [00:21<01:43,  4.04it/s]
 17%|#7        | 85/500 [00:21<01:42,  4.03it/s]
 17%|#7        | 86/500 [00:21<01:42,  4.03it/s]
 17%|#7        | 87/500 [00:22<01:42,  4.02it/s]
 18%|#7        | 88/500 [00:22<02:09,  3.17it/s]
 18%|#7        | 89/500 [00:22<02:00,  3.40it/s]
 18%|#8        | 90/500 [00:23<01:54,  3.57it/s]
 18%|#8        | 91/500 [00:23<01:51,  3.68it/s]
 18%|#8        | 92/500 [00:23<01:47,  3.78it/s]
 19%|#8        | 93/500 [00:23<01:45,  3.85it/s]
 19%|#8        | 94/500 [00:24<01:44,  3.90it/s]
 19%|#9        | 95/500 [00:24<01:42,  3.93it/s]
 19%|#9        | 96/500 [00:24<01:42,  3.95it/s]
 19%|#9        | 97/500 [00:24<01:41,  3.96it/s]
 20%|#9        | 98/500 [00:25<01:40,  3.99it/s]
 20%|#9        | 99/500 [00:25<01:40,  4.00it/s]
 20%|##        | 100/500 [00:25<01:39,  4.01it/s]
 20%|##        | 101/500 [00:25<01:39,  4.00it/s]
 20%|##        | 102/500 [00:26<01:39,  4.01it/s]
 21%|##        | 103/500 [00:26<01:38,  4.03it/s]
 21%|##        | 104/500 [00:26<01:38,  4.01it/s]
 21%|##1       | 105/500 [00:26<01:38,  4.00it/s]
 21%|##1       | 106/500 [00:27<01:38,  4.01it/s]
 21%|##1       | 107/500 [00:27<01:38,  4.00it/s]
 22%|##1       | 108/500 [00:27<01:37,  4.01it/s]
 22%|##1       | 109/500 [00:27<01:37,  4.00it/s]
 22%|##2       | 110/500 [00:28<01:37,  4.01it/s]
 22%|##2       | 111/500 [00:28<01:37,  4.00it/s]
 22%|##2       | 112/500 [00:28<01:36,  4.02it/s]
 23%|##2       | 113/500 [00:28<01:35,  4.05it/s]
 23%|##2       | 114/500 [00:29<01:35,  4.03it/s]
 23%|##3       | 115/500 [00:29<01:35,  4.03it/s]
 23%|##3       | 116/500 [00:29<01:35,  4.04it/s]
 23%|##3       | 117/500 [00:30<01:59,  3.20it/s]
 24%|##3       | 118/500 [00:30<01:52,  3.41it/s]
 24%|##3       | 119/500 [00:30<01:46,  3.56it/s]
 24%|##4       | 120/500 [00:30<01:43,  3.68it/s]
 24%|##4       | 121/500 [00:31<01:40,  3.78it/s]
 24%|##4       | 122/500 [00:31<01:38,  3.84it/s]
 25%|##4       | 123/500 [00:31<01:36,  3.90it/s]
 25%|##4       | 124/500 [00:31<01:35,  3.94it/s]
 25%|##5       | 125/500 [00:32<01:34,  3.96it/s]
 25%|##5       | 126/500 [00:32<01:33,  4.01it/s]
 25%|##5       | 127/500 [00:32<01:33,  4.01it/s]
 26%|##5       | 128/500 [00:32<01:33,  3.99it/s]
 26%|##5       | 129/500 [00:33<01:32,  4.01it/s]
 26%|##6       | 130/500 [00:33<01:31,  4.05it/s]
 26%|##6       | 131/500 [00:33<01:31,  4.05it/s]
 26%|##6       | 132/500 [00:33<01:31,  4.04it/s]
 27%|##6       | 133/500 [00:34<01:30,  4.05it/s]
 27%|##6       | 134/500 [00:34<01:30,  4.04it/s]
 27%|##7       | 135/500 [00:34<01:30,  4.04it/s]
 27%|##7       | 136/500 [00:34<01:30,  4.04it/s]
 27%|##7       | 137/500 [00:35<01:29,  4.03it/s]
 28%|##7       | 138/500 [00:35<01:30,  4.01it/s]
 28%|##7       | 139/500 [00:35<01:30,  4.01it/s]
 28%|##8       | 140/500 [00:35<01:30,  4.00it/s]
 28%|##8       | 141/500 [00:36<01:29,  4.00it/s]
 28%|##8       | 142/500 [00:36<01:29,  4.02it/s]
 29%|##8       | 143/500 [00:36<01:28,  4.05it/s]
 29%|##8       | 144/500 [00:36<01:27,  4.06it/s]
 29%|##9       | 145/500 [00:37<01:27,  4.04it/s]
 29%|##9       | 146/500 [00:37<01:50,  3.19it/s]
 29%|##9       | 147/500 [00:37<01:43,  3.41it/s]
 30%|##9       | 148/500 [00:37<01:38,  3.58it/s]
 30%|##9       | 149/500 [00:38<01:34,  3.71it/s]
 30%|###       | 150/500 [00:38<01:32,  3.80it/s]
 30%|###       | 151/500 [00:38<01:30,  3.86it/s]
 30%|###       | 152/500 [00:38<01:29,  3.91it/s]
 31%|###       | 153/500 [00:39<01:27,  3.94it/s]
 31%|###       | 154/500 [00:39<01:27,  3.96it/s]
 31%|###1      | 155/500 [00:39<01:26,  3.98it/s]
 31%|###1      | 156/500 [00:39<01:26,  3.99it/s]
 31%|###1      | 157/500 [00:40<01:25,  4.00it/s]
 32%|###1      | 158/500 [00:40<01:25,  4.00it/s]
 32%|###1      | 159/500 [00:40<01:25,  4.00it/s]
 32%|###2      | 160/500 [00:40<01:24,  4.01it/s]
 32%|###2      | 161/500 [00:41<01:24,  4.01it/s]
 32%|###2      | 162/500 [00:41<01:24,  4.01it/s]
 33%|###2      | 163/500 [00:41<01:24,  4.01it/s]
 33%|###2      | 164/500 [00:41<01:23,  4.01it/s]
 33%|###3      | 165/500 [00:42<01:23,  4.02it/s]
 33%|###3      | 166/500 [00:42<01:23,  4.02it/s]
 33%|###3      | 167/500 [00:42<01:22,  4.03it/s]
 34%|###3      | 168/500 [00:42<01:22,  4.03it/s]
 34%|###3      | 169/500 [00:43<01:22,  4.02it/s]
 34%|###4      | 170/500 [00:43<01:21,  4.03it/s]
 34%|###4      | 171/500 [00:43<01:21,  4.06it/s]
 34%|###4      | 172/500 [00:43<01:20,  4.07it/s]
 35%|###4      | 173/500 [00:44<01:20,  4.08it/s]
 35%|###4      | 174/500 [00:44<01:19,  4.08it/s]
 35%|###5      | 175/500 [00:44<01:40,  3.23it/s]
 35%|###5      | 176/500 [00:45<01:33,  3.46it/s]
 35%|###5      | 177/500 [00:45<01:29,  3.62it/s]
 36%|###5      | 178/500 [00:45<01:26,  3.74it/s]
 36%|###5      | 179/500 [00:45<01:23,  3.83it/s]
 36%|###6      | 180/500 [00:46<01:21,  3.90it/s]
 36%|###6      | 181/500 [00:46<01:21,  3.94it/s]
 36%|###6      | 182/500 [00:46<01:20,  3.96it/s]
 37%|###6      | 183/500 [00:46<01:19,  3.97it/s]
 37%|###6      | 184/500 [00:47<01:19,  3.98it/s]
 37%|###7      | 185/500 [00:47<01:19,  3.98it/s]
 37%|###7      | 186/500 [00:47<01:18,  3.99it/s]
 37%|###7      | 187/500 [00:47<01:18,  4.00it/s]
 38%|###7      | 188/500 [00:48<01:17,  4.00it/s]
 38%|###7      | 189/500 [00:48<01:17,  4.00it/s]
 38%|###8      | 190/500 [00:48<01:17,  4.01it/s]
 38%|###8      | 191/500 [00:48<01:17,  4.01it/s]
 38%|###8      | 192/500 [00:49<01:16,  4.01it/s]
 39%|###8      | 193/500 [00:49<01:16,  4.01it/s]
 39%|###8      | 194/500 [00:49<01:16,  4.00it/s]
 39%|###9      | 195/500 [00:49<01:16,  4.00it/s]
 39%|###9      | 196/500 [00:50<01:16,  3.99it/s]
 39%|###9      | 197/500 [00:50<01:15,  3.99it/s]
 40%|###9      | 198/500 [00:50<01:15,  4.01it/s]
 40%|###9      | 199/500 [00:50<01:14,  4.02it/s]
 40%|####      | 200/500 [00:51<01:14,  4.05it/s]
 40%|####      | 201/500 [00:51<01:13,  4.06it/s]
 40%|####      | 202/500 [00:51<01:12,  4.09it/s]
 41%|####      | 203/500 [00:51<01:12,  4.10it/s]
 41%|####      | 204/500 [00:52<01:31,  3.23it/s]
 41%|####1     | 205/500 [00:52<01:25,  3.43it/s]
 41%|####1     | 206/500 [00:52<01:22,  3.58it/s]
 41%|####1     | 207/500 [00:53<01:19,  3.71it/s]
 42%|####1     | 208/500 [00:53<01:16,  3.80it/s]
 42%|####1     | 209/500 [00:53<01:15,  3.86it/s]
 42%|####2     | 210/500 [00:53<01:14,  3.90it/s]
 42%|####2     | 211/500 [00:54<01:13,  3.95it/s]
 42%|####2     | 212/500 [00:54<01:12,  3.98it/s]
 43%|####2     | 213/500 [00:54<01:11,  4.02it/s]
 43%|####2     | 214/500 [00:54<01:10,  4.03it/s]
 43%|####3     | 215/500 [00:54<01:10,  4.05it/s]
 43%|####3     | 216/500 [00:55<01:10,  4.05it/s]
 43%|####3     | 217/500 [00:55<01:09,  4.05it/s]
 44%|####3     | 218/500 [00:55<01:09,  4.06it/s]
 44%|####3     | 219/500 [00:55<01:09,  4.06it/s]
 44%|####4     | 220/500 [00:56<01:08,  4.06it/s]
 44%|####4     | 221/500 [00:56<01:08,  4.06it/s]
 44%|####4     | 222/500 [00:56<01:08,  4.05it/s]
 45%|####4     | 223/500 [00:56<01:08,  4.05it/s]
 45%|####4     | 224/500 [00:57<01:08,  4.03it/s]
 45%|####5     | 225/500 [00:57<01:08,  4.03it/s]
 45%|####5     | 226/500 [00:57<01:08,  4.02it/s]
 45%|####5     | 227/500 [00:57<01:07,  4.03it/s]
 46%|####5     | 228/500 [00:58<01:07,  4.02it/s]
 46%|####5     | 229/500 [00:58<01:07,  4.03it/s]
 46%|####6     | 230/500 [00:58<01:06,  4.03it/s]
 46%|####6     | 231/500 [00:58<01:06,  4.05it/s]
 46%|####6     | 232/500 [00:59<01:06,  4.04it/s]
 47%|####6     | 233/500 [00:59<01:23,  3.19it/s]
 47%|####6     | 234/500 [00:59<01:17,  3.43it/s]
 47%|####6     | 235/500 [01:00<01:13,  3.60it/s]
 47%|####7     | 236/500 [01:00<01:10,  3.73it/s]
 47%|####7     | 237/500 [01:00<01:09,  3.81it/s]
 48%|####7     | 238/500 [01:00<01:07,  3.88it/s]
 48%|####7     | 239/500 [01:01<01:06,  3.93it/s]
 48%|####8     | 240/500 [01:01<01:05,  3.96it/s]
 48%|####8     | 241/500 [01:01<01:05,  3.98it/s]
 48%|####8     | 242/500 [01:01<01:04,  4.01it/s]
 49%|####8     | 243/500 [01:02<01:03,  4.02it/s]
 49%|####8     | 244/500 [01:02<01:03,  4.03it/s]
 49%|####9     | 245/500 [01:02<01:04,  3.98it/s]
 49%|####9     | 246/500 [01:02<01:03,  4.02it/s]
 49%|####9     | 247/500 [01:03<01:02,  4.02it/s]
 50%|####9     | 248/500 [01:03<01:02,  4.03it/s]
 50%|####9     | 249/500 [01:03<01:02,  4.04it/s]
 50%|#####     | 250/500 [01:03<01:01,  4.06it/s]
 50%|#####     | 251/500 [01:04<01:01,  4.04it/s]
 50%|#####     | 252/500 [01:04<01:01,  4.04it/s]
 51%|#####     | 253/500 [01:04<01:01,  4.04it/s]
 51%|#####     | 254/500 [01:04<01:00,  4.05it/s]
 51%|#####1    | 255/500 [01:05<01:00,  4.06it/s]
 51%|#####1    | 256/500 [01:05<01:00,  4.06it/s]
 51%|#####1    | 257/500 [01:05<00:59,  4.06it/s]
 52%|#####1    | 258/500 [01:05<00:59,  4.07it/s]
 52%|#####1    | 259/500 [01:06<00:59,  4.07it/s]
 52%|#####2    | 260/500 [01:06<00:58,  4.07it/s]
 52%|#####2    | 261/500 [01:06<00:58,  4.08it/s]
 52%|#####2    | 262/500 [01:07<01:15,  3.17it/s]
 53%|#####2    | 263/500 [01:07<01:09,  3.41it/s]
 53%|#####2    | 264/500 [01:07<01:05,  3.59it/s]
 53%|#####3    | 265/500 [01:07<01:02,  3.73it/s]
 53%|#####3    | 266/500 [01:08<01:01,  3.82it/s]
 53%|#####3    | 267/500 [01:08<00:59,  3.89it/s]
 54%|#####3    | 268/500 [01:08<00:58,  3.94it/s]
 54%|#####3    | 269/500 [01:08<00:57,  3.99it/s]
 54%|#####4    | 270/500 [01:08<00:57,  4.01it/s]
 54%|#####4    | 271/500 [01:09<00:56,  4.05it/s]
 54%|#####4    | 272/500 [01:09<00:56,  4.07it/s]
 55%|#####4    | 273/500 [01:09<00:55,  4.07it/s]
 55%|#####4    | 274/500 [01:09<00:55,  4.07it/s]
 55%|#####5    | 275/500 [01:10<00:55,  4.06it/s]
 55%|#####5    | 276/500 [01:10<00:54,  4.07it/s]
 55%|#####5    | 277/500 [01:10<00:54,  4.10it/s]
 56%|#####5    | 278/500 [01:10<00:56,  3.93it/s]
 56%|#####5    | 279/500 [01:11<00:55,  3.98it/s]
 56%|#####6    | 280/500 [01:11<00:55,  4.00it/s]
 56%|#####6    | 281/500 [01:11<00:54,  4.03it/s]
 56%|#####6    | 282/500 [01:11<00:53,  4.06it/s]
 57%|#####6    | 283/500 [01:12<00:53,  4.06it/s]
 57%|#####6    | 284/500 [01:12<00:53,  4.06it/s]
 57%|#####6    | 285/500 [01:12<00:52,  4.08it/s]
 57%|#####7    | 286/500 [01:12<00:51,  4.13it/s]
 57%|#####7    | 287/500 [01:13<00:51,  4.14it/s]
 58%|#####7    | 288/500 [01:13<00:51,  4.13it/s]
 58%|#####7    | 289/500 [01:13<00:51,  4.13it/s]
 58%|#####8    | 290/500 [01:13<00:50,  4.13it/s]
 58%|#####8    | 291/500 [01:14<01:04,  3.23it/s]
 58%|#####8    | 292/500 [01:14<01:00,  3.44it/s]
 59%|#####8    | 293/500 [01:14<00:57,  3.60it/s]
 59%|#####8    | 294/500 [01:15<00:55,  3.73it/s]
 59%|#####8    | 295/500 [01:15<00:53,  3.83it/s]
 59%|#####9    | 296/500 [01:15<00:52,  3.90it/s]
 59%|#####9    | 297/500 [01:15<00:51,  3.95it/s]
 60%|#####9    | 298/500 [01:16<00:50,  3.98it/s]
 60%|#####9    | 299/500 [01:16<00:50,  4.00it/s]
 60%|######    | 300/500 [01:16<00:49,  4.03it/s]
 60%|######    | 301/500 [01:16<00:49,  4.06it/s]
 60%|######    | 302/500 [01:17<00:48,  4.07it/s]
 61%|######    | 303/500 [01:17<00:48,  4.07it/s]
 61%|######    | 304/500 [01:17<00:48,  4.08it/s]
 61%|######1   | 305/500 [01:17<00:47,  4.07it/s]
 61%|######1   | 306/500 [01:18<00:47,  4.08it/s]
 61%|######1   | 307/500 [01:18<00:47,  4.07it/s]
 62%|######1   | 308/500 [01:18<00:47,  4.05it/s]
 62%|######1   | 309/500 [01:18<00:47,  4.04it/s]
 62%|######2   | 310/500 [01:19<00:47,  4.04it/s]
 62%|######2   | 311/500 [01:19<00:46,  4.03it/s]
 62%|######2   | 312/500 [01:19<00:46,  4.02it/s]
 63%|######2   | 313/500 [01:19<00:46,  4.02it/s]
 63%|######2   | 314/500 [01:20<00:46,  4.02it/s]
 63%|######3   | 315/500 [01:20<00:45,  4.03it/s]
 63%|######3   | 316/500 [01:20<00:45,  4.04it/s]
 63%|######3   | 317/500 [01:20<00:45,  4.04it/s]
 64%|######3   | 318/500 [01:21<00:44,  4.05it/s]
 64%|######3   | 319/500 [01:21<00:44,  4.04it/s]
 64%|######4   | 320/500 [01:21<00:55,  3.22it/s]
 64%|######4   | 321/500 [01:21<00:52,  3.44it/s]
 64%|######4   | 322/500 [01:22<00:49,  3.61it/s]
 65%|######4   | 323/500 [01:22<00:47,  3.73it/s]
 65%|######4   | 324/500 [01:22<00:46,  3.82it/s]
 65%|######5   | 325/500 [01:22<00:45,  3.89it/s]
 65%|######5   | 326/500 [01:23<00:44,  3.93it/s]
 65%|######5   | 327/500 [01:23<00:43,  3.96it/s]
 66%|######5   | 328/500 [01:23<00:43,  3.98it/s]
 66%|######5   | 329/500 [01:23<00:42,  4.02it/s]
 66%|######6   | 330/500 [01:24<00:42,  4.02it/s]
 66%|######6   | 331/500 [01:24<00:42,  4.02it/s]
 66%|######6   | 332/500 [01:24<00:41,  4.02it/s]
 67%|######6   | 333/500 [01:24<00:41,  4.02it/s]
 67%|######6   | 334/500 [01:25<00:41,  4.01it/s]
 67%|######7   | 335/500 [01:25<00:41,  4.01it/s]
 67%|######7   | 336/500 [01:25<00:40,  4.01it/s]
 67%|######7   | 337/500 [01:25<00:40,  4.02it/s]
 68%|######7   | 338/500 [01:26<00:40,  4.02it/s]
 68%|######7   | 339/500 [01:26<00:39,  4.03it/s]
 68%|######8   | 340/500 [01:26<00:39,  4.03it/s]
 68%|######8   | 341/500 [01:26<00:39,  4.04it/s]
 68%|######8   | 342/500 [01:27<00:39,  4.03it/s]
 69%|######8   | 343/500 [01:27<00:38,  4.03it/s]
 69%|######8   | 344/500 [01:27<00:38,  4.02it/s]
 69%|######9   | 345/500 [01:27<00:38,  4.02it/s]
 69%|######9   | 346/500 [01:28<00:38,  4.01it/s]
 69%|######9   | 347/500 [01:28<00:38,  4.01it/s]
 70%|######9   | 348/500 [01:28<00:37,  4.02it/s]
 70%|######9   | 349/500 [01:29<00:47,  3.16it/s]
 70%|#######   | 350/500 [01:29<00:44,  3.39it/s]
 70%|#######   | 351/500 [01:29<00:41,  3.57it/s]
 70%|#######   | 352/500 [01:29<00:39,  3.70it/s]
 71%|#######   | 353/500 [01:30<00:38,  3.80it/s]
 71%|#######   | 354/500 [01:30<00:37,  3.86it/s]
 71%|#######1  | 355/500 [01:30<00:37,  3.91it/s]
 71%|#######1  | 356/500 [01:30<00:36,  3.95it/s]
 71%|#######1  | 357/500 [01:31<00:35,  3.98it/s]
 72%|#######1  | 358/500 [01:31<00:35,  3.99it/s]
 72%|#######1  | 359/500 [01:31<00:35,  4.01it/s]
 72%|#######2  | 360/500 [01:31<00:34,  4.02it/s]
 72%|#######2  | 361/500 [01:32<00:34,  4.02it/s]
 72%|#######2  | 362/500 [01:32<00:34,  4.03it/s]
 73%|#######2  | 363/500 [01:32<00:33,  4.04it/s]
 73%|#######2  | 364/500 [01:32<00:33,  4.03it/s]
 73%|#######3  | 365/500 [01:33<00:33,  4.03it/s]
 73%|#######3  | 366/500 [01:33<00:33,  4.03it/s]
 73%|#######3  | 367/500 [01:33<00:33,  4.02it/s]
 74%|#######3  | 368/500 [01:33<00:32,  4.02it/s]
 74%|#######3  | 369/500 [01:34<00:32,  4.02it/s]
 74%|#######4  | 370/500 [01:34<00:32,  4.02it/s]
 74%|#######4  | 371/500 [01:34<00:32,  4.03it/s]
 74%|#######4  | 372/500 [01:34<00:32,  3.93it/s]
 75%|#######4  | 373/500 [01:35<00:31,  4.00it/s]
 75%|#######4  | 374/500 [01:35<00:31,  4.04it/s]
 75%|#######5  | 375/500 [01:35<00:30,  4.07it/s]
 75%|#######5  | 376/500 [01:35<00:30,  4.08it/s]
 75%|#######5  | 377/500 [01:36<00:30,  4.10it/s]
 76%|#######5  | 378/500 [01:36<00:37,  3.22it/s]
 76%|#######5  | 379/500 [01:36<00:35,  3.44it/s]
 76%|#######6  | 380/500 [01:37<00:33,  3.60it/s]
 76%|#######6  | 381/500 [01:37<00:32,  3.72it/s]
 76%|#######6  | 382/500 [01:37<00:31,  3.80it/s]
 77%|#######6  | 383/500 [01:37<00:30,  3.88it/s]
 77%|#######6  | 384/500 [01:38<00:29,  3.91it/s]
 77%|#######7  | 385/500 [01:38<00:29,  3.94it/s]
 77%|#######7  | 386/500 [01:38<00:28,  3.97it/s]
 77%|#######7  | 387/500 [01:38<00:28,  3.99it/s]
 78%|#######7  | 388/500 [01:39<00:28,  4.00it/s]
 78%|#######7  | 389/500 [01:39<00:27,  4.02it/s]
 78%|#######8  | 390/500 [01:39<00:27,  4.03it/s]
 78%|#######8  | 391/500 [01:39<00:27,  4.03it/s]
 78%|#######8  | 392/500 [01:40<00:26,  4.03it/s]
 79%|#######8  | 393/500 [01:40<00:26,  4.03it/s]
 79%|#######8  | 394/500 [01:40<00:26,  4.03it/s]
 79%|#######9  | 395/500 [01:40<00:26,  4.03it/s]
 79%|#######9  | 396/500 [01:41<00:25,  4.02it/s]
 79%|#######9  | 397/500 [01:41<00:25,  4.02it/s]
 80%|#######9  | 398/500 [01:41<00:25,  4.02it/s]
 80%|#######9  | 399/500 [01:41<00:25,  4.01it/s]
 80%|########  | 400/500 [01:41<00:24,  4.01it/s]
 80%|########  | 401/500 [01:42<00:24,  4.02it/s]
 80%|########  | 402/500 [01:42<00:24,  4.01it/s]
 81%|########  | 403/500 [01:42<00:24,  4.01it/s]
 81%|########  | 404/500 [01:42<00:23,  4.01it/s]
 81%|########1 | 405/500 [01:43<00:23,  4.00it/s]
 81%|########1 | 406/500 [01:43<00:23,  4.01it/s]
 81%|########1 | 407/500 [01:43<00:29,  3.20it/s]
 82%|########1 | 408/500 [01:44<00:26,  3.43it/s]
 82%|########1 | 409/500 [01:44<00:25,  3.61it/s]
 82%|########2 | 410/500 [01:44<00:24,  3.74it/s]
 82%|########2 | 411/500 [01:44<00:23,  3.84it/s]
 82%|########2 | 412/500 [01:45<00:22,  3.91it/s]
 83%|########2 | 413/500 [01:45<00:21,  3.97it/s]
 83%|########2 | 414/500 [01:45<00:21,  4.02it/s]
 83%|########2 | 415/500 [01:45<00:21,  4.03it/s]
 83%|########3 | 416/500 [01:46<00:20,  4.03it/s]
 83%|########3 | 417/500 [01:46<00:20,  4.03it/s]
 84%|########3 | 418/500 [01:46<00:20,  4.05it/s]
 84%|########3 | 419/500 [01:46<00:20,  4.05it/s]
 84%|########4 | 420/500 [01:47<00:19,  4.04it/s]
 84%|########4 | 421/500 [01:47<00:19,  4.04it/s]
 84%|########4 | 422/500 [01:47<00:19,  4.04it/s]
 85%|########4 | 423/500 [01:47<00:19,  4.02it/s]
 85%|########4 | 424/500 [01:48<00:18,  4.01it/s]
 85%|########5 | 425/500 [01:48<00:18,  4.01it/s]
 85%|########5 | 426/500 [01:48<00:18,  4.02it/s]
 85%|########5 | 427/500 [01:48<00:18,  4.03it/s]
 86%|########5 | 428/500 [01:49<00:17,  4.02it/s]
 86%|########5 | 429/500 [01:49<00:17,  4.01it/s]
 86%|########6 | 430/500 [01:49<00:17,  4.02it/s]
 86%|########6 | 431/500 [01:49<00:17,  4.02it/s]
 86%|########6 | 432/500 [01:50<00:16,  4.03it/s]
 87%|########6 | 433/500 [01:50<00:16,  4.03it/s]
 87%|########6 | 434/500 [01:50<00:16,  4.05it/s]
 87%|########7 | 435/500 [01:50<00:16,  4.04it/s]
 87%|########7 | 436/500 [01:51<00:19,  3.21it/s]
 87%|########7 | 437/500 [01:51<00:18,  3.44it/s]
 88%|########7 | 438/500 [01:51<00:17,  3.61it/s]
 88%|########7 | 439/500 [01:52<00:16,  3.74it/s]
 88%|########8 | 440/500 [01:52<00:15,  3.83it/s]
 88%|########8 | 441/500 [01:52<00:15,  3.90it/s]
 88%|########8 | 442/500 [01:52<00:14,  3.95it/s]
 89%|########8 | 443/500 [01:53<00:14,  3.98it/s]
 89%|########8 | 444/500 [01:53<00:13,  4.02it/s]
 89%|########9 | 445/500 [01:53<00:13,  4.06it/s]
 89%|########9 | 446/500 [01:53<00:13,  4.07it/s]
 89%|########9 | 447/500 [01:54<00:12,  4.08it/s]
 90%|########9 | 448/500 [01:54<00:12,  4.09it/s]
 90%|########9 | 449/500 [01:54<00:12,  4.10it/s]
 90%|######### | 450/500 [01:54<00:12,  4.09it/s]
 90%|######### | 451/500 [01:54<00:12,  4.08it/s]
 90%|######### | 452/500 [01:55<00:11,  4.07it/s]
 91%|######### | 453/500 [01:55<00:11,  4.07it/s]
 91%|######### | 454/500 [01:55<00:11,  4.06it/s]
 91%|#########1| 455/500 [01:55<00:11,  4.06it/s]
 91%|#########1| 456/500 [01:56<00:10,  4.06it/s]
 91%|#########1| 457/500 [01:56<00:10,  4.06it/s]
 92%|#########1| 458/500 [01:56<00:10,  4.07it/s]
 92%|#########1| 459/500 [01:56<00:10,  4.07it/s]
 92%|#########2| 460/500 [01:57<00:09,  4.07it/s]
 92%|#########2| 461/500 [01:57<00:09,  4.08it/s]
 92%|#########2| 462/500 [01:57<00:09,  4.08it/s]
 93%|#########2| 463/500 [01:57<00:09,  4.09it/s]
 93%|#########2| 464/500 [01:58<00:08,  4.08it/s]
 93%|#########3| 465/500 [01:58<00:10,  3.21it/s]
 93%|#########3| 466/500 [01:58<00:09,  3.45it/s]
 93%|#########3| 467/500 [01:59<00:09,  3.62it/s]
 94%|#########3| 468/500 [01:59<00:08,  3.76it/s]
 94%|#########3| 469/500 [01:59<00:08,  3.84it/s]
 94%|#########3| 470/500 [01:59<00:07,  3.91it/s]
 94%|#########4| 471/500 [02:00<00:07,  3.95it/s]
 94%|#########4| 472/500 [02:00<00:07,  3.99it/s]
 95%|#########4| 473/500 [02:00<00:06,  4.01it/s]
 95%|#########4| 474/500 [02:00<00:06,  4.01it/s]
 95%|#########5| 475/500 [02:01<00:06,  4.02it/s]
 95%|#########5| 476/500 [02:01<00:05,  4.03it/s]
 95%|#########5| 477/500 [02:01<00:05,  4.04it/s]
 96%|#########5| 478/500 [02:01<00:05,  4.04it/s]
 96%|#########5| 479/500 [02:02<00:05,  4.04it/s]
 96%|#########6| 480/500 [02:02<00:04,  4.05it/s]
 96%|#########6| 481/500 [02:02<00:04,  4.05it/s]
 96%|#########6| 482/500 [02:02<00:04,  4.05it/s]
 97%|#########6| 483/500 [02:03<00:04,  4.05it/s]
 97%|#########6| 484/500 [02:03<00:03,  4.05it/s]
 97%|#########7| 485/500 [02:03<00:03,  4.05it/s]
 97%|#########7| 486/500 [02:03<00:03,  4.05it/s]
 97%|#########7| 487/500 [02:04<00:03,  4.05it/s]
 98%|#########7| 488/500 [02:04<00:02,  4.05it/s]
 98%|#########7| 489/500 [02:04<00:02,  4.04it/s]
 98%|#########8| 490/500 [02:04<00:02,  4.06it/s]
 98%|#########8| 491/500 [02:05<00:02,  4.06it/s]
 98%|#########8| 492/500 [02:05<00:01,  4.07it/s]
 99%|#########8| 493/500 [02:05<00:01,  4.10it/s]
 99%|#########8| 494/500 [02:05<00:01,  3.25it/s]
 99%|#########9| 495/500 [02:06<00:01,  3.46it/s]
 99%|#########9| 496/500 [02:06<00:01,  3.62it/s]
 99%|#########9| 497/500 [02:06<00:00,  3.74it/s]
100%|#########9| 498/500 [02:06<00:00,  3.81it/s]
100%|#########9| 499/500 [02:07<00:00,  3.88it/s]
100%|##########| 500/500 [02:07<00:00,  3.94it/s]
100%|##########| 500/500 [02:07<00:00,  3.92it/s]
Train Epoch 40
{
    "Loss": 0.007213215125724673,
    "Optimizer/policy0_lr": 0.00010000000000000003,
    "Policy_Grad_Norms": 0.0376949134612668,
    "Time_Data_Loading": 0.09552112023035685,
    "Time_Epoch": 2.1253822882970175,
    "Time_Log_Info": 0.02452081839243571,
    "Time_Process_Batch": 0.7421593348185221,
    "Time_Train_Batch": 1.2362115701039633
}
save checkpoint to /home/franka/franka_data/policies/HuskyMango/filter-9-19-libero-90-9/sail/20260917170254/models/model_epoch_40.pth

Epoch 40 Memory Usage: 2298 MB


  0%|          | 0/500 [00:00<?, ?it/s]
  0%|          | 1/500 [00:00<03:10,  2.61it/s]
  0%|          | 2/500 [00:00<02:29,  3.33it/s]
  1%|          | 3/500 [00:00<02:17,  3.62it/s]
  1%|          | 4/500 [00:01<02:10,  3.79it/s]
  1%|1         | 5/500 [00:01<02:07,  3.88it/s]
  1%|1         | 6/500 [00:01<02:05,  3.93it/s]
  1%|1         | 7/500 [00:01<02:04,  3.97it/s]
  2%|1         | 8/500 [00:02<02:02,  4.00it/s]
  2%|1         | 9/500 [00:02<02:02,  4.01it/s]
  2%|2         | 10/500 [00:02<02:01,  4.02it/s]
  2%|2         | 11/500 [00:02<02:01,  4.02it/s]
  2%|2         | 12/500 [00:03<02:01,  4.02it/s]
  3%|2         | 13/500 [00:03<02:00,  4.03it/s]
  3%|2         | 14/500 [00:03<02:00,  4.02it/s]
  3%|3         | 15/500 [00:03<02:00,  4.01it/s]
  3%|3         | 16/500 [00:04<02:00,  4.02it/s]
  3%|3         | 17/500 [00:04<01:59,  4.03it/s]
  4%|3         | 18/500 [00:04<01:59,  4.03it/s]
  4%|3         | 19/500 [00:04<01:58,  4.05it/s]
  4%|4         | 20/500 [00:05<01:57,  4.07it/s]
  4%|4         | 21/500 [00:05<01:57,  4.07it/s]
  4%|4         | 22/500 [00:05<01:57,  4.06it/s]
  5%|4         | 23/500 [00:05<01:57,  4.05it/s]
  5%|4         | 24/500 [00:06<01:57,  4.06it/s]
  5%|5         | 25/500 [00:06<01:57,  4.06it/s]
  5%|5         | 26/500 [00:06<01:57,  4.05it/s]
  5%|5         | 27/500 [00:06<01:57,  4.04it/s]
  6%|5         | 28/500 [00:07<01:56,  4.04it/s]
  6%|5         | 29/500 [00:07<01:56,  4.04it/s]
  6%|6         | 30/500 [00:07<02:26,  3.20it/s]
  6%|6         | 31/500 [00:08<02:16,  3.43it/s]
  6%|6         | 32/500 [00:08<02:09,  3.60it/s]
  7%|6         | 33/500 [00:08<02:05,  3.73it/s]
  7%|6         | 34/500 [00:08<02:02,  3.82it/s]
  7%|7         | 35/500 [00:08<01:59,  3.88it/s]
  7%|7         | 36/500 [00:09<01:57,  3.93it/s]
  7%|7         | 37/500 [00:09<01:56,  3.96it/s]
  8%|7         | 38/500 [00:09<01:55,  3.98it/s]
  8%|7         | 39/500 [00:09<01:55,  3.99it/s]
  8%|8         | 40/500 [00:10<01:55,  4.00it/s]
  8%|8         | 41/500 [00:10<01:55,  3.99it/s]
  8%|8         | 42/500 [00:10<01:54,  3.99it/s]
  9%|8         | 43/500 [00:10<01:54,  3.98it/s]
  9%|8         | 44/500 [00:11<01:54,  3.99it/s]
  9%|9         | 45/500 [00:11<01:52,  4.03it/s]
  9%|9         | 46/500 [00:11<01:51,  4.06it/s]
  9%|9         | 47/500 [00:11<01:51,  4.05it/s]
 10%|9         | 48/500 [00:12<01:51,  4.04it/s]
 10%|9         | 49/500 [00:12<01:51,  4.05it/s]
 10%|#         | 50/500 [00:12<01:51,  4.05it/s]
 10%|#         | 51/500 [00:12<01:50,  4.05it/s]
 10%|#         | 52/500 [00:13<01:50,  4.05it/s]
 11%|#         | 53/500 [00:13<01:50,  4.03it/s]
 11%|#         | 54/500 [00:13<01:50,  4.03it/s]
 11%|#1        | 55/500 [00:13<01:50,  4.01it/s]
 11%|#1        | 56/500 [00:14<01:50,  4.00it/s]
 11%|#1        | 57/500 [00:14<01:50,  4.00it/s]
 12%|#1        | 58/500 [00:14<01:50,  4.00it/s]
 12%|#1        | 59/500 [00:15<02:20,  3.15it/s]
 12%|#2        | 60/500 [00:15<02:09,  3.38it/s]
 12%|#2        | 61/500 [00:15<02:03,  3.56it/s]
 12%|#2        | 62/500 [00:15<01:58,  3.71it/s]
 13%|#2        | 63/500 [00:16<01:54,  3.81it/s]
 13%|#2        | 64/500 [00:16<01:52,  3.89it/s]
 13%|#3        | 65/500 [00:16<01:50,  3.94it/s]
 13%|#3        | 66/500 [00:16<01:49,  3.98it/s]
 13%|#3        | 67/500 [00:17<01:47,  4.01it/s]
 14%|#3        | 68/500 [00:17<01:47,  4.02it/s]
 14%|#3        | 69/500 [00:17<01:46,  4.04it/s]
 14%|#4        | 70/500 [00:17<01:46,  4.04it/s]
 14%|#4        | 71/500 [00:18<01:46,  4.04it/s]
 14%|#4        | 72/500 [00:18<01:46,  4.04it/s]
 15%|#4        | 73/500 [00:18<01:45,  4.04it/s]
 15%|#4        | 74/500 [00:18<01:45,  4.05it/s]
 15%|#5        | 75/500 [00:19<01:45,  4.05it/s]
 15%|#5        | 76/500 [00:19<01:45,  4.04it/s]
 15%|#5        | 77/500 [00:19<01:44,  4.03it/s]
 16%|#5        | 78/500 [00:19<01:44,  4.05it/s]
 16%|#5        | 79/500 [00:20<01:43,  4.05it/s]
 16%|#6        | 80/500 [00:20<01:43,  4.05it/s]
 16%|#6        | 81/500 [00:20<01:43,  4.05it/s]
 16%|#6        | 82/500 [00:20<01:42,  4.06it/s]
 17%|#6        | 83/500 [00:21<01:42,  4.06it/s]
 17%|#6        | 84/500 [00:21<01:42,  4.06it/s]
 17%|#7        | 85/500 [00:21<01:42,  4.06it/s]
 17%|#7        | 86/500 [00:21<01:42,  4.05it/s]
 17%|#7        | 87/500 [00:22<01:41,  4.05it/s]
 18%|#7        | 88/500 [00:22<02:08,  3.20it/s]
 18%|#7        | 89/500 [00:22<01:59,  3.44it/s]
 18%|#8        | 90/500 [00:23<01:54,  3.60it/s]
 18%|#8        | 91/500 [00:23<01:50,  3.71it/s]
 18%|#8        | 92/500 [00:23<01:46,  3.82it/s]
 19%|#8        | 93/500 [00:23<01:44,  3.91it/s]
 19%|#8        | 94/500 [00:24<01:42,  3.96it/s]
 19%|#9        | 95/500 [00:24<01:41,  3.99it/s]
 19%|#9        | 96/500 [00:24<01:40,  4.02it/s]
 19%|#9        | 97/500 [00:24<01:39,  4.04it/s]
 20%|#9        | 98/500 [00:24<01:39,  4.05it/s]
 20%|#9        | 99/500 [00:25<01:38,  4.05it/s]
 20%|##        | 100/500 [00:25<01:38,  4.05it/s]
 20%|##        | 101/500 [00:25<01:38,  4.07it/s]
 20%|##        | 102/500 [00:25<01:37,  4.08it/s]
 21%|##        | 103/500 [00:26<01:37,  4.05it/s]
 21%|##        | 104/500 [00:26<01:37,  4.04it/s]
 21%|##1       | 105/500 [00:26<01:37,  4.05it/s]
 21%|##1       | 106/500 [00:26<01:37,  4.05it/s]
 21%|##1       | 107/500 [00:27<01:37,  4.04it/s]
 22%|##1       | 108/500 [00:27<01:36,  4.04it/s]
 22%|##1       | 109/500 [00:27<01:36,  4.05it/s]
 22%|##2       | 110/500 [00:27<01:36,  4.04it/s]
 22%|##2       | 111/500 [00:28<01:36,  4.02it/s]
 22%|##2       | 112/500 [00:28<01:36,  4.02it/s]
 23%|##2       | 113/500 [00:28<01:35,  4.03it/s]
 23%|##2       | 114/500 [00:28<01:35,  4.04it/s]
 23%|##3       | 115/500 [00:29<01:35,  4.03it/s]
 23%|##3       | 116/500 [00:29<01:35,  4.03it/s]
 23%|##3       | 117/500 [00:29<02:00,  3.18it/s]
 24%|##3       | 118/500 [00:30<01:52,  3.41it/s]
 24%|##3       | 119/500 [00:30<01:46,  3.57it/s]
 24%|##4       | 120/500 [00:30<01:42,  3.72it/s]
 24%|##4       | 121/500 [00:30<01:39,  3.80it/s]
 24%|##4       | 122/500 [00:31<01:37,  3.86it/s]
 25%|##4       | 123/500 [00:31<01:36,  3.91it/s]
 25%|##4       | 124/500 [00:31<01:34,  3.96it/s]
 25%|##5       | 125/500 [00:31<01:34,  3.97it/s]
 25%|##5       | 126/500 [00:32<01:33,  3.99it/s]
 25%|##5       | 127/500 [00:32<01:33,  4.00it/s]
 26%|##5       | 128/500 [00:32<01:32,  4.02it/s]
 26%|##5       | 129/500 [00:32<01:32,  4.01it/s]
 26%|##6       | 130/500 [00:33<01:32,  4.02it/s]
 26%|##6       | 131/500 [00:33<01:32,  4.01it/s]
 26%|##6       | 132/500 [00:33<01:31,  4.02it/s]
 27%|##6       | 133/500 [00:33<01:31,  4.03it/s]
 27%|##6       | 134/500 [00:34<01:30,  4.03it/s]
 27%|##7       | 135/500 [00:34<01:30,  4.03it/s]
 27%|##7       | 136/500 [00:34<01:30,  4.03it/s]
 27%|##7       | 137/500 [00:34<01:30,  4.03it/s]
 28%|##7       | 138/500 [00:35<01:29,  4.02it/s]
 28%|##7       | 139/500 [00:35<01:29,  4.02it/s]
 28%|##8       | 140/500 [00:35<01:28,  4.05it/s]
 28%|##8       | 141/500 [00:35<01:28,  4.05it/s]
 28%|##8       | 142/500 [00:36<01:28,  4.05it/s]
 29%|##8       | 143/500 [00:36<01:27,  4.06it/s]
 29%|##8       | 144/500 [00:36<01:27,  4.07it/s]
 29%|##9       | 145/500 [00:36<01:27,  4.06it/s]
 29%|##9       | 146/500 [00:37<01:50,  3.20it/s]
 29%|##9       | 147/500 [00:37<01:43,  3.42it/s]
 30%|##9       | 148/500 [00:37<01:37,  3.59it/s]
 30%|##9       | 149/500 [00:38<01:34,  3.73it/s]
 30%|###       | 150/500 [00:38<01:31,  3.83it/s]
 30%|###       | 151/500 [00:38<01:29,  3.89it/s]
 30%|###       | 152/500 [00:38<01:28,  3.93it/s]
 31%|###       | 153/500 [00:39<01:27,  3.95it/s]
 31%|###       | 154/500 [00:39<01:26,  3.98it/s]
 31%|###1      | 155/500 [00:39<01:26,  4.00it/s]
 31%|###1      | 156/500 [00:39<01:25,  4.02it/s]
 31%|###1      | 157/500 [00:40<01:25,  4.02it/s]
 32%|###1      | 158/500 [00:40<01:24,  4.03it/s]
 32%|###1      | 159/500 [00:40<01:24,  4.03it/s]
 32%|###2      | 160/500 [00:40<01:24,  4.03it/s]
 32%|###2      | 161/500 [00:41<01:24,  4.03it/s]
 32%|###2      | 162/500 [00:41<01:23,  4.03it/s]
 33%|###2      | 163/500 [00:41<01:23,  4.04it/s]
 33%|###2      | 164/500 [00:41<01:23,  4.04it/s]
 33%|###3      | 165/500 [00:42<01:22,  4.04it/s]
 33%|###3      | 166/500 [00:42<01:22,  4.04it/s]
 33%|###3      | 167/500 [00:42<01:22,  4.03it/s]
 34%|###3      | 168/500 [00:42<01:22,  4.03it/s]
 34%|###3      | 169/500 [00:42<01:22,  4.03it/s]
 34%|###4      | 170/500 [00:43<01:21,  4.04it/s]
 34%|###4      | 171/500 [00:43<01:21,  4.04it/s]
 34%|###4      | 172/500 [00:43<01:21,  4.05it/s]
 35%|###4      | 173/500 [00:43<01:20,  4.04it/s]
 35%|###4      | 174/500 [00:44<01:20,  4.06it/s]
 35%|###5      | 175/500 [00:44<01:40,  3.23it/s]
 35%|###5      | 176/500 [00:44<01:33,  3.45it/s]
 35%|###5      | 177/500 [00:45<01:29,  3.62it/s]
 36%|###5      | 178/500 [00:45<01:25,  3.75it/s]
 36%|###5      | 179/500 [00:45<01:23,  3.84it/s]
 36%|###6      | 180/500 [00:45<01:22,  3.90it/s]
 36%|###6      | 181/500 [00:46<01:20,  3.95it/s]
 36%|###6      | 182/500 [00:46<01:19,  3.98it/s]
 37%|###6      | 183/500 [00:46<01:19,  4.00it/s]
 37%|###6      | 184/500 [00:46<01:18,  4.00it/s]
 37%|###7      | 185/500 [00:47<01:18,  4.01it/s]
 37%|###7      | 186/500 [00:47<01:18,  4.02it/s]
 37%|###7      | 187/500 [00:47<01:17,  4.03it/s]
 38%|###7      | 188/500 [00:47<01:17,  4.03it/s]
 38%|###7      | 189/500 [00:48<01:17,  4.04it/s]
 38%|###8      | 190/500 [00:48<01:16,  4.03it/s]
 38%|###8      | 191/500 [00:48<01:16,  4.02it/s]
 38%|###8      | 192/500 [00:48<01:16,  4.02it/s]
 39%|###8      | 193/500 [00:49<01:16,  4.03it/s]
 39%|###8      | 194/500 [00:49<01:16,  4.02it/s]
 39%|###9      | 195/500 [00:49<01:16,  4.01it/s]
 39%|###9      | 196/500 [00:49<01:15,  4.01it/s]
 39%|###9      | 197/500 [00:50<01:15,  4.02it/s]
 40%|###9      | 198/500 [00:50<01:15,  4.02it/s]
 40%|###9      | 199/500 [00:50<01:14,  4.02it/s]
 40%|####      | 200/500 [00:50<01:14,  4.03it/s]
 40%|####      | 201/500 [00:51<01:14,  4.03it/s]
 40%|####      | 202/500 [00:51<01:14,  4.03it/s]
 41%|####      | 203/500 [00:51<01:13,  4.03it/s]
 41%|####      | 204/500 [00:52<01:34,  3.15it/s]
 41%|####1     | 205/500 [00:52<01:27,  3.38it/s]
 41%|####1     | 206/500 [00:52<01:22,  3.54it/s]
 41%|####1     | 207/500 [00:52<01:19,  3.68it/s]
 42%|####1     | 208/500 [00:53<01:17,  3.77it/s]
 42%|####1     | 209/500 [00:53<01:15,  3.84it/s]
 42%|####2     | 210/500 [00:53<01:14,  3.89it/s]
 42%|####2     | 211/500 [00:53<01:13,  3.95it/s]
 42%|####2     | 212/500 [00:54<01:12,  3.98it/s]
 43%|####2     | 213/500 [00:54<01:11,  4.00it/s]
 43%|####2     | 214/500 [00:54<01:11,  4.01it/s]
 43%|####3     | 215/500 [00:54<01:10,  4.02it/s]
 43%|####3     | 216/500 [00:55<01:10,  4.03it/s]
 43%|####3     | 217/500 [00:55<01:10,  4.04it/s]
 44%|####3     | 218/500 [00:55<01:09,  4.05it/s]
 44%|####3     | 219/500 [00:55<01:09,  4.05it/s]
 44%|####4     | 220/500 [00:56<01:09,  4.04it/s]
 44%|####4     | 221/500 [00:56<01:09,  4.03it/s]
 44%|####4     | 222/500 [00:56<01:09,  4.02it/s]
 45%|####4     | 223/500 [00:56<01:08,  4.03it/s]
 45%|####4     | 224/500 [00:57<01:08,  4.02it/s]
 45%|####5     | 225/500 [00:57<01:08,  4.03it/s]
 45%|####5     | 226/500 [00:57<01:07,  4.04it/s]
 45%|####5     | 227/500 [00:57<01:07,  4.04it/s]
 46%|####5     | 228/500 [00:58<01:07,  4.04it/s]
 46%|####5     | 229/500 [00:58<01:07,  4.04it/s]
 46%|####6     | 230/500 [00:58<01:06,  4.05it/s]
 46%|####6     | 231/500 [00:58<01:06,  4.05it/s]
 46%|####6     | 232/500 [00:59<01:06,  4.05it/s]
 47%|####6     | 233/500 [00:59<01:23,  3.20it/s]
 47%|####6     | 234/500 [00:59<01:17,  3.42it/s]
 47%|####6     | 235/500 [00:59<01:13,  3.60it/s]
 47%|####7     | 236/500 [01:00<01:10,  3.72it/s]
 47%|####7     | 237/500 [01:00<01:08,  3.82it/s]
 48%|####7     | 238/500 [01:00<01:07,  3.88it/s]
 48%|####7     | 239/500 [01:00<01:06,  3.93it/s]
 48%|####8     | 240/500 [01:01<01:05,  3.96it/s]
 48%|####8     | 241/500 [01:01<01:04,  3.99it/s]
 48%|####8     | 242/500 [01:01<01:04,  4.01it/s]
 49%|####8     | 243/500 [01:01<01:03,  4.03it/s]
 49%|####8     | 244/500 [01:02<01:03,  4.03it/s]
 49%|####9     | 245/500 [01:02<01:03,  4.04it/s]
 49%|####9     | 246/500 [01:02<01:03,  4.03it/s]
 49%|####9     | 247/500 [01:02<01:02,  4.04it/s]
 50%|####9     | 248/500 [01:03<01:02,  4.05it/s]
 50%|####9     | 249/500 [01:03<01:02,  4.04it/s]
 50%|#####     | 250/500 [01:03<01:01,  4.04it/s]
 50%|#####     | 251/500 [01:03<01:01,  4.03it/s]
 50%|#####     | 252/500 [01:04<01:01,  4.03it/s]
 51%|#####     | 253/500 [01:04<01:01,  4.03it/s]
 51%|#####     | 254/500 [01:04<01:01,  4.03it/s]
 51%|#####1    | 255/500 [01:04<01:00,  4.04it/s]
 51%|#####1    | 256/500 [01:05<01:00,  4.04it/s]
 51%|#####1    | 257/500 [01:05<01:00,  4.05it/s]
 52%|#####1    | 258/500 [01:05<00:59,  4.06it/s]
 52%|#####1    | 259/500 [01:05<00:59,  4.05it/s]
 52%|#####2    | 260/500 [01:06<00:59,  4.05it/s]
 52%|#####2    | 261/500 [01:06<00:59,  4.05it/s]
 52%|#####2    | 262/500 [01:06<01:13,  3.24it/s]
 53%|#####2    | 263/500 [01:07<01:08,  3.45it/s]
 53%|#####2    | 264/500 [01:07<01:05,  3.62it/s]
 53%|#####3    | 265/500 [01:07<01:02,  3.75it/s]
 53%|#####3    | 266/500 [01:07<01:00,  3.84it/s]
 53%|#####3    | 267/500 [01:08<00:59,  3.90it/s]
 54%|#####3    | 268/500 [01:08<00:58,  3.94it/s]
 54%|#####3    | 269/500 [01:08<00:58,  3.97it/s]
 54%|#####4    | 270/500 [01:08<00:57,  3.97it/s]
 54%|#####4    | 271/500 [01:09<00:57,  3.97it/s]
 54%|#####4    | 272/500 [01:09<00:57,  3.98it/s]
 55%|#####4    | 273/500 [01:09<00:56,  4.00it/s]
 55%|#####4    | 274/500 [01:09<00:56,  4.01it/s]
 55%|#####5    | 275/500 [01:10<00:56,  4.00it/s]
 55%|#####5    | 276/500 [01:10<00:55,  4.01it/s]
 55%|#####5    | 277/500 [01:10<00:55,  4.01it/s]
 56%|#####5    | 278/500 [01:10<00:55,  4.02it/s]
 56%|#####5    | 279/500 [01:11<00:55,  4.01it/s]
 56%|#####6    | 280/500 [01:11<00:54,  4.01it/s]
 56%|#####6    | 281/500 [01:11<00:54,  4.02it/s]
 56%|#####6    | 282/500 [01:11<00:54,  4.02it/s]
 57%|#####6    | 283/500 [01:12<00:54,  4.00it/s]
 57%|#####6    | 284/500 [01:12<00:54,  4.00it/s]
 57%|#####6    | 285/500 [01:12<00:53,  4.01it/s]
 57%|#####7    | 286/500 [01:12<00:53,  4.01it/s]
 57%|#####7    | 287/500 [01:13<00:53,  4.02it/s]
 58%|#####7    | 288/500 [01:13<00:52,  4.02it/s]
 58%|#####7    | 289/500 [01:13<00:52,  4.02it/s]
 58%|#####8    | 290/500 [01:13<00:52,  4.02it/s]
 58%|#####8    | 291/500 [01:14<01:05,  3.20it/s]
 58%|#####8    | 292/500 [01:14<01:01,  3.41it/s]
 59%|#####8    | 293/500 [01:14<00:58,  3.57it/s]
 59%|#####8    | 294/500 [01:15<00:55,  3.68it/s]
 59%|#####8    | 295/500 [01:15<00:54,  3.77it/s]
 59%|#####9    | 296/500 [01:15<00:52,  3.86it/s]
 59%|#####9    | 297/500 [01:15<00:51,  3.91it/s]
 60%|#####9    | 298/500 [01:16<00:50,  3.97it/s]
 60%|#####9    | 299/500 [01:16<00:50,  4.00it/s]
 60%|######    | 300/500 [01:16<00:49,  4.02it/s]
 60%|######    | 301/500 [01:16<00:49,  4.03it/s]
 60%|######    | 302/500 [01:17<00:49,  4.02it/s]
 61%|######    | 303/500 [01:17<00:48,  4.02it/s]
 61%|######    | 304/500 [01:17<00:48,  4.03it/s]
 61%|######1   | 305/500 [01:17<00:48,  4.03it/s]
 61%|######1   | 306/500 [01:17<00:48,  4.03it/s]
 61%|######1   | 307/500 [01:18<00:47,  4.03it/s]
 62%|######1   | 308/500 [01:18<00:47,  4.04it/s]
 62%|######1   | 309/500 [01:18<00:47,  4.03it/s]
 62%|######2   | 310/500 [01:18<00:47,  4.03it/s]
 62%|######2   | 311/500 [01:19<00:46,  4.03it/s]
 62%|######2   | 312/500 [01:19<00:46,  4.02it/s]
 63%|######2   | 313/500 [01:19<00:46,  4.03it/s]
 63%|######2   | 314/500 [01:19<00:46,  4.02it/s]
 63%|######3   | 315/500 [01:20<00:45,  4.03it/s]
 63%|######3   | 316/500 [01:20<00:45,  4.04it/s]
 63%|######3   | 317/500 [01:20<00:45,  4.05it/s]
 64%|######3   | 318/500 [01:20<00:45,  4.04it/s]
 64%|######3   | 319/500 [01:21<00:44,  4.05it/s]
 64%|######4   | 320/500 [01:21<00:57,  3.16it/s]
 64%|######4   | 321/500 [01:21<00:52,  3.40it/s]
 64%|######4   | 322/500 [01:22<00:49,  3.57it/s]
 65%|######4   | 323/500 [01:22<00:47,  3.71it/s]
 65%|######4   | 324/500 [01:22<00:46,  3.80it/s]
 65%|######5   | 325/500 [01:22<00:45,  3.87it/s]
 65%|######5   | 326/500 [01:23<00:44,  3.92it/s]
 65%|######5   | 327/500 [01:23<00:43,  3.97it/s]
 66%|######5   | 328/500 [01:23<00:43,  3.99it/s]
 66%|######5   | 329/500 [01:23<00:42,  4.00it/s]
 66%|######6   | 330/500 [01:24<00:42,  4.01it/s]
 66%|######6   | 331/500 [01:24<00:42,  4.02it/s]
 66%|######6   | 332/500 [01:24<00:41,  4.02it/s]
 67%|######6   | 333/500 [01:24<00:41,  4.02it/s]
 67%|######6   | 334/500 [01:25<00:41,  4.02it/s]
 67%|######7   | 335/500 [01:25<00:40,  4.03it/s]
 67%|######7   | 336/500 [01:25<00:40,  4.04it/s]
 67%|######7   | 337/500 [01:25<00:40,  4.03it/s]
 68%|######7   | 338/500 [01:26<00:40,  4.01it/s]
 68%|######7   | 339/500 [01:26<00:40,  4.01it/s]
 68%|######8   | 340/500 [01:26<00:39,  4.03it/s]
 68%|######8   | 341/500 [01:26<00:39,  4.03it/s]
 68%|######8   | 342/500 [01:27<00:39,  4.03it/s]
 69%|######8   | 343/500 [01:27<00:38,  4.03it/s]
 69%|######8   | 344/500 [01:27<00:38,  4.03it/s]
 69%|######9   | 345/500 [01:27<00:38,  4.03it/s]
 69%|######9   | 346/500 [01:28<00:38,  4.03it/s]
 69%|######9   | 347/500 [01:28<00:37,  4.05it/s]
 70%|######9   | 348/500 [01:28<00:37,  4.04it/s]
 70%|######9   | 349/500 [01:29<00:46,  3.22it/s]
 70%|#######   | 350/500 [01:29<00:43,  3.45it/s]
 70%|#######   | 351/500 [01:29<00:41,  3.62it/s]
 70%|#######   | 352/500 [01:29<00:39,  3.75it/s]
 71%|#######   | 353/500 [01:30<00:38,  3.84it/s]
 71%|#######   | 354/500 [01:30<00:37,  3.91it/s]
 71%|#######1  | 355/500 [01:30<00:36,  3.96it/s]
 71%|#######1  | 356/500 [01:30<00:36,  4.00it/s]
 71%|#######1  | 357/500 [01:31<00:35,  4.01it/s]
 72%|#######1  | 358/500 [01:31<00:35,  4.04it/s]
 72%|#######1  | 359/500 [01:31<00:34,  4.04it/s]
 72%|#######2  | 360/500 [01:31<00:34,  4.03it/s]
 72%|#######2  | 361/500 [01:32<00:34,  4.03it/s]
 72%|#######2  | 362/500 [01:32<00:34,  4.03it/s]
 73%|#######2  | 363/500 [01:32<00:34,  4.03it/s]
 73%|#######2  | 364/500 [01:32<00:33,  4.03it/s]
 73%|#######3  | 365/500 [01:33<00:33,  4.04it/s]
 73%|#######3  | 366/500 [01:33<00:33,  4.04it/s]
 73%|#######3  | 367/500 [01:33<00:32,  4.03it/s]
 74%|#######3  | 368/500 [01:33<00:32,  4.03it/s]
 74%|#######3  | 369/500 [01:34<00:32,  4.01it/s]
 74%|#######4  | 370/500 [01:34<00:32,  4.04it/s]
 74%|#######4  | 371/500 [01:34<00:32,  4.03it/s]
 74%|#######4  | 372/500 [01:34<00:31,  4.02it/s]
 75%|#######4  | 373/500 [01:35<00:31,  4.02it/s]
 75%|#######4  | 374/500 [01:35<00:31,  4.03it/s]
 75%|#######5  | 375/500 [01:35<00:31,  4.03it/s]
 75%|#######5  | 376/500 [01:35<00:30,  4.03it/s]
 75%|#######5  | 377/500 [01:36<00:30,  4.02it/s]
 76%|#######5  | 378/500 [01:36<00:38,  3.20it/s]
 76%|#######5  | 379/500 [01:36<00:35,  3.43it/s]
 76%|#######6  | 380/500 [01:36<00:33,  3.61it/s]
 76%|#######6  | 381/500 [01:37<00:31,  3.75it/s]
 76%|#######6  | 382/500 [01:37<00:30,  3.85it/s]
 77%|#######6  | 383/500 [01:37<00:29,  3.92it/s]
 77%|#######6  | 384/500 [01:37<00:29,  3.96it/s]
 77%|#######7  | 385/500 [01:38<00:28,  4.00it/s]
 77%|#######7  | 386/500 [01:38<00:28,  4.03it/s]
 77%|#######7  | 387/500 [01:38<00:27,  4.05it/s]
 78%|#######7  | 388/500 [01:38<00:27,  4.06it/s]
 78%|#######7  | 389/500 [01:39<00:27,  4.07it/s]
 78%|#######8  | 390/500 [01:39<00:27,  4.07it/s]
 78%|#######8  | 391/500 [01:39<00:26,  4.06it/s]
 78%|#######8  | 392/500 [01:39<00:26,  4.07it/s]
 79%|#######8  | 393/500 [01:40<00:26,  4.08it/s]
 79%|#######8  | 394/500 [01:40<00:26,  4.07it/s]
 79%|#######9  | 395/500 [01:40<00:25,  4.05it/s]
 79%|#######9  | 396/500 [01:40<00:25,  4.05it/s]
 79%|#######9  | 397/500 [01:41<00:25,  4.05it/s]
 80%|#######9  | 398/500 [01:41<00:25,  4.04it/s]
 80%|#######9  | 399/500 [01:41<00:24,  4.04it/s]
 80%|########  | 400/500 [01:41<00:24,  4.04it/s]
 80%|########  | 401/500 [01:42<00:24,  4.04it/s]
 80%|########  | 402/500 [01:42<00:24,  4.03it/s]
 81%|########  | 403/500 [01:42<00:24,  4.04it/s]
 81%|########  | 404/500 [01:42<00:23,  4.04it/s]
 81%|########1 | 405/500 [01:43<00:23,  4.05it/s]
 81%|########1 | 406/500 [01:43<00:23,  4.04it/s]
 81%|########1 | 407/500 [01:43<00:29,  3.18it/s]
 82%|########1 | 408/500 [01:44<00:26,  3.43it/s]
 82%|########1 | 409/500 [01:44<00:25,  3.60it/s]
 82%|########2 | 410/500 [01:44<00:24,  3.74it/s]
 82%|########2 | 411/500 [01:44<00:23,  3.82it/s]
 82%|########2 | 412/500 [01:45<00:22,  3.89it/s]
 83%|########2 | 413/500 [01:45<00:22,  3.93it/s]
 83%|########2 | 414/500 [01:45<00:21,  3.95it/s]
 83%|########2 | 415/500 [01:45<00:21,  3.97it/s]
 83%|########3 | 416/500 [01:46<00:20,  4.00it/s]
 83%|########3 | 417/500 [01:46<00:20,  4.02it/s]
 84%|########3 | 418/500 [01:46<00:20,  4.04it/s]
 84%|########3 | 419/500 [01:46<00:19,  4.05it/s]
 84%|########4 | 420/500 [01:47<00:19,  4.03it/s]
 84%|########4 | 421/500 [01:47<00:19,  4.02it/s]
 84%|########4 | 422/500 [01:47<00:19,  4.02it/s]
 85%|########4 | 423/500 [01:47<00:19,  4.02it/s]
 85%|########4 | 424/500 [01:48<00:18,  4.02it/s]
 85%|########5 | 425/500 [01:48<00:18,  4.02it/s]
 85%|########5 | 426/500 [01:48<00:18,  4.02it/s]
 85%|########5 | 427/500 [01:48<00:18,  4.02it/s]
 86%|########5 | 428/500 [01:49<00:17,  4.03it/s]
 86%|########5 | 429/500 [01:49<00:17,  4.02it/s]
 86%|########6 | 430/500 [01:49<00:17,  4.01it/s]
 86%|########6 | 431/500 [01:49<00:17,  4.01it/s]
 86%|########6 | 432/500 [01:50<00:16,  4.01it/s]
 87%|########6 | 433/500 [01:50<00:16,  4.02it/s]
 87%|########6 | 434/500 [01:50<00:16,  4.04it/s]
 87%|########7 | 435/500 [01:50<00:16,  4.03it/s]
 87%|########7 | 436/500 [01:51<00:19,  3.21it/s]
 87%|########7 | 437/500 [01:51<00:18,  3.43it/s]
 88%|########7 | 438/500 [01:51<00:17,  3.60it/s]
 88%|########7 | 439/500 [01:51<00:16,  3.74it/s]
 88%|########8 | 440/500 [01:52<00:15,  3.83it/s]
 88%|########8 | 441/500 [01:52<00:15,  3.89it/s]
 88%|########8 | 442/500 [01:52<00:14,  3.94it/s]
 89%|########8 | 443/500 [01:52<00:14,  3.98it/s]
 89%|########8 | 444/500 [01:53<00:13,  4.02it/s]
 89%|########9 | 445/500 [01:53<00:13,  4.06it/s]
 89%|########9 | 446/500 [01:53<00:13,  4.06it/s]
 89%|########9 | 447/500 [01:53<00:13,  4.07it/s]
 90%|########9 | 448/500 [01:54<00:12,  4.06it/s]
 90%|########9 | 449/500 [01:54<00:12,  4.04it/s]
 90%|######### | 450/500 [01:54<00:12,  4.05it/s]
 90%|######### | 451/500 [01:54<00:12,  4.07it/s]
 90%|######### | 452/500 [01:55<00:11,  4.06it/s]
 91%|######### | 453/500 [01:55<00:11,  4.06it/s]
 91%|######### | 454/500 [01:55<00:11,  4.05it/s]
 91%|#########1| 455/500 [01:55<00:11,  4.05it/s]
 91%|#########1| 456/500 [01:56<00:10,  4.04it/s]
 91%|#########1| 457/500 [01:56<00:10,  4.03it/s]
 92%|#########1| 458/500 [01:56<00:10,  4.03it/s]
 92%|#########1| 459/500 [01:56<00:10,  4.03it/s]
 92%|#########2| 460/500 [01:57<00:09,  4.03it/s]
 92%|#########2| 461/500 [01:57<00:09,  4.05it/s]
 92%|#########2| 462/500 [01:57<00:09,  4.05it/s]
 93%|#########2| 463/500 [01:57<00:09,  4.05it/s]
 93%|#########2| 464/500 [01:58<00:08,  4.05it/s]
 93%|#########3| 465/500 [01:58<00:10,  3.21it/s]
 93%|#########3| 466/500 [01:58<00:09,  3.44it/s]
 93%|#########3| 467/500 [01:59<00:09,  3.59it/s]
 94%|#########3| 468/500 [01:59<00:08,  3.70it/s]
 94%|#########3| 469/500 [01:59<00:08,  3.80it/s]
 94%|#########3| 470/500 [01:59<00:07,  3.88it/s]
 94%|#########4| 471/500 [02:00<00:07,  3.94it/s]
 94%|#########4| 472/500 [02:00<00:07,  3.98it/s]
 95%|#########4| 473/500 [02:00<00:06,  4.00it/s]
 95%|#########4| 474/500 [02:00<00:06,  4.02it/s]
 95%|#########5| 475/500 [02:01<00:06,  4.02it/s]
 95%|#########5| 476/500 [02:01<00:05,  4.03it/s]
 95%|#########5| 477/500 [02:01<00:05,  4.03it/s]
 96%|#########5| 478/500 [02:01<00:05,  4.04it/s]
 96%|#########5| 479/500 [02:02<00:05,  4.05it/s]
 96%|#########6| 480/500 [02:02<00:04,  4.05it/s]
 96%|#########6| 481/500 [02:02<00:04,  4.04it/s]
 96%|#########6| 482/500 [02:02<00:04,  4.03it/s]
 97%|#########6| 483/500 [02:03<00:04,  4.02it/s]
 97%|#########6| 484/500 [02:03<00:03,  4.00it/s]
 97%|#########7| 485/500 [02:03<00:03,  3.99it/s]
 97%|#########7| 486/500 [02:03<00:03,  4.00it/s]
 97%|#########7| 487/500 [02:04<00:03,  3.98it/s]
 98%|#########7| 488/500 [02:04<00:03,  3.98it/s]
 98%|#########7| 489/500 [02:04<00:02,  3.99it/s]
 98%|#########8| 490/500 [02:04<00:02,  4.01it/s]
 98%|#########8| 491/500 [02:05<00:02,  4.02it/s]
 98%|#########8| 492/500 [02:05<00:01,  4.02it/s]
 99%|#########8| 493/500 [02:05<00:01,  4.02it/s]
 99%|#########8| 494/500 [02:06<00:01,  3.14it/s]
 99%|#########9| 495/500 [02:06<00:01,  3.37it/s]
 99%|#########9| 496/500 [02:06<00:01,  3.55it/s]
 99%|#########9| 497/500 [02:06<00:00,  3.69it/s]
100%|#########9| 498/500 [02:06<00:00,  3.81it/s]
100%|#########9| 499/500 [02:07<00:00,  3.89it/s]
100%|##########| 500/500 [02:07<00:00,  3.94it/s]
100%|##########| 500/500 [02:07<00:00,  3.92it/s]
Train Epoch 41
{
    "Loss": 0.007114855220541358,
    "Optimizer/policy0_lr": 0.00010000000000000003,
    "Policy_Grad_Norms": 0.03577803280541546,
    "Time_Data_Loading": 0.09656427303949992,
    "Time_Epoch": 2.125390326976776,
    "Time_Log_Info": 0.0246127446492513,
    "Time_Process_Batch": 0.7408768693606059,
    "Time_Train_Batch": 1.2358976244926452
}

Epoch 41 Memory Usage: 2298 MB


  0%|          | 0/500 [00:00<?, ?it/s]
  0%|          | 1/500 [00:00<03:09,  2.63it/s]
  0%|          | 2/500 [00:00<02:29,  3.32it/s]
  1%|          | 3/500 [00:00<02:17,  3.63it/s]
  1%|          | 4/500 [00:01<02:11,  3.77it/s]
  1%|1         | 5/500 [00:01<02:08,  3.84it/s]
  1%|1         | 6/500 [00:01<02:06,  3.90it/s]
  1%|1         | 7/500 [00:01<02:05,  3.93it/s]
  2%|1         | 8/500 [00:02<02:04,  3.94it/s]
  2%|1         | 9/500 [00:02<02:04,  3.95it/s]
  2%|2         | 10/500 [00:02<02:03,  3.96it/s]
  2%|2         | 11/500 [00:02<02:02,  3.98it/s]
  2%|2         | 12/500 [00:03<02:02,  3.99it/s]
  3%|2         | 13/500 [00:03<02:01,  3.99it/s]
  3%|2         | 14/500 [00:03<02:01,  3.99it/s]
  3%|3         | 15/500 [00:03<02:01,  4.00it/s]
  3%|3         | 16/500 [00:04<02:01,  3.99it/s]
  3%|3         | 17/500 [00:04<02:01,  3.99it/s]
  4%|3         | 18/500 [00:04<02:00,  3.99it/s]
  4%|3         | 19/500 [00:04<02:00,  4.00it/s]
  4%|4         | 20/500 [00:05<01:59,  4.00it/s]
  4%|4         | 21/500 [00:05<01:59,  4.00it/s]
  4%|4         | 22/500 [00:05<01:59,  4.00it/s]
  5%|4         | 23/500 [00:05<01:59,  4.01it/s]
  5%|4         | 24/500 [00:06<01:58,  4.00it/s]
  5%|5         | 25/500 [00:06<01:58,  4.00it/s]
  5%|5         | 26/500 [00:06<01:58,  4.00it/s]
  5%|5         | 27/500 [00:06<01:57,  4.01it/s]
  6%|5         | 28/500 [00:07<01:58,  4.00it/s]
  6%|5         | 29/500 [00:07<01:57,  4.00it/s]
  6%|6         | 30/500 [00:07<02:28,  3.16it/s]
  6%|6         | 31/500 [00:08<02:17,  3.40it/s]
  6%|6         | 32/500 [00:08<02:11,  3.57it/s]
  7%|6         | 33/500 [00:08<02:05,  3.71it/s]
  7%|6         | 34/500 [00:08<02:01,  3.83it/s]
  7%|7         | 35/500 [00:09<01:59,  3.89it/s]
  7%|7         | 36/500 [00:09<01:57,  3.93it/s]
  7%|7         | 37/500 [00:09<01:57,  3.95it/s]
  8%|7         | 38/500 [00:09<01:55,  4.00it/s]
  8%|7         | 39/500 [00:10<01:55,  4.01it/s]
  8%|8         | 40/500 [00:10<01:54,  4.02it/s]
  8%|8         | 41/500 [00:10<01:54,  4.03it/s]
  8%|8         | 42/500 [00:10<01:53,  4.03it/s]
  9%|8         | 43/500 [00:11<01:53,  4.02it/s]
  9%|8         | 44/500 [00:11<01:53,  4.02it/s]
  9%|9         | 45/500 [00:11<01:53,  4.01it/s]
  9%|9         | 46/500 [00:11<01:52,  4.02it/s]
  9%|9         | 47/500 [00:12<01:52,  4.03it/s]
 10%|9         | 48/500 [00:12<01:51,  4.04it/s]
 10%|9         | 49/500 [00:12<01:51,  4.04it/s]
 10%|#         | 50/500 [00:12<01:51,  4.04it/s]
 10%|#         | 51/500 [00:13<01:51,  4.04it/s]
 10%|#         | 52/500 [00:13<01:50,  4.05it/s]
 11%|#         | 53/500 [00:13<01:50,  4.05it/s]
 11%|#         | 54/500 [00:13<01:50,  4.04it/s]
 11%|#1        | 55/500 [00:14<01:49,  4.05it/s]
 11%|#1        | 56/500 [00:14<01:49,  4.06it/s]
 11%|#1        | 57/500 [00:14<01:48,  4.07it/s]
 12%|#1        | 58/500 [00:14<01:48,  4.06it/s]
 12%|#1        | 59/500 [00:15<02:17,  3.21it/s]
 12%|#2        | 60/500 [00:15<02:08,  3.42it/s]
 12%|#2        | 61/500 [00:15<02:02,  3.57it/s]
 12%|#2        | 62/500 [00:15<01:58,  3.71it/s]
 13%|#2        | 63/500 [00:16<01:54,  3.80it/s]
 13%|#2        | 64/500 [00:16<01:52,  3.88it/s]
 13%|#3        | 65/500 [00:16<01:50,  3.92it/s]
 13%|#3        | 66/500 [00:16<01:49,  3.96it/s]
 13%|#3        | 67/500 [00:17<01:49,  3.97it/s]
 14%|#3        | 68/500 [00:17<01:48,  3.99it/s]
 14%|#3        | 69/500 [00:17<01:48,  3.98it/s]
 14%|#4        | 70/500 [00:17<01:47,  3.98it/s]
 14%|#4        | 71/500 [00:18<01:47,  3.99it/s]
 14%|#4        | 72/500 [00:18<01:47,  3.99it/s]
 15%|#4        | 73/500 [00:18<01:47,  3.99it/s]
 15%|#4        | 74/500 [00:18<01:45,  4.02it/s]
 15%|#5        | 75/500 [00:19<01:45,  4.04it/s]
 15%|#5        | 76/500 [00:19<01:44,  4.05it/s]
 15%|#5        | 77/500 [00:19<01:44,  4.05it/s]
 16%|#5        | 78/500 [00:19<01:44,  4.03it/s]
 16%|#5        | 79/500 [00:20<01:44,  4.02it/s]
 16%|#6        | 80/500 [00:20<01:44,  4.02it/s]
 16%|#6        | 81/500 [00:20<01:44,  4.02it/s]
 16%|#6        | 82/500 [00:20<01:43,  4.02it/s]
 17%|#6        | 83/500 [00:21<01:43,  4.03it/s]
 17%|#6        | 84/500 [00:21<01:42,  4.04it/s]
 17%|#7        | 85/500 [00:21<01:42,  4.04it/s]
 17%|#7        | 86/500 [00:21<01:42,  4.04it/s]
 17%|#7        | 87/500 [00:22<01:42,  4.04it/s]
 18%|#7        | 88/500 [00:22<02:09,  3.19it/s]
 18%|#7        | 89/500 [00:22<02:00,  3.41it/s]
 18%|#8        | 90/500 [00:23<01:53,  3.61it/s]
 18%|#8        | 91/500 [00:23<01:49,  3.74it/s]
 18%|#8        | 92/500 [00:23<01:46,  3.82it/s]
 19%|#8        | 93/500 [00:23<01:44,  3.88it/s]
 19%|#8        | 94/500 [00:24<01:43,  3.93it/s]
 19%|#9        | 95/500 [00:24<01:41,  3.98it/s]
 19%|#9        | 96/500 [00:24<01:40,  4.00it/s]
 19%|#9        | 97/500 [00:24<01:40,  4.01it/s]
 20%|#9        | 98/500 [00:25<01:40,  4.02it/s]
 20%|#9        | 99/500 [00:25<01:39,  4.04it/s]
 20%|##        | 100/500 [00:25<01:39,  4.03it/s]
 20%|##        | 101/500 [00:25<01:39,  4.03it/s]
 20%|##        | 102/500 [00:26<01:38,  4.03it/s]
 21%|##        | 103/500 [00:26<01:38,  4.04it/s]
 21%|##        | 104/500 [00:26<01:37,  4.06it/s]
 21%|##1       | 105/500 [00:26<01:37,  4.07it/s]
 21%|##1       | 106/500 [00:27<01:36,  4.08it/s]
 21%|##1       | 107/500 [00:27<01:36,  4.09it/s]
 22%|##1       | 108/500 [00:27<01:36,  4.08it/s]
 22%|##1       | 109/500 [00:27<01:35,  4.08it/s]
 22%|##2       | 110/500 [00:28<01:35,  4.07it/s]
 22%|##2       | 111/500 [00:28<01:35,  4.07it/s]
 22%|##2       | 112/500 [00:28<01:35,  4.06it/s]
 23%|##2       | 113/500 [00:28<01:35,  4.07it/s]
 23%|##2       | 114/500 [00:29<01:34,  4.08it/s]
 23%|##3       | 115/500 [00:29<01:34,  4.09it/s]
 23%|##3       | 116/500 [00:29<01:34,  4.07it/s]
 23%|##3       | 117/500 [00:29<01:58,  3.22it/s]
 24%|##3       | 118/500 [00:30<01:50,  3.46it/s]
 24%|##3       | 119/500 [00:30<01:45,  3.62it/s]
 24%|##4       | 120/500 [00:30<01:41,  3.75it/s]
 24%|##4       | 121/500 [00:30<01:38,  3.83it/s]
 24%|##4       | 122/500 [00:31<01:36,  3.90it/s]
 25%|##4       | 123/500 [00:31<01:35,  3.93it/s]
 25%|##4       | 124/500 [00:31<01:35,  3.96it/s]
 25%|##5       | 125/500 [00:31<01:34,  3.97it/s]
 25%|##5       | 126/500 [00:32<01:33,  3.99it/s]
 25%|##5       | 127/500 [00:32<01:33,  3.99it/s]
 26%|##5       | 128/500 [00:32<01:33,  4.00it/s]
 26%|##5       | 129/500 [00:32<01:32,  4.00it/s]
 26%|##6       | 130/500 [00:33<01:31,  4.02it/s]
 26%|##6       | 131/500 [00:33<01:32,  4.01it/s]
 26%|##6       | 132/500 [00:33<01:32,  4.00it/s]
 27%|##6       | 133/500 [00:33<01:31,  4.00it/s]
 27%|##6       | 134/500 [00:34<01:31,  4.01it/s]
 27%|##7       | 135/500 [00:34<01:31,  4.00it/s]
 27%|##7       | 136/500 [00:34<01:30,  4.00it/s]
 27%|##7       | 137/500 [00:34<01:30,  4.00it/s]
 28%|##7       | 138/500 [00:35<01:30,  4.02it/s]
 28%|##7       | 139/500 [00:35<01:30,  4.01it/s]
 28%|##8       | 140/500 [00:35<01:30,  4.00it/s]
 28%|##8       | 141/500 [00:35<01:29,  3.99it/s]
 28%|##8       | 142/500 [00:36<01:29,  4.01it/s]
 29%|##8       | 143/500 [00:36<01:29,  4.01it/s]
 29%|##8       | 144/500 [00:36<01:28,  4.01it/s]
 29%|##9       | 145/500 [00:36<01:28,  4.01it/s]
 29%|##9       | 146/500 [00:37<01:51,  3.18it/s]
 29%|##9       | 147/500 [00:37<01:43,  3.41it/s]
 30%|##9       | 148/500 [00:37<01:38,  3.58it/s]
 30%|##9       | 149/500 [00:38<01:34,  3.71it/s]
 30%|###       | 150/500 [00:38<01:32,  3.80it/s]
 30%|###       | 151/500 [00:38<01:30,  3.85it/s]
 30%|###       | 152/500 [00:38<01:29,  3.89it/s]
 31%|###       | 153/500 [00:39<01:28,  3.93it/s]
 31%|###       | 154/500 [00:39<01:27,  3.96it/s]
 31%|###1      | 155/500 [00:39<01:26,  3.97it/s]
 31%|###1      | 156/500 [00:39<01:26,  3.99it/s]
 31%|###1      | 157/500 [00:40<01:25,  4.00it/s]
 32%|###1      | 158/500 [00:40<01:25,  3.99it/s]
 32%|###1      | 159/500 [00:40<01:25,  3.99it/s]
 32%|###2      | 160/500 [00:40<01:25,  3.99it/s]
 32%|###2      | 161/500 [00:41<01:24,  4.01it/s]
 32%|###2      | 162/500 [00:41<01:24,  4.01it/s]
 33%|###2      | 163/500 [00:41<01:23,  4.02it/s]
 33%|###2      | 164/500 [00:41<01:23,  4.02it/s]
 33%|###3      | 165/500 [00:42<01:22,  4.04it/s]
 33%|###3      | 166/500 [00:42<01:22,  4.04it/s]
 33%|###3      | 167/500 [00:42<01:22,  4.03it/s]
 34%|###3      | 168/500 [00:42<01:22,  4.03it/s]
 34%|###3      | 169/500 [00:43<01:21,  4.04it/s]
 34%|###4      | 170/500 [00:43<01:21,  4.04it/s]
 34%|###4      | 171/500 [00:43<01:21,  4.04it/s]
 34%|###4      | 172/500 [00:43<01:21,  4.04it/s]
 35%|###4      | 173/500 [00:44<01:20,  4.05it/s]
 35%|###4      | 174/500 [00:44<01:20,  4.04it/s]
 35%|###5      | 175/500 [00:44<01:41,  3.20it/s]
 35%|###5      | 176/500 [00:45<01:34,  3.44it/s]
 35%|###5      | 177/500 [00:45<01:29,  3.61it/s]
 36%|###5      | 178/500 [00:45<01:26,  3.73it/s]
 36%|###5      | 179/500 [00:45<01:24,  3.81it/s]
 36%|###6      | 180/500 [00:46<01:21,  3.90it/s]
 36%|###6      | 181/500 [00:46<01:20,  3.95it/s]
 36%|###6      | 182/500 [00:46<01:19,  3.98it/s]
 37%|###6      | 183/500 [00:46<01:19,  4.01it/s]
 37%|###6      | 184/500 [00:47<01:18,  4.02it/s]
 37%|###7      | 185/500 [00:47<01:18,  4.02it/s]
 37%|###7      | 186/500 [00:47<01:17,  4.03it/s]
 37%|###7      | 187/500 [00:47<01:17,  4.04it/s]
 38%|###7      | 188/500 [00:48<01:17,  4.04it/s]
 38%|###7      | 189/500 [00:48<01:17,  4.04it/s]
 38%|###8      | 190/500 [00:48<01:16,  4.04it/s]
 38%|###8      | 191/500 [00:48<01:16,  4.03it/s]
 38%|###8      | 192/500 [00:49<01:16,  4.04it/s]
 39%|###8      | 193/500 [00:49<01:16,  4.04it/s]
 39%|###8      | 194/500 [00:49<01:15,  4.03it/s]
 39%|###9      | 195/500 [00:49<01:15,  4.02it/s]
 39%|###9      | 196/500 [00:50<01:15,  4.03it/s]
 39%|###9      | 197/500 [00:50<01:15,  4.03it/s]
 40%|###9      | 198/500 [00:50<01:15,  4.03it/s]
 40%|###9      | 199/500 [00:50<01:14,  4.02it/s]
 40%|####      | 200/500 [00:50<01:14,  4.03it/s]
 40%|####      | 201/500 [00:51<01:14,  4.04it/s]
 40%|####      | 202/500 [00:51<01:13,  4.05it/s]
 41%|####      | 203/500 [00:51<01:13,  4.05it/s]
 41%|####      | 204/500 [00:52<01:32,  3.20it/s]
 41%|####1     | 205/500 [00:52<01:26,  3.42it/s]
 41%|####1     | 206/500 [00:52<01:21,  3.60it/s]
 41%|####1     | 207/500 [00:52<01:18,  3.73it/s]
 42%|####1     | 208/500 [00:53<01:16,  3.83it/s]
 42%|####1     | 209/500 [00:53<01:14,  3.89it/s]
 42%|####2     | 210/500 [00:53<01:13,  3.94it/s]
 42%|####2     | 211/500 [00:53<01:13,  3.96it/s]
 42%|####2     | 212/500 [00:54<01:12,  3.98it/s]
 43%|####2     | 213/500 [00:54<01:11,  3.99it/s]
 43%|####2     | 214/500 [00:54<01:11,  4.01it/s]
 43%|####3     | 215/500 [00:54<01:10,  4.02it/s]
 43%|####3     | 216/500 [00:55<01:10,  4.03it/s]
 43%|####3     | 217/500 [00:55<01:10,  4.04it/s]
 44%|####3     | 218/500 [00:55<01:09,  4.05it/s]
 44%|####3     | 219/500 [00:55<01:09,  4.04it/s]
 44%|####4     | 220/500 [00:56<01:08,  4.06it/s]
 44%|####4     | 221/500 [00:56<01:08,  4.08it/s]
 44%|####4     | 222/500 [00:56<01:07,  4.09it/s]
 45%|####4     | 223/500 [00:56<01:07,  4.08it/s]
 45%|####4     | 224/500 [00:57<01:07,  4.09it/s]
 45%|####5     | 225/500 [00:57<01:07,  4.08it/s]
 45%|####5     | 226/500 [00:57<01:07,  4.07it/s]
 45%|####5     | 227/500 [00:57<01:07,  4.07it/s]
 46%|####5     | 228/500 [00:58<01:07,  4.06it/s]
 46%|####5     | 229/500 [00:58<01:06,  4.06it/s]
 46%|####6     | 230/500 [00:58<01:06,  4.06it/s]
 46%|####6     | 231/500 [00:58<01:06,  4.05it/s]
 46%|####6     | 232/500 [00:59<01:06,  4.04it/s]
 47%|####6     | 233/500 [00:59<01:23,  3.20it/s]
 47%|####6     | 234/500 [00:59<01:17,  3.42it/s]
 47%|####6     | 235/500 [01:00<01:13,  3.58it/s]
 47%|####7     | 236/500 [01:00<01:11,  3.71it/s]
 47%|####7     | 237/500 [01:00<01:09,  3.81it/s]
 48%|####7     | 238/500 [01:00<01:07,  3.88it/s]
 48%|####7     | 239/500 [01:01<01:06,  3.94it/s]
 48%|####8     | 240/500 [01:01<01:05,  3.98it/s]
 48%|####8     | 241/500 [01:01<01:04,  4.01it/s]
 48%|####8     | 242/500 [01:01<01:04,  4.02it/s]
 49%|####8     | 243/500 [01:02<01:03,  4.02it/s]
 49%|####8     | 244/500 [01:02<01:03,  4.03it/s]
 49%|####9     | 245/500 [01:02<01:02,  4.07it/s]
 49%|####9     | 246/500 [01:02<01:02,  4.04it/s]
 49%|####9     | 247/500 [01:03<01:02,  4.06it/s]
 50%|####9     | 248/500 [01:03<01:02,  4.06it/s]
 50%|####9     | 249/500 [01:03<01:01,  4.07it/s]
 50%|#####     | 250/500 [01:03<01:01,  4.06it/s]
 50%|#####     | 251/500 [01:03<01:01,  4.05it/s]
 50%|#####     | 252/500 [01:04<01:01,  4.05it/s]
 51%|#####     | 253/500 [01:04<01:01,  4.05it/s]
 51%|#####     | 254/500 [01:04<01:00,  4.04it/s]
 51%|#####1    | 255/500 [01:04<01:00,  4.04it/s]
 51%|#####1    | 256/500 [01:05<01:00,  4.02it/s]
 51%|#####1    | 257/500 [01:05<01:00,  4.04it/s]
 52%|#####1    | 258/500 [01:05<00:59,  4.04it/s]
 52%|#####1    | 259/500 [01:05<00:59,  4.04it/s]
 52%|#####2    | 260/500 [01:06<00:59,  4.04it/s]
 52%|#####2    | 261/500 [01:06<00:58,  4.05it/s]
 52%|#####2    | 262/500 [01:06<01:14,  3.19it/s]
 53%|#####2    | 263/500 [01:07<01:09,  3.42it/s]
 53%|#####2    | 264/500 [01:07<01:05,  3.61it/s]
 53%|#####3    | 265/500 [01:07<01:02,  3.74it/s]
 53%|#####3    | 266/500 [01:07<01:00,  3.84it/s]
 53%|#####3    | 267/500 [01:08<00:59,  3.91it/s]
 54%|#####3    | 268/500 [01:08<00:58,  3.96it/s]
 54%|#####3    | 269/500 [01:08<00:57,  3.98it/s]
 54%|#####4    | 270/500 [01:08<00:57,  4.01it/s]
 54%|#####4    | 271/500 [01:09<00:57,  4.01it/s]
 54%|#####4    | 272/500 [01:09<00:56,  4.02it/s]
 55%|#####4    | 273/500 [01:09<00:56,  4.03it/s]
 55%|#####4    | 274/500 [01:09<00:55,  4.04it/s]
 55%|#####5    | 275/500 [01:10<00:55,  4.05it/s]
 55%|#####5    | 276/500 [01:10<00:55,  4.07it/s]
 55%|#####5    | 277/500 [01:10<00:54,  4.06it/s]
 56%|#####5    | 278/500 [01:10<00:54,  4.06it/s]
 56%|#####5    | 279/500 [01:11<00:54,  4.05it/s]
 56%|#####6    | 280/500 [01:11<00:54,  4.06it/s]
 56%|#####6    | 281/500 [01:11<00:53,  4.06it/s]
 56%|#####6    | 282/500 [01:11<00:53,  4.06it/s]
 57%|#####6    | 283/500 [01:12<00:53,  4.07it/s]
 57%|#####6    | 284/500 [01:12<00:53,  4.05it/s]
 57%|#####6    | 285/500 [01:12<00:53,  4.05it/s]
 57%|#####7    | 286/500 [01:12<00:52,  4.04it/s]
 57%|#####7    | 287/500 [01:13<00:52,  4.05it/s]
 58%|#####7    | 288/500 [01:13<00:52,  4.04it/s]
 58%|#####7    | 289/500 [01:13<00:52,  4.04it/s]
 58%|#####8    | 290/500 [01:13<00:51,  4.04it/s]
 58%|#####8    | 291/500 [01:14<01:04,  3.22it/s]
 58%|#####8    | 292/500 [01:14<01:00,  3.44it/s]
 59%|#####8    | 293/500 [01:14<00:57,  3.60it/s]
 59%|#####8    | 294/500 [01:15<00:55,  3.72it/s]
 59%|#####8    | 295/500 [01:15<00:53,  3.82it/s]
 59%|#####9    | 296/500 [01:15<00:52,  3.87it/s]
 59%|#####9    | 297/500 [01:15<00:52,  3.90it/s]
 60%|#####9    | 298/500 [01:16<00:51,  3.94it/s]
 60%|#####9    | 299/500 [01:16<00:50,  3.97it/s]
 60%|######    | 300/500 [01:16<00:50,  3.98it/s]
 60%|######    | 301/500 [01:16<00:49,  4.00it/s]
 60%|######    | 302/500 [01:17<00:49,  4.01it/s]
 61%|######    | 303/500 [01:17<00:49,  4.01it/s]
 61%|######    | 304/500 [01:17<00:48,  4.01it/s]
 61%|######1   | 305/500 [01:17<00:48,  4.01it/s]
 61%|######1   | 306/500 [01:18<00:48,  4.00it/s]
 61%|######1   | 307/500 [01:18<00:48,  4.00it/s]
 62%|######1   | 308/500 [01:18<00:47,  4.00it/s]
 62%|######1   | 309/500 [01:18<00:47,  4.00it/s]
 62%|######2   | 310/500 [01:19<00:47,  4.01it/s]
 62%|######2   | 311/500 [01:19<00:47,  4.00it/s]
 62%|######2   | 312/500 [01:19<00:47,  3.99it/s]
 63%|######2   | 313/500 [01:19<00:46,  3.99it/s]
 63%|######2   | 314/500 [01:20<00:46,  4.00it/s]
 63%|######3   | 315/500 [01:20<00:46,  4.01it/s]
 63%|######3   | 316/500 [01:20<00:45,  4.00it/s]
 63%|######3   | 317/500 [01:20<00:45,  4.00it/s]
 64%|######3   | 318/500 [01:21<00:45,  4.01it/s]
 64%|######3   | 319/500 [01:21<00:45,  4.00it/s]
 64%|######4   | 320/500 [01:21<00:56,  3.18it/s]
 64%|######4   | 321/500 [01:21<00:52,  3.40it/s]
 64%|######4   | 322/500 [01:22<00:49,  3.57it/s]
 65%|######4   | 323/500 [01:22<00:47,  3.72it/s]
 65%|######4   | 324/500 [01:22<00:46,  3.82it/s]
 65%|######5   | 325/500 [01:22<00:45,  3.88it/s]
 65%|######5   | 326/500 [01:23<00:44,  3.93it/s]
 65%|######5   | 327/500 [01:23<00:43,  3.97it/s]
 66%|######5   | 328/500 [01:23<00:43,  3.99it/s]
 66%|######5   | 329/500 [01:23<00:42,  4.00it/s]
 66%|######6   | 330/500 [01:24<00:42,  4.00it/s]
 66%|######6   | 331/500 [01:24<00:42,  4.00it/s]
 66%|######6   | 332/500 [01:24<00:42,  4.00it/s]
 67%|######6   | 333/500 [01:24<00:41,  4.02it/s]
 67%|######6   | 334/500 [01:25<00:41,  4.03it/s]
 67%|######7   | 335/500 [01:25<00:41,  4.02it/s]
 67%|######7   | 336/500 [01:25<00:40,  4.02it/s]
 67%|######7   | 337/500 [01:25<00:40,  4.02it/s]
 68%|######7   | 338/500 [01:26<00:40,  4.02it/s]
 68%|######7   | 339/500 [01:26<00:40,  4.02it/s]
 68%|######8   | 340/500 [01:26<00:39,  4.01it/s]
 68%|######8   | 341/500 [01:26<00:39,  4.03it/s]
 68%|######8   | 342/500 [01:27<00:39,  4.02it/s]
 69%|######8   | 343/500 [01:27<00:39,  4.01it/s]
 69%|######8   | 344/500 [01:27<00:38,  4.02it/s]
 69%|######9   | 345/500 [01:27<00:38,  4.04it/s]
 69%|######9   | 346/500 [01:28<00:38,  4.04it/s]
 69%|######9   | 347/500 [01:28<00:37,  4.05it/s]
 70%|######9   | 348/500 [01:28<00:37,  4.05it/s]
 70%|######9   | 349/500 [01:29<00:46,  3.21it/s]
 70%|#######   | 350/500 [01:29<00:43,  3.44it/s]
 70%|#######   | 351/500 [01:29<00:41,  3.61it/s]
 70%|#######   | 352/500 [01:29<00:39,  3.75it/s]
 71%|#######   | 353/500 [01:30<00:38,  3.84it/s]
 71%|#######   | 354/500 [01:30<00:37,  3.89it/s]
 71%|#######1  | 355/500 [01:30<00:36,  3.93it/s]
 71%|#######1  | 356/500 [01:30<00:36,  3.97it/s]
 71%|#######1  | 357/500 [01:31<00:35,  3.99it/s]
 72%|#######1  | 358/500 [01:31<00:35,  4.00it/s]
 72%|#######1  | 359/500 [01:31<00:35,  4.00it/s]
 72%|#######2  | 360/500 [01:31<00:34,  4.02it/s]
 72%|#######2  | 361/500 [01:32<00:34,  4.03it/s]
 72%|#######2  | 362/500 [01:32<00:34,  4.03it/s]
 73%|#######2  | 363/500 [01:32<00:33,  4.04it/s]
 73%|#######2  | 364/500 [01:32<00:33,  4.05it/s]
 73%|#######3  | 365/500 [01:33<00:33,  4.05it/s]
 73%|#######3  | 366/500 [01:33<00:33,  4.05it/s]
 73%|#######3  | 367/500 [01:33<00:32,  4.05it/s]
 74%|#######3  | 368/500 [01:33<00:32,  4.07it/s]
 74%|#######3  | 369/500 [01:34<00:32,  4.06it/s]
 74%|#######4  | 370/500 [01:34<00:32,  4.04it/s]
 74%|#######4  | 371/500 [01:34<00:32,  4.03it/s]
 74%|#######4  | 372/500 [01:34<00:31,  4.03it/s]
 75%|#######4  | 373/500 [01:35<00:31,  4.03it/s]
 75%|#######4  | 374/500 [01:35<00:31,  4.04it/s]
 75%|#######5  | 375/500 [01:35<00:30,  4.05it/s]
 75%|#######5  | 376/500 [01:35<00:30,  4.05it/s]
 75%|#######5  | 377/500 [01:36<00:30,  4.04it/s]
 76%|#######5  | 378/500 [01:36<00:38,  3.20it/s]
 76%|#######5  | 379/500 [01:36<00:35,  3.44it/s]
 76%|#######6  | 380/500 [01:36<00:33,  3.60it/s]
 76%|#######6  | 381/500 [01:37<00:31,  3.74it/s]
 76%|#######6  | 382/500 [01:37<00:30,  3.82it/s]
 77%|#######6  | 383/500 [01:37<00:30,  3.89it/s]
 77%|#######6  | 384/500 [01:37<00:29,  3.96it/s]
 77%|#######7  | 385/500 [01:38<00:28,  3.99it/s]
 77%|#######7  | 386/500 [01:38<00:28,  4.01it/s]
 77%|#######7  | 387/500 [01:38<00:28,  4.01it/s]
 78%|#######7  | 388/500 [01:38<00:27,  4.02it/s]
 78%|#######7  | 389/500 [01:39<00:27,  4.03it/s]
 78%|#######8  | 390/500 [01:39<00:27,  4.03it/s]
 78%|#######8  | 391/500 [01:39<00:27,  4.03it/s]
 78%|#######8  | 392/500 [01:39<00:26,  4.03it/s]
 79%|#######8  | 393/500 [01:40<00:26,  4.02it/s]
 79%|#######8  | 394/500 [01:40<00:26,  4.01it/s]
 79%|#######9  | 395/500 [01:40<00:26,  4.02it/s]
 79%|#######9  | 396/500 [01:40<00:25,  4.02it/s]
 79%|#######9  | 397/500 [01:41<00:25,  4.02it/s]
 80%|#######9  | 398/500 [01:41<00:25,  4.01it/s]
 80%|#######9  | 399/500 [01:41<00:25,  4.00it/s]
 80%|########  | 400/500 [01:41<00:24,  4.01it/s]
 80%|########  | 401/500 [01:42<00:24,  4.01it/s]
 80%|########  | 402/500 [01:42<00:24,  4.01it/s]
 81%|########  | 403/500 [01:42<00:24,  4.01it/s]
 81%|########  | 404/500 [01:42<00:23,  4.04it/s]
 81%|########1 | 405/500 [01:43<00:23,  4.03it/s]
 81%|########1 | 406/500 [01:43<00:23,  4.02it/s]
 81%|########1 | 407/500 [01:43<00:29,  3.16it/s]
 82%|########1 | 408/500 [01:44<00:27,  3.39it/s]
 82%|########1 | 409/500 [01:44<00:25,  3.57it/s]
 82%|########2 | 410/500 [01:44<00:24,  3.71it/s]
 82%|########2 | 411/500 [01:44<00:23,  3.80it/s]
 82%|########2 | 412/500 [01:45<00:22,  3.86it/s]
 83%|########2 | 413/500 [01:45<00:22,  3.90it/s]
 83%|########2 | 414/500 [01:45<00:21,  3.94it/s]
 83%|########2 | 415/500 [01:45<00:21,  4.00it/s]
 83%|########3 | 416/500 [01:46<00:20,  4.01it/s]
 83%|########3 | 417/500 [01:46<00:20,  4.04it/s]
 84%|########3 | 418/500 [01:46<00:20,  4.05it/s]
 84%|########3 | 419/500 [01:46<00:20,  4.05it/s]
 84%|########4 | 420/500 [01:47<00:19,  4.06it/s]
 84%|########4 | 421/500 [01:47<00:19,  4.06it/s]
 84%|########4 | 422/500 [01:47<00:19,  4.05it/s]
 85%|########4 | 423/500 [01:47<00:19,  4.04it/s]
 85%|########4 | 424/500 [01:48<00:18,  4.04it/s]
 85%|########5 | 425/500 [01:48<00:18,  4.03it/s]
 85%|########5 | 426/500 [01:48<00:18,  4.03it/s]
 85%|########5 | 427/500 [01:48<00:18,  4.03it/s]
 86%|########5 | 428/500 [01:49<00:17,  4.05it/s]
 86%|########5 | 429/500 [01:49<00:17,  4.05it/s]
 86%|########6 | 430/500 [01:49<00:17,  4.04it/s]
 86%|########6 | 431/500 [01:49<00:17,  4.04it/s]
 86%|########6 | 432/500 [01:50<00:16,  4.05it/s]
 87%|########6 | 433/500 [01:50<00:16,  4.05it/s]
 87%|########6 | 434/500 [01:50<00:16,  4.07it/s]
 87%|########7 | 435/500 [01:50<00:15,  4.08it/s]
 87%|########7 | 436/500 [01:51<00:19,  3.22it/s]
 87%|########7 | 437/500 [01:51<00:18,  3.42it/s]
 88%|########7 | 438/500 [01:51<00:17,  3.59it/s]
 88%|########7 | 439/500 [01:52<00:16,  3.72it/s]
 88%|########8 | 440/500 [01:52<00:15,  3.81it/s]
 88%|########8 | 441/500 [01:52<00:15,  3.86it/s]
 88%|########8 | 442/500 [01:52<00:14,  3.91it/s]
 89%|########8 | 443/500 [01:53<00:14,  3.95it/s]
 89%|########8 | 444/500 [01:53<00:14,  3.98it/s]
 89%|########9 | 445/500 [01:53<00:13,  3.97it/s]
 89%|########9 | 446/500 [01:53<00:13,  4.00it/s]
 89%|########9 | 447/500 [01:54<00:13,  4.02it/s]
 90%|########9 | 448/500 [01:54<00:12,  4.02it/s]
 90%|########9 | 449/500 [01:54<00:12,  4.02it/s]
 90%|######### | 450/500 [01:54<00:12,  4.03it/s]
 90%|######### | 451/500 [01:54<00:12,  4.05it/s]
 90%|######### | 452/500 [01:55<00:11,  4.06it/s]
 91%|######### | 453/500 [01:55<00:11,  4.08it/s]
 91%|######### | 454/500 [01:55<00:11,  4.09it/s]
 91%|#########1| 455/500 [01:55<00:10,  4.10it/s]
 91%|#########1| 456/500 [01:56<00:10,  4.07it/s]
 91%|#########1| 457/500 [01:56<00:10,  4.06it/s]
 92%|#########1| 458/500 [01:56<00:10,  4.06it/s]
 92%|#########1| 459/500 [01:56<00:10,  4.06it/s]
 92%|#########2| 460/500 [01:57<00:09,  4.04it/s]
 92%|#########2| 461/500 [01:57<00:09,  4.04it/s]
 92%|#########2| 462/500 [01:57<00:09,  4.04it/s]
 93%|#########2| 463/500 [01:57<00:09,  4.05it/s]
 93%|#########2| 464/500 [01:58<00:08,  4.03it/s]
 93%|#########3| 465/500 [01:58<00:10,  3.19it/s]
 93%|#########3| 466/500 [01:58<00:09,  3.42it/s]
 93%|#########3| 467/500 [01:59<00:09,  3.57it/s]
 94%|#########3| 468/500 [01:59<00:08,  3.69it/s]
 94%|#########3| 469/500 [01:59<00:08,  3.77it/s]
 94%|#########3| 470/500 [01:59<00:07,  3.85it/s]
 94%|#########4| 471/500 [02:00<00:07,  3.89it/s]
 94%|#########4| 472/500 [02:00<00:07,  3.92it/s]
 95%|#########4| 473/500 [02:00<00:06,  3.97it/s]
 95%|#########4| 474/500 [02:00<00:06,  4.00it/s]
 95%|#########5| 475/500 [02:01<00:06,  4.01it/s]
 95%|#########5| 476/500 [02:01<00:05,  4.01it/s]
 95%|#########5| 477/500 [02:01<00:05,  4.02it/s]
 96%|#########5| 478/500 [02:01<00:05,  4.03it/s]
 96%|#########5| 479/500 [02:02<00:05,  4.04it/s]
 96%|#########6| 480/500 [02:02<00:04,  4.04it/s]
 96%|#########6| 481/500 [02:02<00:04,  4.05it/s]
 96%|#########6| 482/500 [02:02<00:04,  4.05it/s]
 97%|#########6| 483/500 [02:03<00:04,  4.05it/s]
 97%|#########6| 484/500 [02:03<00:03,  4.03it/s]
 97%|#########7| 485/500 [02:03<00:03,  4.02it/s]
 97%|#########7| 486/500 [02:03<00:03,  4.03it/s]
 97%|#########7| 487/500 [02:04<00:03,  4.05it/s]
 98%|#########7| 488/500 [02:04<00:02,  4.06it/s]
 98%|#########7| 489/500 [02:04<00:02,  4.05it/s]
 98%|#########8| 490/500 [02:04<00:02,  4.06it/s]
 98%|#########8| 491/500 [02:05<00:02,  4.07it/s]
 98%|#########8| 492/500 [02:05<00:01,  4.07it/s]
 99%|#########8| 493/500 [02:05<00:01,  4.06it/s]
 99%|#########8| 494/500 [02:06<00:01,  3.18it/s]
 99%|#########9| 495/500 [02:06<00:01,  3.40it/s]
 99%|#########9| 496/500 [02:06<00:01,  3.57it/s]
 99%|#########9| 497/500 [02:06<00:00,  3.71it/s]
100%|#########9| 498/500 [02:07<00:00,  3.80it/s]
100%|#########9| 499/500 [02:07<00:00,  3.88it/s]
100%|##########| 500/500 [02:07<00:00,  3.92it/s]
100%|##########| 500/500 [02:07<00:00,  3.92it/s]
Train Epoch 42
{
    "Loss": 0.006862072086893022,
    "Optimizer/policy0_lr": 0.00010000000000000003,
    "Policy_Grad_Norms": 0.035587784177534935,
    "Time_Data_Loading": 0.09675956964492798,
    "Time_Epoch": 2.1266255219777426,
    "Time_Log_Info": 0.024521938959757485,
    "Time_Process_Batch": 0.742149539788564,
    "Time_Train_Batch": 1.2360734383265177
}

Epoch 42 Memory Usage: 2298 MB


  0%|          | 0/500 [00:00<?, ?it/s]
  0%|          | 1/500 [00:00<03:09,  2.64it/s]
  0%|          | 2/500 [00:00<02:29,  3.33it/s]
  1%|          | 3/500 [00:00<02:18,  3.60it/s]
  1%|          | 4/500 [00:01<02:10,  3.79it/s]
  1%|1         | 5/500 [00:01<02:07,  3.89it/s]
  1%|1         | 6/500 [00:01<02:05,  3.93it/s]
  1%|1         | 7/500 [00:01<02:04,  3.95it/s]
  2%|1         | 8/500 [00:02<02:03,  3.98it/s]
  2%|1         | 9/500 [00:02<02:02,  4.00it/s]
  2%|2         | 10/500 [00:02<02:02,  3.99it/s]
  2%|2         | 11/500 [00:02<02:02,  3.98it/s]
  2%|2         | 12/500 [00:03<02:02,  3.99it/s]
  3%|2         | 13/500 [00:03<02:02,  3.98it/s]
  3%|2         | 14/500 [00:03<02:02,  3.98it/s]
  3%|3         | 15/500 [00:03<02:01,  3.98it/s]
  3%|3         | 16/500 [00:04<02:01,  3.99it/s]
  3%|3         | 17/500 [00:04<02:00,  3.99it/s]
  4%|3         | 18/500 [00:04<02:00,  3.99it/s]
  4%|3         | 19/500 [00:04<02:00,  3.99it/s]
  4%|4         | 20/500 [00:05<02:00,  3.99it/s]
  4%|4         | 21/500 [00:05<01:59,  3.99it/s]
  4%|4         | 22/500 [00:05<01:59,  4.00it/s]
  5%|4         | 23/500 [00:05<01:59,  4.00it/s]
  5%|4         | 24/500 [00:06<01:59,  3.99it/s]
  5%|5         | 25/500 [00:06<01:58,  3.99it/s]
  5%|5         | 26/500 [00:06<01:58,  4.00it/s]
  5%|5         | 27/500 [00:06<01:57,  4.02it/s]
  6%|5         | 28/500 [00:07<01:57,  4.03it/s]
  6%|5         | 29/500 [00:07<01:56,  4.03it/s]
  6%|6         | 30/500 [00:07<02:26,  3.21it/s]
  6%|6         | 31/500 [00:08<02:16,  3.44it/s]
  6%|6         | 32/500 [00:08<02:09,  3.61it/s]
  7%|6         | 33/500 [00:08<02:04,  3.74it/s]
  7%|6         | 34/500 [00:08<02:01,  3.84it/s]
  7%|7         | 35/500 [00:09<01:59,  3.90it/s]
  7%|7         | 36/500 [00:09<01:57,  3.94it/s]
  7%|7         | 37/500 [00:09<01:56,  3.96it/s]
  8%|7         | 38/500 [00:09<01:55,  4.00it/s]
  8%|7         | 39/500 [00:10<01:54,  4.02it/s]
  8%|8         | 40/500 [00:10<01:54,  4.02it/s]
  8%|8         | 41/500 [00:10<01:54,  4.02it/s]
  8%|8         | 42/500 [00:10<01:53,  4.04it/s]
  9%|8         | 43/500 [00:11<01:53,  4.03it/s]
  9%|8         | 44/500 [00:11<01:53,  4.02it/s]
  9%|9         | 45/500 [00:11<01:53,  4.01it/s]
  9%|9         | 46/500 [00:11<01:52,  4.03it/s]
  9%|9         | 47/500 [00:12<01:52,  4.03it/s]
 10%|9         | 48/500 [00:12<01:52,  4.02it/s]
 10%|9         | 49/500 [00:12<01:52,  4.02it/s]
 10%|#         | 50/500 [00:12<01:51,  4.03it/s]
 10%|#         | 51/500 [00:13<01:51,  4.02it/s]
 10%|#         | 52/500 [00:13<01:51,  4.01it/s]
 11%|#         | 53/500 [00:13<01:51,  4.02it/s]
 11%|#         | 54/500 [00:13<01:50,  4.03it/s]
 11%|#1        | 55/500 [00:14<01:50,  4.03it/s]
 11%|#1        | 56/500 [00:14<01:50,  4.03it/s]
 11%|#1        | 57/500 [00:14<01:49,  4.03it/s]
 12%|#1        | 58/500 [00:14<01:49,  4.05it/s]
 12%|#1        | 59/500 [00:15<02:19,  3.17it/s]
 12%|#2        | 60/500 [00:15<02:09,  3.39it/s]
 12%|#2        | 61/500 [00:15<02:03,  3.56it/s]
 12%|#2        | 62/500 [00:15<01:58,  3.69it/s]
 13%|#2        | 63/500 [00:16<01:55,  3.77it/s]
 13%|#2        | 64/500 [00:16<01:53,  3.84it/s]
 13%|#3        | 65/500 [00:16<01:51,  3.89it/s]
 13%|#3        | 66/500 [00:16<01:50,  3.92it/s]
 13%|#3        | 67/500 [00:17<01:49,  3.95it/s]
 14%|#3        | 68/500 [00:17<01:48,  3.97it/s]
 14%|#3        | 69/500 [00:17<01:47,  4.00it/s]
 14%|#4        | 70/500 [00:17<01:47,  4.00it/s]
 14%|#4        | 71/500 [00:18<01:47,  4.00it/s]
 14%|#4        | 72/500 [00:18<01:47,  3.99it/s]
 15%|#4        | 73/500 [00:18<01:46,  4.00it/s]
 15%|#4        | 74/500 [00:18<01:46,  4.00it/s]
 15%|#5        | 75/500 [00:19<01:45,  4.01it/s]
 15%|#5        | 76/500 [00:19<01:45,  4.03it/s]
 15%|#5        | 77/500 [00:19<01:44,  4.05it/s]
 16%|#5        | 78/500 [00:19<01:44,  4.04it/s]
 16%|#5        | 79/500 [00:20<01:44,  4.03it/s]
 16%|#6        | 80/500 [00:20<01:44,  4.03it/s]
 16%|#6        | 81/500 [00:20<01:43,  4.04it/s]
 16%|#6        | 82/500 [00:20<01:43,  4.05it/s]
 17%|#6        | 83/500 [00:21<01:43,  4.04it/s]
 17%|#6        | 84/500 [00:21<01:42,  4.04it/s]
 17%|#7        | 85/500 [00:21<01:42,  4.05it/s]
 17%|#7        | 86/500 [00:21<01:42,  4.05it/s]
 17%|#7        | 87/500 [00:22<01:42,  4.04it/s]
 18%|#7        | 88/500 [00:22<02:08,  3.22it/s]
 18%|#7        | 89/500 [00:22<02:00,  3.42it/s]
 18%|#8        | 90/500 [00:23<01:54,  3.59it/s]
 18%|#8        | 91/500 [00:23<01:50,  3.71it/s]
 18%|#8        | 92/500 [00:23<01:46,  3.82it/s]
 19%|#8        | 93/500 [00:23<01:44,  3.89it/s]
 19%|#8        | 94/500 [00:24<01:43,  3.94it/s]
 19%|#9        | 95/500 [00:24<01:41,  3.97it/s]
 19%|#9        | 96/500 [00:24<01:40,  4.00it/s]
 19%|#9        | 97/500 [00:24<01:40,  4.03it/s]
 20%|#9        | 98/500 [00:25<01:39,  4.04it/s]
 20%|#9        | 99/500 [00:25<01:38,  4.05it/s]
 20%|##        | 100/500 [00:25<01:38,  4.05it/s]
 20%|##        | 101/500 [00:25<01:38,  4.06it/s]
 20%|##        | 102/500 [00:26<01:38,  4.05it/s]
 21%|##        | 103/500 [00:26<01:37,  4.05it/s]
 21%|##        | 104/500 [00:26<01:37,  4.07it/s]
 21%|##1       | 105/500 [00:26<01:37,  4.06it/s]
 21%|##1       | 106/500 [00:27<01:37,  4.06it/s]
 21%|##1       | 107/500 [00:27<01:36,  4.05it/s]
 22%|##1       | 108/500 [00:27<01:37,  4.04it/s]
 22%|##1       | 109/500 [00:27<01:36,  4.05it/s]
 22%|##2       | 110/500 [00:28<01:35,  4.07it/s]
 22%|##2       | 111/500 [00:28<01:35,  4.07it/s]
 22%|##2       | 112/500 [00:28<01:35,  4.07it/s]
 23%|##2       | 113/500 [00:28<01:35,  4.07it/s]
 23%|##2       | 114/500 [00:29<01:35,  4.06it/s]
 23%|##3       | 115/500 [00:29<01:34,  4.07it/s]
 23%|##3       | 116/500 [00:29<01:33,  4.09it/s]
 23%|##3       | 117/500 [00:29<01:59,  3.21it/s]
 24%|##3       | 118/500 [00:30<01:51,  3.43it/s]
 24%|##3       | 119/500 [00:30<01:45,  3.62it/s]
 24%|##4       | 120/500 [00:30<01:41,  3.74it/s]
 24%|##4       | 121/500 [00:30<01:39,  3.82it/s]
 24%|##4       | 122/500 [00:31<01:37,  3.87it/s]
 25%|##4       | 123/500 [00:31<01:35,  3.93it/s]
 25%|##4       | 124/500 [00:31<01:34,  3.96it/s]
 25%|##5       | 125/500 [00:31<01:34,  3.98it/s]
 25%|##5       | 126/500 [00:32<01:33,  4.00it/s]
 25%|##5       | 127/500 [00:32<01:32,  4.01it/s]
 26%|##5       | 128/500 [00:32<01:32,  4.01it/s]
 26%|##5       | 129/500 [00:32<01:32,  4.00it/s]
 26%|##6       | 130/500 [00:33<01:32,  4.00it/s]
 26%|##6       | 131/500 [00:33<01:32,  4.00it/s]
 26%|##6       | 132/500 [00:33<01:31,  4.00it/s]
 27%|##6       | 133/500 [00:33<01:31,  4.00it/s]
 27%|##6       | 134/500 [00:34<01:31,  4.00it/s]
 27%|##7       | 135/500 [00:34<01:31,  3.99it/s]
 27%|##7       | 136/500 [00:34<01:31,  4.00it/s]
 27%|##7       | 137/500 [00:34<01:30,  4.00it/s]
 28%|##7       | 138/500 [00:35<01:30,  4.00it/s]
 28%|##7       | 139/500 [00:35<01:29,  4.02it/s]
 28%|##8       | 140/500 [00:35<01:29,  4.01it/s]
 28%|##8       | 141/500 [00:35<01:29,  4.00it/s]
 28%|##8       | 142/500 [00:36<01:29,  4.00it/s]
 29%|##8       | 143/500 [00:36<01:28,  4.02it/s]
 29%|##8       | 144/500 [00:36<01:28,  4.02it/s]
 29%|##9       | 145/500 [00:36<01:28,  4.02it/s]
 29%|##9       | 146/500 [00:37<01:49,  3.22it/s]
 29%|##9       | 147/500 [00:37<01:42,  3.43it/s]
 30%|##9       | 148/500 [00:37<01:37,  3.59it/s]
 30%|##9       | 149/500 [00:38<01:34,  3.71it/s]
 30%|###       | 150/500 [00:38<01:32,  3.80it/s]
 30%|###       | 151/500 [00:38<01:30,  3.87it/s]
 30%|###       | 152/500 [00:38<01:29,  3.91it/s]
 31%|###       | 153/500 [00:39<01:28,  3.93it/s]
 31%|###       | 154/500 [00:39<01:27,  3.96it/s]
 31%|###1      | 155/500 [00:39<01:26,  3.97it/s]
 31%|###1      | 156/500 [00:39<01:26,  3.98it/s]
 31%|###1      | 157/500 [00:40<01:25,  3.99it/s]
 32%|###1      | 158/500 [00:40<01:25,  3.99it/s]
 32%|###1      | 159/500 [00:40<01:25,  3.99it/s]
 32%|###2      | 160/500 [00:40<01:25,  3.99it/s]
 32%|###2      | 161/500 [00:41<01:24,  4.00it/s]
 32%|###2      | 162/500 [00:41<01:24,  4.01it/s]
 33%|###2      | 163/500 [00:41<01:23,  4.01it/s]
 33%|###2      | 164/500 [00:41<01:23,  4.01it/s]
 33%|###3      | 165/500 [00:42<01:22,  4.04it/s]
 33%|###3      | 166/500 [00:42<01:22,  4.03it/s]
 33%|###3      | 167/500 [00:42<01:22,  4.02it/s]
 34%|###3      | 168/500 [00:42<01:22,  4.01it/s]
 34%|###3      | 169/500 [00:43<01:22,  4.02it/s]
 34%|###4      | 170/500 [00:43<01:22,  4.00it/s]
 34%|###4      | 171/500 [00:43<01:22,  4.01it/s]
 34%|###4      | 172/500 [00:43<01:21,  4.01it/s]
 35%|###4      | 173/500 [00:44<01:21,  4.01it/s]
 35%|###4      | 174/500 [00:44<01:21,  4.00it/s]
 35%|###5      | 175/500 [00:44<01:41,  3.20it/s]
 35%|###5      | 176/500 [00:45<01:34,  3.44it/s]
 35%|###5      | 177/500 [00:45<01:29,  3.62it/s]
 36%|###5      | 178/500 [00:45<01:25,  3.75it/s]
 36%|###5      | 179/500 [00:45<01:23,  3.83it/s]
 36%|###6      | 180/500 [00:46<01:22,  3.89it/s]
 36%|###6      | 181/500 [00:46<01:21,  3.93it/s]
 36%|###6      | 182/500 [00:46<01:20,  3.94it/s]
 37%|###6      | 183/500 [00:46<01:20,  3.94it/s]
 37%|###6      | 184/500 [00:47<01:19,  3.97it/s]
 37%|###7      | 185/500 [00:47<01:19,  3.97it/s]
 37%|###7      | 186/500 [00:47<01:18,  3.98it/s]
 37%|###7      | 187/500 [00:47<01:18,  3.98it/s]
 38%|###7      | 188/500 [00:48<01:18,  3.98it/s]
 38%|###7      | 189/500 [00:48<01:18,  3.98it/s]
 38%|###8      | 190/500 [00:48<01:17,  3.98it/s]
 38%|###8      | 191/500 [00:48<01:17,  4.00it/s]
 38%|###8      | 192/500 [00:49<01:16,  4.02it/s]
 39%|###8      | 193/500 [00:49<01:16,  4.02it/s]
 39%|###8      | 194/500 [00:49<01:16,  4.01it/s]
 39%|###9      | 195/500 [00:49<01:16,  4.01it/s]
 39%|###9      | 196/500 [00:50<01:15,  4.02it/s]
 39%|###9      | 197/500 [00:50<01:15,  4.02it/s]
 40%|###9      | 198/500 [00:50<01:14,  4.03it/s]
 40%|###9      | 199/500 [00:50<01:14,  4.02it/s]
 40%|####      | 200/500 [00:51<01:14,  4.02it/s]
 40%|####      | 201/500 [00:51<01:14,  4.02it/s]
 40%|####      | 202/500 [00:51<01:14,  4.01it/s]
 41%|####      | 203/500 [00:51<01:13,  4.02it/s]
 41%|####      | 204/500 [00:52<01:33,  3.17it/s]
 41%|####1     | 205/500 [00:52<01:26,  3.41it/s]
 41%|####1     | 206/500 [00:52<01:22,  3.58it/s]
 41%|####1     | 207/500 [00:52<01:18,  3.73it/s]
 42%|####1     | 208/500 [00:53<01:16,  3.82it/s]
 42%|####1     | 209/500 [00:53<01:14,  3.89it/s]
 42%|####2     | 210/500 [00:53<01:13,  3.93it/s]
 42%|####2     | 211/500 [00:53<01:13,  3.95it/s]
 42%|####2     | 212/500 [00:54<01:12,  3.97it/s]
 43%|####2     | 213/500 [00:54<01:12,  3.98it/s]
 43%|####2     | 214/500 [00:54<01:11,  4.01it/s]
 43%|####3     | 215/500 [00:54<01:10,  4.03it/s]
 43%|####3     | 216/500 [00:55<01:10,  4.02it/s]
 43%|####3     | 217/500 [00:55<01:10,  4.02it/s]
 44%|####3     | 218/500 [00:55<01:10,  4.01it/s]
 44%|####3     | 219/500 [00:55<01:10,  4.00it/s]
 44%|####4     | 220/500 [00:56<01:10,  4.00it/s]
 44%|####4     | 221/500 [00:56<01:09,  4.01it/s]
 44%|####4     | 222/500 [00:56<01:09,  4.03it/s]
 45%|####4     | 223/500 [00:56<01:08,  4.03it/s]
 45%|####4     | 224/500 [00:57<01:08,  4.04it/s]
 45%|####5     | 225/500 [00:57<01:07,  4.05it/s]
 45%|####5     | 226/500 [00:57<01:07,  4.05it/s]
 45%|####5     | 227/500 [00:57<01:07,  4.04it/s]
 46%|####5     | 228/500 [00:58<01:07,  4.03it/s]
 46%|####5     | 229/500 [00:58<01:07,  4.04it/s]
 46%|####6     | 230/500 [00:58<01:06,  4.06it/s]
 46%|####6     | 231/500 [00:58<01:06,  4.06it/s]
 46%|####6     | 232/500 [00:59<01:05,  4.06it/s]
 47%|####6     | 233/500 [00:59<01:23,  3.21it/s]
 47%|####6     | 234/500 [00:59<01:17,  3.43it/s]
 47%|####6     | 235/500 [01:00<01:13,  3.60it/s]
 47%|####7     | 236/500 [01:00<01:10,  3.73it/s]
 47%|####7     | 237/500 [01:00<01:08,  3.83it/s]
 48%|####7     | 238/500 [01:00<01:07,  3.89it/s]
 48%|####7     | 239/500 [01:01<01:06,  3.94it/s]
 48%|####8     | 240/500 [01:01<01:05,  3.97it/s]
 48%|####8     | 241/500 [01:01<01:05,  3.98it/s]
 48%|####8     | 242/500 [01:01<01:04,  4.00it/s]
 49%|####8     | 243/500 [01:02<01:04,  4.00it/s]
 49%|####8     | 244/500 [01:02<01:04,  4.00it/s]
 49%|####9     | 245/500 [01:02<01:03,  4.00it/s]
 49%|####9     | 246/500 [01:02<01:03,  4.02it/s]
 49%|####9     | 247/500 [01:03<01:02,  4.02it/s]
 50%|####9     | 248/500 [01:03<01:02,  4.01it/s]
 50%|####9     | 249/500 [01:03<01:02,  4.02it/s]
 50%|#####     | 250/500 [01:03<01:02,  4.00it/s]
 50%|#####     | 251/500 [01:04<01:01,  4.02it/s]
 50%|#####     | 252/500 [01:04<01:01,  4.02it/s]
 51%|#####     | 253/500 [01:04<01:01,  4.04it/s]
 51%|#####     | 254/500 [01:04<01:00,  4.04it/s]
 51%|#####1    | 255/500 [01:05<01:00,  4.02it/s]
 51%|#####1    | 256/500 [01:05<01:00,  4.01it/s]
 51%|#####1    | 257/500 [01:05<01:00,  4.01it/s]
 52%|#####1    | 258/500 [01:05<00:59,  4.04it/s]
 52%|#####1    | 259/500 [01:06<00:59,  4.05it/s]
 52%|#####2    | 260/500 [01:06<00:59,  4.06it/s]
 52%|#####2    | 261/500 [01:06<00:58,  4.09it/s]
 52%|#####2    | 262/500 [01:07<01:14,  3.19it/s]
 53%|#####2    | 263/500 [01:07<01:09,  3.42it/s]
 53%|#####2    | 264/500 [01:07<01:05,  3.59it/s]
 53%|#####3    | 265/500 [01:07<01:02,  3.73it/s]
 53%|#####3    | 266/500 [01:08<01:01,  3.82it/s]
 53%|#####3    | 267/500 [01:08<01:00,  3.88it/s]
 54%|#####3    | 268/500 [01:08<00:58,  3.94it/s]
 54%|#####3    | 269/500 [01:08<00:58,  3.97it/s]
 54%|#####4    | 270/500 [01:09<00:57,  4.00it/s]
 54%|#####4    | 271/500 [01:09<00:57,  4.02it/s]
 54%|#####4    | 272/500 [01:09<00:56,  4.04it/s]
 55%|#####4    | 273/500 [01:09<00:55,  4.05it/s]
 55%|#####4    | 274/500 [01:10<00:55,  4.06it/s]
 55%|#####5    | 275/500 [01:10<00:55,  4.06it/s]
 55%|#####5    | 276/500 [01:10<00:55,  4.07it/s]
 55%|#####5    | 277/500 [01:10<00:54,  4.06it/s]
 56%|#####5    | 278/500 [01:10<00:54,  4.06it/s]
 56%|#####5    | 279/500 [01:11<00:54,  4.05it/s]
 56%|#####6    | 280/500 [01:11<00:54,  4.05it/s]
 56%|#####6    | 281/500 [01:11<00:54,  4.03it/s]
 56%|#####6    | 282/500 [01:11<00:54,  4.02it/s]
 57%|#####6    | 283/500 [01:12<00:53,  4.03it/s]
 57%|#####6    | 284/500 [01:12<00:53,  4.03it/s]
 57%|#####6    | 285/500 [01:12<00:53,  4.02it/s]
 57%|#####7    | 286/500 [01:12<00:53,  4.02it/s]
 57%|#####7    | 287/500 [01:13<00:52,  4.02it/s]
 58%|#####7    | 288/500 [01:13<00:52,  4.04it/s]
 58%|#####7    | 289/500 [01:13<00:52,  4.04it/s]
 58%|#####8    | 290/500 [01:13<00:52,  4.04it/s]
 58%|#####8    | 291/500 [01:14<01:05,  3.21it/s]
 58%|#####8    | 292/500 [01:14<01:00,  3.44it/s]
 59%|#####8    | 293/500 [01:14<00:57,  3.60it/s]
 59%|#####8    | 294/500 [01:15<00:55,  3.73it/s]
 59%|#####8    | 295/500 [01:15<00:53,  3.81it/s]
 59%|#####9    | 296/500 [01:15<00:52,  3.88it/s]
 59%|#####9    | 297/500 [01:15<00:51,  3.92it/s]
 60%|#####9    | 298/500 [01:16<00:51,  3.94it/s]
 60%|#####9    | 299/500 [01:16<00:50,  3.97it/s]
 60%|######    | 300/500 [01:16<00:49,  4.00it/s]
 60%|######    | 301/500 [01:16<00:49,  4.02it/s]
 60%|######    | 302/500 [01:17<00:49,  4.02it/s]
 61%|######    | 303/500 [01:17<00:48,  4.04it/s]
 61%|######    | 304/500 [01:17<00:48,  4.03it/s]
 61%|######1   | 305/500 [01:17<00:48,  4.03it/s]
 61%|######1   | 306/500 [01:18<00:48,  4.03it/s]
 61%|######1   | 307/500 [01:18<00:47,  4.04it/s]
 62%|######1   | 308/500 [01:18<00:47,  4.03it/s]
 62%|######1   | 309/500 [01:18<00:47,  4.01it/s]
 62%|######2   | 310/500 [01:19<00:47,  4.01it/s]
 62%|######2   | 311/500 [01:19<00:46,  4.02it/s]
 62%|######2   | 312/500 [01:19<00:46,  4.02it/s]
 63%|######2   | 313/500 [01:19<00:46,  4.05it/s]
 63%|######2   | 314/500 [01:20<00:45,  4.05it/s]
 63%|######3   | 315/500 [01:20<00:45,  4.06it/s]
 63%|######3   | 316/500 [01:20<00:45,  4.07it/s]
 63%|######3   | 317/500 [01:20<00:44,  4.07it/s]
 64%|######3   | 318/500 [01:21<00:44,  4.08it/s]
 64%|######3   | 319/500 [01:21<00:44,  4.08it/s]
 64%|######4   | 320/500 [01:21<00:55,  3.23it/s]
 64%|######4   | 321/500 [01:22<00:51,  3.45it/s]
 64%|######4   | 322/500 [01:22<00:49,  3.63it/s]
 65%|######4   | 323/500 [01:22<00:47,  3.75it/s]
 65%|######4   | 324/500 [01:22<00:45,  3.83it/s]
 65%|######5   | 325/500 [01:23<00:45,  3.88it/s]
 65%|######5   | 326/500 [01:23<00:44,  3.95it/s]
 65%|######5   | 327/500 [01:23<00:43,  3.99it/s]
 66%|######5   | 328/500 [01:23<00:42,  4.02it/s]
 66%|######5   | 329/500 [01:24<00:42,  4.03it/s]
 66%|######6   | 330/500 [01:24<00:41,  4.05it/s]
 66%|######6   | 331/500 [01:24<00:41,  4.05it/s]
 66%|######6   | 332/500 [01:24<00:41,  4.05it/s]
 67%|######6   | 333/500 [01:24<00:41,  4.04it/s]
 67%|######6   | 334/500 [01:25<00:40,  4.05it/s]
 67%|######7   | 335/500 [01:25<00:40,  4.05it/s]
 67%|######7   | 336/500 [01:25<00:40,  4.05it/s]
 67%|######7   | 337/500 [01:25<00:40,  4.05it/s]
 68%|######7   | 338/500 [01:26<00:39,  4.06it/s]
 68%|######7   | 339/500 [01:26<00:39,  4.05it/s]
 68%|######8   | 340/500 [01:26<00:39,  4.04it/s]
 68%|######8   | 341/500 [01:26<00:39,  4.03it/s]
 68%|######8   | 342/500 [01:27<00:38,  4.05it/s]
 69%|######8   | 343/500 [01:27<00:38,  4.05it/s]
 69%|######8   | 344/500 [01:27<00:38,  4.04it/s]
 69%|######9   | 345/500 [01:27<00:38,  4.03it/s]
 69%|######9   | 346/500 [01:28<00:37,  4.05it/s]
 69%|######9   | 347/500 [01:28<00:37,  4.05it/s]
 70%|######9   | 348/500 [01:28<00:37,  4.05it/s]
 70%|######9   | 349/500 [01:29<00:47,  3.21it/s]
 70%|#######   | 350/500 [01:29<00:43,  3.42it/s]
 70%|#######   | 351/500 [01:29<00:41,  3.59it/s]
 70%|#######   | 352/500 [01:29<00:39,  3.71it/s]
 71%|#######   | 353/500 [01:30<00:38,  3.82it/s]
 71%|#######   | 354/500 [01:30<00:37,  3.86it/s]
 71%|#######1  | 355/500 [01:30<00:37,  3.90it/s]
 71%|#######1  | 356/500 [01:30<00:36,  3.93it/s]
 71%|#######1  | 357/500 [01:31<00:35,  3.98it/s]
 72%|#######1  | 358/500 [01:31<00:35,  3.99it/s]
 72%|#######1  | 359/500 [01:31<00:35,  4.00it/s]
 72%|#######2  | 360/500 [01:31<00:35,  3.99it/s]
 72%|#######2  | 361/500 [01:32<00:34,  4.01it/s]
 72%|#######2  | 362/500 [01:32<00:34,  4.00it/s]
 73%|#######2  | 363/500 [01:32<00:34,  3.99it/s]
 73%|#######2  | 364/500 [01:32<00:33,  4.03it/s]
 73%|#######3  | 365/500 [01:33<00:33,  4.05it/s]
 73%|#######3  | 366/500 [01:33<00:33,  4.05it/s]
 73%|#######3  | 367/500 [01:33<00:32,  4.05it/s]
 74%|#######3  | 368/500 [01:33<00:32,  4.05it/s]
 74%|#######3  | 369/500 [01:34<00:32,  4.05it/s]
 74%|#######4  | 370/500 [01:34<00:32,  4.05it/s]
 74%|#######4  | 371/500 [01:34<00:31,  4.04it/s]
 74%|#######4  | 372/500 [01:34<00:31,  4.03it/s]
 75%|#######4  | 373/500 [01:35<00:31,  4.04it/s]
 75%|#######4  | 374/500 [01:35<00:31,  4.05it/s]
 75%|#######5  | 375/500 [01:35<00:30,  4.06it/s]
 75%|#######5  | 376/500 [01:35<00:30,  4.06it/s]
 75%|#######5  | 377/500 [01:36<00:30,  4.06it/s]
 76%|#######5  | 378/500 [01:36<00:37,  3.22it/s]
 76%|#######5  | 379/500 [01:36<00:35,  3.44it/s]
 76%|#######6  | 380/500 [01:37<00:33,  3.63it/s]
 76%|#######6  | 381/500 [01:37<00:31,  3.76it/s]
 76%|#######6  | 382/500 [01:37<00:30,  3.85it/s]
 77%|#######6  | 383/500 [01:37<00:29,  3.91it/s]
 77%|#######6  | 384/500 [01:38<00:29,  3.95it/s]
 77%|#######7  | 385/500 [01:38<00:28,  3.98it/s]
 77%|#######7  | 386/500 [01:38<00:28,  4.01it/s]
 77%|#######7  | 387/500 [01:38<00:27,  4.04it/s]
 78%|#######7  | 388/500 [01:39<00:27,  4.05it/s]
 78%|#######7  | 389/500 [01:39<00:27,  4.08it/s]
 78%|#######8  | 390/500 [01:39<00:26,  4.08it/s]
 78%|#######8  | 391/500 [01:39<00:26,  4.06it/s]
 78%|#######8  | 392/500 [01:39<00:26,  4.05it/s]
 79%|#######8  | 393/500 [01:40<00:26,  4.07it/s]
 79%|#######8  | 394/500 [01:40<00:26,  4.07it/s]
 79%|#######9  | 395/500 [01:40<00:25,  4.06it/s]
 79%|#######9  | 396/500 [01:40<00:25,  4.05it/s]
 79%|#######9  | 397/500 [01:41<00:25,  4.06it/s]
 80%|#######9  | 398/500 [01:41<00:25,  4.05it/s]
 80%|#######9  | 399/500 [01:41<00:25,  4.03it/s]
 80%|########  | 400/500 [01:41<00:24,  4.01it/s]
 80%|########  | 401/500 [01:42<00:24,  4.02it/s]
 80%|########  | 402/500 [01:42<00:24,  4.00it/s]
 81%|########  | 403/500 [01:42<00:24,  4.00it/s]
 81%|########  | 404/500 [01:42<00:23,  4.00it/s]
 81%|########1 | 405/500 [01:43<00:23,  4.01it/s]
 81%|########1 | 406/500 [01:43<00:23,  4.01it/s]
 81%|########1 | 407/500 [01:43<00:29,  3.17it/s]
 82%|########1 | 408/500 [01:44<00:27,  3.39it/s]
 82%|########1 | 409/500 [01:44<00:25,  3.59it/s]
 82%|########2 | 410/500 [01:44<00:24,  3.72it/s]
 82%|########2 | 411/500 [01:44<00:23,  3.82it/s]
 82%|########2 | 412/500 [01:45<00:22,  3.90it/s]
 83%|########2 | 413/500 [01:45<00:22,  3.95it/s]
 83%|########2 | 414/500 [01:45<00:21,  3.98it/s]
 83%|########2 | 415/500 [01:45<00:21,  4.01it/s]
 83%|########3 | 416/500 [01:46<00:20,  4.02it/s]
 83%|########3 | 417/500 [01:46<00:20,  4.03it/s]
 84%|########3 | 418/500 [01:46<00:20,  4.03it/s]
 84%|########3 | 419/500 [01:46<00:20,  4.04it/s]
 84%|########4 | 420/500 [01:47<00:19,  4.04it/s]
 84%|########4 | 421/500 [01:47<00:19,  4.04it/s]
 84%|########4 | 422/500 [01:47<00:19,  4.04it/s]
 85%|########4 | 423/500 [01:47<00:19,  4.04it/s]
 85%|########4 | 424/500 [01:48<00:18,  4.05it/s]
 85%|########5 | 425/500 [01:48<00:18,  4.06it/s]
 85%|########5 | 426/500 [01:48<00:18,  4.06it/s]
 85%|########5 | 427/500 [01:48<00:17,  4.07it/s]
 86%|########5 | 428/500 [01:49<00:17,  4.06it/s]
 86%|########5 | 429/500 [01:49<00:17,  4.04it/s]
 86%|########6 | 430/500 [01:49<00:17,  4.03it/s]
 86%|########6 | 431/500 [01:49<00:17,  4.02it/s]
 86%|########6 | 432/500 [01:50<00:16,  4.02it/s]
 87%|########6 | 433/500 [01:50<00:16,  4.04it/s]
 87%|########6 | 434/500 [01:50<00:16,  4.04it/s]
 87%|########7 | 435/500 [01:50<00:15,  4.07it/s]
 87%|########7 | 436/500 [01:51<00:19,  3.26it/s]
 87%|########7 | 437/500 [01:51<00:18,  3.47it/s]
 88%|########7 | 438/500 [01:51<00:17,  3.62it/s]
 88%|########7 | 439/500 [01:52<00:16,  3.75it/s]
 88%|########8 | 440/500 [01:52<00:15,  3.84it/s]
 88%|########8 | 441/500 [01:52<00:15,  3.88it/s]
 88%|########8 | 442/500 [01:52<00:14,  3.92it/s]
 89%|########8 | 443/500 [01:53<00:14,  3.94it/s]
 89%|########8 | 444/500 [01:53<00:14,  3.96it/s]
 89%|########9 | 445/500 [01:53<00:13,  3.97it/s]
 89%|########9 | 446/500 [01:53<00:13,  3.97it/s]
 89%|########9 | 447/500 [01:54<00:13,  3.97it/s]
 90%|########9 | 448/500 [01:54<00:13,  3.98it/s]
 90%|########9 | 449/500 [01:54<00:12,  3.98it/s]
 90%|######### | 450/500 [01:54<00:12,  4.00it/s]
 90%|######### | 451/500 [01:55<00:12,  4.01it/s]
 90%|######### | 452/500 [01:55<00:11,  4.01it/s]
 91%|######### | 453/500 [01:55<00:11,  4.01it/s]
 91%|######### | 454/500 [01:55<00:11,  4.02it/s]
 91%|#########1| 455/500 [01:56<00:11,  4.02it/s]
 91%|#########1| 456/500 [01:56<00:10,  4.02it/s]
 91%|#########1| 457/500 [01:56<00:10,  4.00it/s]
 92%|#########1| 458/500 [01:56<00:10,  4.00it/s]
 92%|#########1| 459/500 [01:57<00:10,  4.00it/s]
 92%|#########2| 460/500 [01:57<00:09,  4.01it/s]
 92%|#########2| 461/500 [01:57<00:09,  4.02it/s]
 92%|#########2| 462/500 [01:57<00:09,  4.03it/s]
 93%|#########2| 463/500 [01:58<00:09,  4.02it/s]
 93%|#########2| 464/500 [01:58<00:08,  4.03it/s]
 93%|#########3| 465/500 [01:58<00:10,  3.19it/s]
 93%|#########3| 466/500 [01:58<00:09,  3.42it/s]
 93%|#########3| 467/500 [01:59<00:09,  3.59it/s]
 94%|#########3| 468/500 [01:59<00:08,  3.73it/s]
 94%|#########3| 469/500 [01:59<00:08,  3.81it/s]
 94%|#########3| 470/500 [01:59<00:07,  3.88it/s]
 94%|#########4| 471/500 [02:00<00:07,  3.93it/s]
 94%|#########4| 472/500 [02:00<00:07,  3.97it/s]
 95%|#########4| 473/500 [02:00<00:06,  3.99it/s]
 95%|#########4| 474/500 [02:00<00:06,  4.01it/s]
 95%|#########5| 475/500 [02:01<00:06,  4.01it/s]
 95%|#########5| 476/500 [02:01<00:05,  4.01it/s]
 95%|#########5| 477/500 [02:01<00:05,  4.02it/s]
 96%|#########5| 478/500 [02:01<00:05,  4.03it/s]
 96%|#########5| 479/500 [02:02<00:05,  4.04it/s]
 96%|#########6| 480/500 [02:02<00:04,  4.03it/s]
 96%|#########6| 481/500 [02:02<00:04,  4.02it/s]
 96%|#########6| 482/500 [02:02<00:04,  4.02it/s]
 97%|#########6| 483/500 [02:03<00:04,  4.02it/s]
 97%|#########6| 484/500 [02:03<00:03,  4.04it/s]
 97%|#########7| 485/500 [02:03<00:03,  4.05it/s]
 97%|#########7| 486/500 [02:03<00:03,  4.06it/s]
 97%|#########7| 487/500 [02:04<00:03,  4.06it/s]
 98%|#########7| 488/500 [02:04<00:02,  4.05it/s]
 98%|#########7| 489/500 [02:04<00:02,  4.06it/s]
 98%|#########8| 490/500 [02:04<00:02,  4.06it/s]
 98%|#########8| 491/500 [02:05<00:02,  4.05it/s]
 98%|#########8| 492/500 [02:05<00:01,  4.07it/s]
 99%|#########8| 493/500 [02:05<00:01,  4.09it/s]
 99%|#########8| 494/500 [02:06<00:01,  3.21it/s]
 99%|#########9| 495/500 [02:06<00:01,  3.43it/s]
 99%|#########9| 496/500 [02:06<00:01,  3.58it/s]
 99%|#########9| 497/500 [02:06<00:00,  3.71it/s]
100%|#########9| 498/500 [02:07<00:00,  3.80it/s]
100%|#########9| 499/500 [02:07<00:00,  3.87it/s]
100%|##########| 500/500 [02:07<00:00,  3.91it/s]
100%|##########| 500/500 [02:07<00:00,  3.92it/s]
Train Epoch 43
{
    "Loss": 0.006937340557109564,
    "Optimizer/policy0_lr": 0.00010000000000000003,
    "Policy_Grad_Norms": 0.035682972276254075,
    "Time_Data_Loading": 0.09668085177739462,
    "Time_Epoch": 2.1270882805188496,
    "Time_Log_Info": 0.024586451053619385,
    "Time_Process_Batch": 0.7432538827260335,
    "Time_Train_Batch": 1.2360739310582478
}

Epoch 43 Memory Usage: 2298 MB


  0%|          | 0/500 [00:00<?, ?it/s]
  0%|          | 1/500 [00:00<03:11,  2.61it/s]
  0%|          | 2/500 [00:00<02:30,  3.30it/s]
  1%|          | 3/500 [00:00<02:18,  3.59it/s]
  1%|          | 4/500 [00:01<02:12,  3.75it/s]
  1%|1         | 5/500 [00:01<02:08,  3.85it/s]
  1%|1         | 6/500 [00:01<02:06,  3.90it/s]
  1%|1         | 7/500 [00:01<02:05,  3.94it/s]
  2%|1         | 8/500 [00:02<02:03,  3.98it/s]
  2%|1         | 9/500 [00:02<02:03,  3.98it/s]
  2%|2         | 10/500 [00:02<02:02,  3.99it/s]
  2%|2         | 11/500 [00:02<02:02,  4.00it/s]
  2%|2         | 12/500 [00:03<02:01,  4.02it/s]
  3%|2         | 13/500 [00:03<02:00,  4.03it/s]
  3%|2         | 14/500 [00:03<02:00,  4.03it/s]
  3%|3         | 15/500 [00:03<02:00,  4.02it/s]
  3%|3         | 16/500 [00:04<02:00,  4.01it/s]
  3%|3         | 17/500 [00:04<02:00,  4.01it/s]
  4%|3         | 18/500 [00:04<01:59,  4.02it/s]
  4%|3         | 19/500 [00:04<01:59,  4.02it/s]
  4%|4         | 20/500 [00:05<01:58,  4.03it/s]
  4%|4         | 21/500 [00:05<01:58,  4.04it/s]
  4%|4         | 22/500 [00:05<01:58,  4.04it/s]
  5%|4         | 23/500 [00:05<01:58,  4.04it/s]
  5%|4         | 24/500 [00:06<01:58,  4.03it/s]
  5%|5         | 25/500 [00:06<01:57,  4.03it/s]
  5%|5         | 26/500 [00:06<01:57,  4.03it/s]
  5%|5         | 27/500 [00:06<01:57,  4.04it/s]
  6%|5         | 28/500 [00:07<01:56,  4.05it/s]
  6%|5         | 29/500 [00:07<01:56,  4.05it/s]
  6%|6         | 30/500 [00:07<02:25,  3.22it/s]
  6%|6         | 31/500 [00:08<02:16,  3.44it/s]
  6%|6         | 32/500 [00:08<02:09,  3.61it/s]
  7%|6         | 33/500 [00:08<02:04,  3.75it/s]
  7%|6         | 34/500 [00:08<02:01,  3.85it/s]
  7%|7         | 35/500 [00:09<01:59,  3.91it/s]
  7%|7         | 36/500 [00:09<01:57,  3.94it/s]
  7%|7         | 37/500 [00:09<01:57,  3.95it/s]
  8%|7         | 38/500 [00:09<01:56,  3.97it/s]
  8%|7         | 39/500 [00:10<01:55,  3.98it/s]
  8%|8         | 40/500 [00:10<01:55,  3.98it/s]
  8%|8         | 41/500 [00:10<01:54,  3.99it/s]
  8%|8         | 42/500 [00:10<01:54,  4.00it/s]
  9%|8         | 43/500 [00:11<01:54,  3.99it/s]
  9%|8         | 44/500 [00:11<01:54,  3.98it/s]
  9%|9         | 45/500 [00:11<01:54,  3.98it/s]
  9%|9         | 46/500 [00:11<01:53,  4.00it/s]
  9%|9         | 47/500 [00:12<01:53,  4.00it/s]
 10%|9         | 48/500 [00:12<01:53,  4.00it/s]
 10%|9         | 49/500 [00:12<01:52,  4.00it/s]
 10%|#         | 50/500 [00:12<01:52,  4.01it/s]
 10%|#         | 51/500 [00:13<01:52,  4.00it/s]
 10%|#         | 52/500 [00:13<01:51,  4.00it/s]
 11%|#         | 53/500 [00:13<01:51,  4.02it/s]
 11%|#         | 54/500 [00:13<01:50,  4.02it/s]
 11%|#1        | 55/500 [00:14<01:50,  4.03it/s]
 11%|#1        | 56/500 [00:14<01:50,  4.02it/s]
 11%|#1        | 57/500 [00:14<01:50,  4.02it/s]
 12%|#1        | 58/500 [00:14<01:49,  4.03it/s]
 12%|#1        | 59/500 [00:15<02:20,  3.13it/s]
 12%|#2        | 60/500 [00:15<02:10,  3.36it/s]
 12%|#2        | 61/500 [00:15<02:03,  3.55it/s]
 12%|#2        | 62/500 [00:15<01:58,  3.71it/s]
 13%|#2        | 63/500 [00:16<01:54,  3.80it/s]
 13%|#2        | 64/500 [00:16<01:52,  3.87it/s]
 13%|#3        | 65/500 [00:16<01:51,  3.92it/s]
 13%|#3        | 66/500 [00:16<01:49,  3.96it/s]
 13%|#3        | 67/500 [00:17<01:50,  3.92it/s]
 14%|#3        | 68/500 [00:17<01:48,  3.98it/s]
 14%|#3        | 69/500 [00:17<01:47,  4.02it/s]
 14%|#4        | 70/500 [00:17<01:46,  4.04it/s]
 14%|#4        | 71/500 [00:18<01:46,  4.04it/s]
 14%|#4        | 72/500 [00:18<01:45,  4.04it/s]
 15%|#4        | 73/500 [00:18<01:45,  4.04it/s]
 15%|#4        | 74/500 [00:18<01:45,  4.03it/s]
 15%|#5        | 75/500 [00:19<01:45,  4.03it/s]
 15%|#5        | 76/500 [00:19<01:44,  4.05it/s]
 15%|#5        | 77/500 [00:19<01:44,  4.06it/s]
 16%|#5        | 78/500 [00:19<01:43,  4.06it/s]
 16%|#5        | 79/500 [00:20<01:44,  4.03it/s]
 16%|#6        | 80/500 [00:20<01:44,  4.03it/s]
 16%|#6        | 81/500 [00:20<01:44,  4.02it/s]
 16%|#6        | 82/500 [00:20<01:44,  4.00it/s]
 17%|#6        | 83/500 [00:21<01:43,  4.02it/s]
 17%|#6        | 84/500 [00:21<01:42,  4.06it/s]
 17%|#7        | 85/500 [00:21<01:41,  4.07it/s]
 17%|#7        | 86/500 [00:21<01:41,  4.06it/s]
 17%|#7        | 87/500 [00:22<01:41,  4.06it/s]
 18%|#7        | 88/500 [00:22<02:07,  3.22it/s]
 18%|#7        | 89/500 [00:22<01:59,  3.45it/s]
 18%|#8        | 90/500 [00:23<01:53,  3.63it/s]
 18%|#8        | 91/500 [00:23<01:48,  3.76it/s]
 18%|#8        | 92/500 [00:23<01:46,  3.85it/s]
 19%|#8        | 93/500 [00:23<01:44,  3.90it/s]
 19%|#8        | 94/500 [00:24<01:43,  3.94it/s]
 19%|#9        | 95/500 [00:24<01:42,  3.97it/s]
 19%|#9        | 96/500 [00:24<01:41,  3.98it/s]
 19%|#9        | 97/500 [00:24<01:41,  3.98it/s]
 20%|#9        | 98/500 [00:25<01:40,  3.99it/s]
 20%|#9        | 99/500 [00:25<01:40,  4.00it/s]
 20%|##        | 100/500 [00:25<01:39,  4.00it/s]
 20%|##        | 101/500 [00:25<01:39,  3.99it/s]
 20%|##        | 102/500 [00:26<01:39,  4.00it/s]
 21%|##        | 103/500 [00:26<01:38,  4.01it/s]
 21%|##        | 104/500 [00:26<01:38,  4.01it/s]
 21%|##1       | 105/500 [00:26<01:38,  4.00it/s]
 21%|##1       | 106/500 [00:27<01:38,  3.99it/s]
 21%|##1       | 107/500 [00:27<01:38,  4.00it/s]
 22%|##1       | 108/500 [00:27<01:37,  4.00it/s]
 22%|##1       | 109/500 [00:27<01:37,  4.00it/s]
 22%|##2       | 110/500 [00:28<01:37,  3.99it/s]
 22%|##2       | 111/500 [00:28<01:36,  4.01it/s]
 22%|##2       | 112/500 [00:28<01:36,  4.00it/s]
 23%|##2       | 113/500 [00:28<01:36,  4.00it/s]
 23%|##2       | 114/500 [00:29<01:36,  4.01it/s]
 23%|##3       | 115/500 [00:29<01:35,  4.03it/s]
 23%|##3       | 116/500 [00:29<01:35,  4.03it/s]
 23%|##3       | 117/500 [00:30<01:59,  3.20it/s]
 24%|##3       | 118/500 [00:30<01:51,  3.43it/s]
 24%|##3       | 119/500 [00:30<01:46,  3.58it/s]
 24%|##4       | 120/500 [00:30<01:42,  3.69it/s]
 24%|##4       | 121/500 [00:31<01:40,  3.77it/s]
 24%|##4       | 122/500 [00:31<01:38,  3.84it/s]
 25%|##4       | 123/500 [00:31<01:36,  3.91it/s]
 25%|##4       | 124/500 [00:31<01:35,  3.95it/s]
 25%|##5       | 125/500 [00:32<01:34,  3.98it/s]
 25%|##5       | 126/500 [00:32<01:33,  4.00it/s]
 25%|##5       | 127/500 [00:32<01:32,  4.02it/s]
 26%|##5       | 128/500 [00:32<01:32,  4.01it/s]
 26%|##5       | 129/500 [00:33<01:32,  4.03it/s]
 26%|##6       | 130/500 [00:33<01:31,  4.04it/s]
 26%|##6       | 131/500 [00:33<01:31,  4.05it/s]
 26%|##6       | 132/500 [00:33<01:31,  4.04it/s]
 27%|##6       | 133/500 [00:33<01:31,  4.03it/s]
 27%|##6       | 134/500 [00:34<01:30,  4.03it/s]
 27%|##7       | 135/500 [00:34<01:30,  4.03it/s]
 27%|##7       | 136/500 [00:34<01:30,  4.04it/s]
 27%|##7       | 137/500 [00:34<01:29,  4.04it/s]
 28%|##7       | 138/500 [00:35<01:29,  4.05it/s]
 28%|##7       | 139/500 [00:35<01:29,  4.04it/s]
 28%|##8       | 140/500 [00:35<01:29,  4.03it/s]
 28%|##8       | 141/500 [00:35<01:29,  4.03it/s]
 28%|##8       | 142/500 [00:36<01:28,  4.05it/s]
 29%|##8       | 143/500 [00:36<01:28,  4.05it/s]
 29%|##8       | 144/500 [00:36<01:28,  4.04it/s]
 29%|##9       | 145/500 [00:36<01:27,  4.04it/s]
 29%|##9       | 146/500 [00:37<01:50,  3.21it/s]
 29%|##9       | 147/500 [00:37<01:42,  3.43it/s]
 30%|##9       | 148/500 [00:37<01:37,  3.59it/s]
 30%|##9       | 149/500 [00:38<01:34,  3.72it/s]
 30%|###       | 150/500 [00:38<01:31,  3.82it/s]
 30%|###       | 151/500 [00:38<01:29,  3.88it/s]
 30%|###       | 152/500 [00:38<01:28,  3.93it/s]
 31%|###       | 153/500 [00:39<01:27,  3.97it/s]
 31%|###       | 154/500 [00:39<01:26,  3.99it/s]
 31%|###1      | 155/500 [00:39<01:26,  4.00it/s]
 31%|###1      | 156/500 [00:39<01:25,  4.01it/s]
 31%|###1      | 157/500 [00:40<01:25,  4.02it/s]
 32%|###1      | 158/500 [00:40<01:24,  4.03it/s]
 32%|###1      | 159/500 [00:40<01:24,  4.03it/s]
 32%|###2      | 160/500 [00:40<01:24,  4.04it/s]
 32%|###2      | 161/500 [00:41<01:23,  4.04it/s]
 32%|###2      | 162/500 [00:41<01:23,  4.04it/s]
 33%|###2      | 163/500 [00:41<01:23,  4.04it/s]
 33%|###2      | 164/500 [00:41<01:23,  4.04it/s]
 33%|###3      | 165/500 [00:42<01:23,  4.04it/s]
 33%|###3      | 166/500 [00:42<01:22,  4.05it/s]
 33%|###3      | 167/500 [00:42<01:22,  4.05it/s]
 34%|###3      | 168/500 [00:42<01:22,  4.04it/s]
 34%|###3      | 169/500 [00:43<01:22,  4.04it/s]
 34%|###4      | 170/500 [00:43<01:21,  4.04it/s]
 34%|###4      | 171/500 [00:43<01:21,  4.04it/s]
 34%|###4      | 172/500 [00:43<01:21,  4.05it/s]
 35%|###4      | 173/500 [00:44<01:20,  4.05it/s]
 35%|###4      | 174/500 [00:44<01:20,  4.04it/s]
 35%|###5      | 175/500 [00:44<01:42,  3.19it/s]
 35%|###5      | 176/500 [00:45<01:34,  3.42it/s]
 35%|###5      | 177/500 [00:45<01:29,  3.59it/s]
 36%|###5      | 178/500 [00:45<01:26,  3.73it/s]
 36%|###5      | 179/500 [00:45<01:23,  3.84it/s]
 36%|###6      | 180/500 [00:46<01:22,  3.90it/s]
 36%|###6      | 181/500 [00:46<01:21,  3.93it/s]
 36%|###6      | 182/500 [00:46<01:20,  3.96it/s]
 37%|###6      | 183/500 [00:46<01:19,  3.99it/s]
 37%|###6      | 184/500 [00:47<01:18,  4.01it/s]
 37%|###7      | 185/500 [00:47<01:18,  4.00it/s]
 37%|###7      | 186/500 [00:47<01:18,  4.00it/s]
 37%|###7      | 187/500 [00:47<01:18,  4.01it/s]
 38%|###7      | 188/500 [00:48<01:17,  4.02it/s]
 38%|###7      | 189/500 [00:48<01:17,  4.01it/s]
 38%|###8      | 190/500 [00:48<01:17,  4.01it/s]
 38%|###8      | 191/500 [00:48<01:17,  4.00it/s]
 38%|###8      | 192/500 [00:49<01:16,  4.02it/s]
 39%|###8      | 193/500 [00:49<01:16,  4.02it/s]
 39%|###8      | 194/500 [00:49<01:16,  4.02it/s]
 39%|###9      | 195/500 [00:49<01:15,  4.02it/s]
 39%|###9      | 196/500 [00:50<01:15,  4.03it/s]
 39%|###9      | 197/500 [00:50<01:15,  4.03it/s]
 40%|###9      | 198/500 [00:50<01:14,  4.03it/s]
 40%|###9      | 199/500 [00:50<01:14,  4.03it/s]
 40%|####      | 200/500 [00:51<01:14,  4.04it/s]
 40%|####      | 201/500 [00:51<01:13,  4.04it/s]
 40%|####      | 202/500 [00:51<01:13,  4.04it/s]
 41%|####      | 203/500 [00:51<01:13,  4.04it/s]
 41%|####      | 204/500 [00:52<01:32,  3.19it/s]
 41%|####1     | 205/500 [00:52<01:26,  3.42it/s]
 41%|####1     | 206/500 [00:52<01:22,  3.58it/s]
 41%|####1     | 207/500 [00:52<01:18,  3.73it/s]
 42%|####1     | 208/500 [00:53<01:16,  3.81it/s]
 42%|####1     | 209/500 [00:53<01:15,  3.87it/s]
 42%|####2     | 210/500 [00:53<01:14,  3.92it/s]
 42%|####2     | 211/500 [00:53<01:12,  3.96it/s]
 42%|####2     | 212/500 [00:54<01:12,  3.99it/s]
 43%|####2     | 213/500 [00:54<01:11,  4.01it/s]
 43%|####2     | 214/500 [00:54<01:11,  4.01it/s]
 43%|####3     | 215/500 [00:54<01:10,  4.04it/s]
 43%|####3     | 216/500 [00:55<01:10,  4.04it/s]
 43%|####3     | 217/500 [00:55<01:10,  4.03it/s]
 44%|####3     | 218/500 [00:55<01:10,  4.02it/s]
 44%|####3     | 219/500 [00:55<01:09,  4.03it/s]
 44%|####4     | 220/500 [00:56<01:09,  4.03it/s]
 44%|####4     | 221/500 [00:56<01:09,  4.01it/s]
 44%|####4     | 222/500 [00:56<01:09,  4.00it/s]
 45%|####4     | 223/500 [00:56<01:08,  4.03it/s]
 45%|####4     | 224/500 [00:57<01:08,  4.01it/s]
 45%|####5     | 225/500 [00:57<01:08,  4.02it/s]
 45%|####5     | 226/500 [00:57<01:08,  4.02it/s]
 45%|####5     | 227/500 [00:57<01:07,  4.02it/s]
 46%|####5     | 228/500 [00:58<01:07,  4.06it/s]
 46%|####5     | 229/500 [00:58<01:06,  4.06it/s]
 46%|####6     | 230/500 [00:58<01:06,  4.05it/s]
 46%|####6     | 231/500 [00:58<01:06,  4.05it/s]
 46%|####6     | 232/500 [00:59<01:06,  4.05it/s]
 47%|####6     | 233/500 [00:59<01:24,  3.16it/s]
 47%|####6     | 234/500 [00:59<01:18,  3.38it/s]
 47%|####6     | 235/500 [01:00<01:14,  3.56it/s]
 47%|####7     | 236/500 [01:00<01:11,  3.70it/s]
 47%|####7     | 237/500 [01:00<01:08,  3.81it/s]
 48%|####7     | 238/500 [01:00<01:07,  3.89it/s]
 48%|####7     | 239/500 [01:01<01:06,  3.95it/s]
 48%|####8     | 240/500 [01:01<01:05,  3.98it/s]
 48%|####8     | 241/500 [01:01<01:04,  4.01it/s]
 48%|####8     | 242/500 [01:01<01:04,  4.03it/s]
 49%|####8     | 243/500 [01:02<01:03,  4.07it/s]
 49%|####8     | 244/500 [01:02<01:02,  4.07it/s]
 49%|####9     | 245/500 [01:02<01:02,  4.06it/s]
 49%|####9     | 246/500 [01:02<01:02,  4.06it/s]
 49%|####9     | 247/500 [01:03<01:02,  4.04it/s]
 50%|####9     | 248/500 [01:03<01:02,  4.04it/s]
 50%|####9     | 249/500 [01:03<01:02,  4.04it/s]
 50%|#####     | 250/500 [01:03<01:01,  4.04it/s]
 50%|#####     | 251/500 [01:04<01:01,  4.03it/s]
 50%|#####     | 252/500 [01:04<01:01,  4.04it/s]
 51%|#####     | 253/500 [01:04<01:01,  4.02it/s]
 51%|#####     | 254/500 [01:04<01:01,  4.02it/s]
 51%|#####1    | 255/500 [01:05<01:01,  4.01it/s]
 51%|#####1    | 256/500 [01:05<01:00,  4.01it/s]
 51%|#####1    | 257/500 [01:05<01:00,  4.02it/s]
 52%|#####1    | 258/500 [01:05<01:00,  4.03it/s]
 52%|#####1    | 259/500 [01:06<00:59,  4.03it/s]
 52%|#####2    | 260/500 [01:06<00:59,  4.03it/s]
 52%|#####2    | 261/500 [01:06<00:59,  4.02it/s]
 52%|#####2    | 262/500 [01:06<01:14,  3.21it/s]
 53%|#####2    | 263/500 [01:07<01:08,  3.44it/s]
 53%|#####2    | 264/500 [01:07<01:05,  3.61it/s]
 53%|#####3    | 265/500 [01:07<01:02,  3.74it/s]
 53%|#####3    | 266/500 [01:07<01:01,  3.83it/s]
 53%|#####3    | 267/500 [01:08<00:59,  3.90it/s]
 54%|#####3    | 268/500 [01:08<00:58,  3.95it/s]
 54%|#####3    | 269/500 [01:08<00:58,  3.97it/s]
 54%|#####4    | 270/500 [01:08<00:57,  4.00it/s]
 54%|#####4    | 271/500 [01:09<00:57,  4.00it/s]
 54%|#####4    | 272/500 [01:09<00:56,  4.02it/s]
 55%|#####4    | 273/500 [01:09<00:56,  4.02it/s]
 55%|#####4    | 274/500 [01:09<00:56,  4.03it/s]
 55%|#####5    | 275/500 [01:10<00:56,  4.02it/s]
 55%|#####5    | 276/500 [01:10<00:56,  4.00it/s]
 55%|#####5    | 277/500 [01:10<00:55,  4.02it/s]
 56%|#####5    | 278/500 [01:10<00:54,  4.04it/s]
 56%|#####5    | 279/500 [01:11<00:54,  4.03it/s]
 56%|#####6    | 280/500 [01:11<00:54,  4.03it/s]
 56%|#####6    | 281/500 [01:11<00:54,  4.04it/s]
 56%|#####6    | 282/500 [01:11<00:53,  4.05it/s]
 57%|#####6    | 283/500 [01:12<00:53,  4.04it/s]
 57%|#####6    | 284/500 [01:12<00:53,  4.03it/s]
 57%|#####6    | 285/500 [01:12<00:53,  4.02it/s]
 57%|#####7    | 286/500 [01:12<00:53,  4.03it/s]
 57%|#####7    | 287/500 [01:13<00:52,  4.05it/s]
 58%|#####7    | 288/500 [01:13<00:52,  4.07it/s]
 58%|#####7    | 289/500 [01:13<00:51,  4.07it/s]
 58%|#####8    | 290/500 [01:13<00:51,  4.07it/s]
 58%|#####8    | 291/500 [01:14<01:06,  3.16it/s]
 58%|#####8    | 292/500 [01:14<01:01,  3.39it/s]
 59%|#####8    | 293/500 [01:14<00:57,  3.58it/s]
 59%|#####8    | 294/500 [01:15<00:55,  3.70it/s]
 59%|#####8    | 295/500 [01:15<00:54,  3.78it/s]
 59%|#####9    | 296/500 [01:15<00:53,  3.84it/s]
 59%|#####9    | 297/500 [01:15<00:52,  3.90it/s]
 60%|#####9    | 298/500 [01:16<00:51,  3.93it/s]
 60%|#####9    | 299/500 [01:16<00:50,  3.96it/s]
 60%|######    | 300/500 [01:16<00:50,  3.98it/s]
 60%|######    | 301/500 [01:16<00:49,  4.01it/s]
 60%|######    | 302/500 [01:17<00:49,  4.02it/s]
 61%|######    | 303/500 [01:17<00:48,  4.03it/s]
 61%|######    | 304/500 [01:17<00:48,  4.03it/s]
 61%|######1   | 305/500 [01:17<00:48,  4.04it/s]
 61%|######1   | 306/500 [01:18<00:48,  4.04it/s]
 61%|######1   | 307/500 [01:18<00:47,  4.04it/s]
 62%|######1   | 308/500 [01:18<00:47,  4.04it/s]
 62%|######1   | 309/500 [01:18<00:47,  4.04it/s]
 62%|######2   | 310/500 [01:19<00:47,  4.03it/s]
 62%|######2   | 311/500 [01:19<00:46,  4.03it/s]
 62%|######2   | 312/500 [01:19<00:46,  4.03it/s]
 63%|######2   | 313/500 [01:19<00:46,  4.02it/s]
 63%|######2   | 314/500 [01:20<00:46,  4.02it/s]
 63%|######3   | 315/500 [01:20<00:46,  4.02it/s]
 63%|######3   | 316/500 [01:20<00:45,  4.03it/s]
 63%|######3   | 317/500 [01:20<00:45,  4.03it/s]
 64%|######3   | 318/500 [01:21<00:45,  4.03it/s]
 64%|######3   | 319/500 [01:21<00:44,  4.03it/s]
 64%|######4   | 320/500 [01:21<00:55,  3.22it/s]
 64%|######4   | 321/500 [01:22<00:52,  3.43it/s]
 64%|######4   | 322/500 [01:22<00:49,  3.60it/s]
 65%|######4   | 323/500 [01:22<00:47,  3.73it/s]
 65%|######4   | 324/500 [01:22<00:45,  3.83it/s]
 65%|######5   | 325/500 [01:23<00:44,  3.90it/s]
 65%|######5   | 326/500 [01:23<00:44,  3.95it/s]
 65%|######5   | 327/500 [01:23<00:43,  3.98it/s]
 66%|######5   | 328/500 [01:23<00:42,  4.01it/s]
 66%|######5   | 329/500 [01:23<00:42,  4.03it/s]
 66%|######6   | 330/500 [01:24<00:42,  4.04it/s]
 66%|######6   | 331/500 [01:24<00:41,  4.04it/s]
 66%|######6   | 332/500 [01:24<00:41,  4.04it/s]
 67%|######6   | 333/500 [01:24<00:41,  4.05it/s]
 67%|######6   | 334/500 [01:25<00:41,  4.04it/s]
 67%|######7   | 335/500 [01:25<00:40,  4.05it/s]
 67%|######7   | 336/500 [01:25<00:40,  4.04it/s]
 67%|######7   | 337/500 [01:25<00:40,  4.05it/s]
 68%|######7   | 338/500 [01:26<00:39,  4.06it/s]
 68%|######7   | 339/500 [01:26<00:39,  4.05it/s]
 68%|######8   | 340/500 [01:26<00:39,  4.04it/s]
 68%|######8   | 341/500 [01:26<00:39,  4.04it/s]
 68%|######8   | 342/500 [01:27<00:39,  4.04it/s]
 69%|######8   | 343/500 [01:27<00:38,  4.04it/s]
 69%|######8   | 344/500 [01:27<00:38,  4.03it/s]
 69%|######9   | 345/500 [01:27<00:38,  4.05it/s]
 69%|######9   | 346/500 [01:28<00:38,  4.05it/s]
 69%|######9   | 347/500 [01:28<00:37,  4.07it/s]
 70%|######9   | 348/500 [01:28<00:37,  4.06it/s]
 70%|######9   | 349/500 [01:29<00:47,  3.19it/s]
 70%|#######   | 350/500 [01:29<00:43,  3.42it/s]
 70%|#######   | 351/500 [01:29<00:41,  3.59it/s]
 70%|#######   | 352/500 [01:29<00:39,  3.72it/s]
 71%|#######   | 353/500 [01:30<00:38,  3.81it/s]
 71%|#######   | 354/500 [01:30<00:37,  3.89it/s]
 71%|#######1  | 355/500 [01:30<00:36,  3.93it/s]
 71%|#######1  | 356/500 [01:30<00:36,  3.95it/s]
 71%|#######1  | 357/500 [01:31<00:36,  3.95it/s]
 72%|#######1  | 358/500 [01:31<00:35,  3.98it/s]
 72%|#######1  | 359/500 [01:31<00:35,  3.99it/s]
 72%|#######2  | 360/500 [01:31<00:35,  3.99it/s]
 72%|#######2  | 361/500 [01:32<00:34,  3.99it/s]
 72%|#######2  | 362/500 [01:32<00:34,  4.02it/s]
 73%|#######2  | 363/500 [01:32<00:33,  4.04it/s]
 73%|#######2  | 364/500 [01:32<00:33,  4.05it/s]
 73%|#######3  | 365/500 [01:33<00:33,  4.04it/s]
 73%|#######3  | 366/500 [01:33<00:33,  4.02it/s]
 73%|#######3  | 367/500 [01:33<00:32,  4.05it/s]
 74%|#######3  | 368/500 [01:33<00:32,  4.05it/s]
 74%|#######3  | 369/500 [01:34<00:32,  4.03it/s]
 74%|#######4  | 370/500 [01:34<00:32,  4.03it/s]
 74%|#######4  | 371/500 [01:34<00:31,  4.04it/s]
 74%|#######4  | 372/500 [01:34<00:31,  4.02it/s]
 75%|#######4  | 373/500 [01:35<00:31,  4.01it/s]
 75%|#######4  | 374/500 [01:35<00:31,  4.01it/s]
 75%|#######5  | 375/500 [01:35<00:31,  4.01it/s]
 75%|#######5  | 376/500 [01:35<00:30,  4.01it/s]
 75%|#######5  | 377/500 [01:36<00:30,  4.01it/s]
 76%|#######5  | 378/500 [01:36<00:38,  3.19it/s]
 76%|#######5  | 379/500 [01:36<00:35,  3.42it/s]
 76%|#######6  | 380/500 [01:37<00:33,  3.59it/s]
 76%|#######6  | 381/500 [01:37<00:32,  3.72it/s]
 76%|#######6  | 382/500 [01:37<00:30,  3.82it/s]
 77%|#######6  | 383/500 [01:37<00:29,  3.91it/s]
 77%|#######6  | 384/500 [01:38<00:29,  3.97it/s]
 77%|#######7  | 385/500 [01:38<00:28,  4.00it/s]
 77%|#######7  | 386/500 [01:38<00:28,  4.02it/s]
 77%|#######7  | 387/500 [01:38<00:28,  4.03it/s]
 78%|#######7  | 388/500 [01:39<00:27,  4.04it/s]
 78%|#######7  | 389/500 [01:39<00:27,  4.04it/s]
 78%|#######8  | 390/500 [01:39<00:27,  4.05it/s]
 78%|#######8  | 391/500 [01:39<00:26,  4.06it/s]
 78%|#######8  | 392/500 [01:40<00:26,  4.06it/s]
 79%|#######8  | 393/500 [01:40<00:26,  4.06it/s]
 79%|#######8  | 394/500 [01:40<00:26,  4.05it/s]
 79%|#######9  | 395/500 [01:40<00:25,  4.04it/s]
 79%|#######9  | 396/500 [01:40<00:25,  4.05it/s]
 79%|#######9  | 397/500 [01:41<00:25,  4.05it/s]
 80%|#######9  | 398/500 [01:41<00:25,  4.06it/s]
 80%|#######9  | 399/500 [01:41<00:24,  4.05it/s]
 80%|########  | 400/500 [01:41<00:24,  4.05it/s]
 80%|########  | 401/500 [01:42<00:24,  4.07it/s]
 80%|########  | 402/500 [01:42<00:23,  4.09it/s]
 81%|########  | 403/500 [01:42<00:23,  4.10it/s]
 81%|########  | 404/500 [01:42<00:23,  4.09it/s]
 81%|########1 | 405/500 [01:43<00:23,  4.11it/s]
 81%|########1 | 406/500 [01:43<00:22,  4.11it/s]
 81%|########1 | 407/500 [01:43<00:29,  3.18it/s]
 82%|########1 | 408/500 [01:44<00:26,  3.42it/s]
 82%|########1 | 409/500 [01:44<00:25,  3.59it/s]
 82%|########2 | 410/500 [01:44<00:24,  3.72it/s]
 82%|########2 | 411/500 [01:44<00:23,  3.82it/s]
 82%|########2 | 412/500 [01:45<00:22,  3.89it/s]
 83%|########2 | 413/500 [01:45<00:22,  3.94it/s]
 83%|########2 | 414/500 [01:45<00:21,  3.96it/s]
 83%|########2 | 415/500 [01:45<00:21,  3.99it/s]
 83%|########3 | 416/500 [01:46<00:20,  4.01it/s]
 83%|########3 | 417/500 [01:46<00:20,  4.02it/s]
 84%|########3 | 418/500 [01:46<00:20,  4.02it/s]
 84%|########3 | 419/500 [01:46<00:20,  4.02it/s]
 84%|########4 | 420/500 [01:47<00:19,  4.03it/s]
 84%|########4 | 421/500 [01:47<00:19,  4.03it/s]
 84%|########4 | 422/500 [01:47<00:19,  4.02it/s]
 85%|########4 | 423/500 [01:47<00:19,  4.01it/s]
 85%|########4 | 424/500 [01:48<00:18,  4.02it/s]
 85%|########5 | 425/500 [01:48<00:18,  4.02it/s]
 85%|########5 | 426/500 [01:48<00:18,  4.02it/s]
 85%|########5 | 427/500 [01:48<00:18,  4.02it/s]
 86%|########5 | 428/500 [01:49<00:17,  4.04it/s]
 86%|########5 | 429/500 [01:49<00:17,  4.03it/s]
 86%|########6 | 430/500 [01:49<00:17,  4.03it/s]
 86%|########6 | 431/500 [01:49<00:17,  4.04it/s]
 86%|########6 | 432/500 [01:50<00:16,  4.05it/s]
 87%|########6 | 433/500 [01:50<00:16,  4.05it/s]
 87%|########6 | 434/500 [01:50<00:16,  4.05it/s]
 87%|########7 | 435/500 [01:50<00:16,  4.06it/s]
 87%|########7 | 436/500 [01:51<00:20,  3.20it/s]
 87%|########7 | 437/500 [01:51<00:18,  3.42it/s]
 88%|########7 | 438/500 [01:51<00:17,  3.62it/s]
 88%|########7 | 439/500 [01:52<00:16,  3.73it/s]
 88%|########8 | 440/500 [01:52<00:15,  3.83it/s]
 88%|########8 | 441/500 [01:52<00:15,  3.91it/s]
 88%|########8 | 442/500 [01:52<00:14,  3.97it/s]
 89%|########8 | 443/500 [01:53<00:14,  3.99it/s]
 89%|########8 | 444/500 [01:53<00:13,  4.01it/s]
 89%|########9 | 445/500 [01:53<00:13,  4.01it/s]
 89%|########9 | 446/500 [01:53<00:13,  4.03it/s]
 89%|########9 | 447/500 [01:54<00:13,  4.03it/s]
 90%|########9 | 448/500 [01:54<00:12,  4.02it/s]
 90%|########9 | 449/500 [01:54<00:12,  4.02it/s]
 90%|######### | 450/500 [01:54<00:12,  4.04it/s]
 90%|######### | 451/500 [01:55<00:12,  4.02it/s]
 90%|######### | 452/500 [01:55<00:11,  4.01it/s]
 91%|######### | 453/500 [01:55<00:11,  4.00it/s]
 91%|######### | 454/500 [01:55<00:11,  4.02it/s]
 91%|#########1| 455/500 [01:55<00:11,  4.02it/s]
 91%|#########1| 456/500 [01:56<00:10,  4.01it/s]
 91%|#########1| 457/500 [01:56<00:10,  4.00it/s]
 92%|#########1| 458/500 [01:56<00:10,  4.00it/s]
 92%|#########1| 459/500 [01:57<00:10,  4.00it/s]
 92%|#########2| 460/500 [01:57<00:09,  4.02it/s]
 92%|#########2| 461/500 [01:57<00:09,  4.04it/s]
 92%|#########2| 462/500 [01:57<00:09,  4.06it/s]
 93%|#########2| 463/500 [01:57<00:09,  4.06it/s]
 93%|#########2| 464/500 [01:58<00:08,  4.05it/s]
 93%|#########3| 465/500 [01:58<00:10,  3.22it/s]
 93%|#########3| 466/500 [01:58<00:09,  3.43it/s]
 93%|#########3| 467/500 [01:59<00:09,  3.59it/s]
 94%|#########3| 468/500 [01:59<00:08,  3.71it/s]
 94%|#########3| 469/500 [01:59<00:08,  3.80it/s]
 94%|#########3| 470/500 [01:59<00:07,  3.89it/s]
 94%|#########4| 471/500 [02:00<00:07,  3.94it/s]
 94%|#########4| 472/500 [02:00<00:07,  3.98it/s]
 95%|#########4| 473/500 [02:00<00:06,  4.00it/s]
 95%|#########4| 474/500 [02:00<00:06,  4.01it/s]
 95%|#########5| 475/500 [02:01<00:06,  4.01it/s]
 95%|#########5| 476/500 [02:01<00:05,  4.02it/s]
 95%|#########5| 477/500 [02:01<00:05,  4.02it/s]
 96%|#########5| 478/500 [02:01<00:05,  4.02it/s]
 96%|#########5| 479/500 [02:02<00:05,  4.02it/s]
 96%|#########6| 480/500 [02:02<00:04,  4.03it/s]
 96%|#########6| 481/500 [02:02<00:04,  4.01it/s]
 96%|#########6| 482/500 [02:02<00:04,  4.02it/s]
 97%|#########6| 483/500 [02:03<00:04,  4.02it/s]
 97%|#########6| 484/500 [02:03<00:03,  4.04it/s]
 97%|#########7| 485/500 [02:03<00:03,  4.04it/s]
 97%|#########7| 486/500 [02:03<00:03,  4.04it/s]
 97%|#########7| 487/500 [02:04<00:03,  4.05it/s]
 98%|#########7| 488/500 [02:04<00:02,  4.07it/s]
 98%|#########7| 489/500 [02:04<00:02,  4.07it/s]
 98%|#########8| 490/500 [02:04<00:02,  4.07it/s]
 98%|#########8| 491/500 [02:05<00:02,  4.06it/s]
 98%|#########8| 492/500 [02:05<00:01,  4.09it/s]
 99%|#########8| 493/500 [02:05<00:01,  4.09it/s]
 99%|#########8| 494/500 [02:06<00:01,  3.22it/s]
 99%|#########9| 495/500 [02:06<00:01,  3.45it/s]
 99%|#########9| 496/500 [02:06<00:01,  3.60it/s]
 99%|#########9| 497/500 [02:06<00:00,  3.73it/s]
100%|#########9| 498/500 [02:07<00:00,  3.81it/s]
100%|#########9| 499/500 [02:07<00:00,  3.89it/s]
100%|##########| 500/500 [02:07<00:00,  3.95it/s]
100%|##########| 500/500 [02:07<00:00,  3.92it/s]
Train Epoch 44
{
    "Loss": 0.00667782322736457,
    "Optimizer/policy0_lr": 0.00010000000000000003,
    "Policy_Grad_Norms": 0.03254561335008853,
    "Time_Data_Loading": 0.09667376677195232,
    "Time_Epoch": 2.1264190077781677,
    "Time_Log_Info": 0.024605294068654377,
    "Time_Process_Batch": 0.741911768913269,
    "Time_Train_Batch": 1.2359291275342306
}

Epoch 44 Memory Usage: 2298 MB


  0%|          | 0/500 [00:00<?, ?it/s]
  0%|          | 1/500 [00:00<03:10,  2.62it/s]
  0%|          | 2/500 [00:00<02:29,  3.34it/s]
  1%|          | 3/500 [00:00<02:16,  3.65it/s]
  1%|          | 4/500 [00:01<02:09,  3.82it/s]
  1%|1         | 5/500 [00:01<02:06,  3.90it/s]
  1%|1         | 6/500 [00:01<02:04,  3.95it/s]
  1%|1         | 7/500 [00:01<02:04,  3.97it/s]
  2%|1         | 8/500 [00:02<02:03,  3.98it/s]
  2%|1         | 9/500 [00:02<02:03,  3.98it/s]
  2%|2         | 10/500 [00:02<02:02,  4.01it/s]
  2%|2         | 11/500 [00:02<02:02,  4.00it/s]
  2%|2         | 12/500 [00:03<02:01,  4.01it/s]
  3%|2         | 13/500 [00:03<02:01,  4.02it/s]
  3%|2         | 14/500 [00:03<02:00,  4.03it/s]
  3%|3         | 15/500 [00:03<02:00,  4.02it/s]
  3%|3         | 16/500 [00:04<02:00,  4.03it/s]
  3%|3         | 17/500 [00:04<01:59,  4.03it/s]
  4%|3         | 18/500 [00:04<01:59,  4.03it/s]
  4%|3         | 19/500 [00:04<01:59,  4.02it/s]
  4%|4         | 20/500 [00:05<01:59,  4.01it/s]
  4%|4         | 21/500 [00:05<01:59,  4.00it/s]
  4%|4         | 22/500 [00:05<01:59,  4.00it/s]
  5%|4         | 23/500 [00:05<01:59,  4.00it/s]
  5%|4         | 24/500 [00:06<01:59,  4.00it/s]
  5%|5         | 25/500 [00:06<01:58,  4.00it/s]
  5%|5         | 26/500 [00:06<01:58,  4.00it/s]
  5%|5         | 27/500 [00:06<01:58,  4.01it/s]
  6%|5         | 28/500 [00:07<01:57,  4.01it/s]
  6%|5         | 29/500 [00:07<01:57,  4.02it/s]
  6%|6         | 30/500 [00:07<02:29,  3.14it/s]
  6%|6         | 31/500 [00:08<02:18,  3.38it/s]
  6%|6         | 32/500 [00:08<02:11,  3.56it/s]
  7%|6         | 33/500 [00:08<02:06,  3.70it/s]
  7%|6         | 34/500 [00:08<02:02,  3.81it/s]
  7%|7         | 35/500 [00:09<01:59,  3.89it/s]
  7%|7         | 36/500 [00:09<01:58,  3.93it/s]
  7%|7         | 37/500 [00:09<01:57,  3.96it/s]
  8%|7         | 38/500 [00:09<01:56,  3.97it/s]
  8%|7         | 39/500 [00:10<01:55,  3.99it/s]
  8%|8         | 40/500 [00:10<01:55,  3.98it/s]
  8%|8         | 41/500 [00:10<01:55,  3.98it/s]
  8%|8         | 42/500 [00:10<01:54,  3.99it/s]
  9%|8         | 43/500 [00:11<01:54,  3.99it/s]
  9%|8         | 44/500 [00:11<01:54,  4.00it/s]
  9%|9         | 45/500 [00:11<01:52,  4.03it/s]
  9%|9         | 46/500 [00:11<01:52,  4.04it/s]
  9%|9         | 47/500 [00:12<01:52,  4.04it/s]
 10%|9         | 48/500 [00:12<01:52,  4.03it/s]
 10%|9         | 49/500 [00:12<01:51,  4.03it/s]
 10%|#         | 50/500 [00:12<01:51,  4.02it/s]
 10%|#         | 51/500 [00:13<01:51,  4.02it/s]
 10%|#         | 52/500 [00:13<01:51,  4.02it/s]
 11%|#         | 53/500 [00:13<01:51,  4.01it/s]
 11%|#         | 54/500 [00:13<01:51,  4.01it/s]
 11%|#1        | 55/500 [00:14<01:50,  4.02it/s]
 11%|#1        | 56/500 [00:14<01:50,  4.02it/s]
 11%|#1        | 57/500 [00:14<01:50,  4.00it/s]
 12%|#1        | 58/500 [00:14<01:50,  4.01it/s]
 12%|#1        | 59/500 [00:15<02:17,  3.21it/s]
 12%|#2        | 60/500 [00:15<02:08,  3.43it/s]
 12%|#2        | 61/500 [00:15<02:02,  3.58it/s]
 12%|#2        | 62/500 [00:15<01:58,  3.71it/s]
 13%|#2        | 63/500 [00:16<01:54,  3.80it/s]
 13%|#2        | 64/500 [00:16<01:52,  3.87it/s]
 13%|#3        | 65/500 [00:16<01:51,  3.92it/s]
 13%|#3        | 66/500 [00:16<01:49,  3.95it/s]
 13%|#3        | 67/500 [00:17<01:48,  4.01it/s]
 14%|#3        | 68/500 [00:17<01:47,  4.01it/s]
 14%|#3        | 69/500 [00:17<01:47,  4.01it/s]
 14%|#4        | 70/500 [00:17<01:47,  4.02it/s]
 14%|#4        | 71/500 [00:18<01:46,  4.03it/s]
 14%|#4        | 72/500 [00:18<01:46,  4.03it/s]
 15%|#4        | 73/500 [00:18<01:45,  4.04it/s]
 15%|#4        | 74/500 [00:18<01:46,  4.01it/s]
 15%|#5        | 75/500 [00:19<01:46,  4.01it/s]
 15%|#5        | 76/500 [00:19<01:45,  4.00it/s]
 15%|#5        | 77/500 [00:19<01:45,  4.00it/s]
 16%|#5        | 78/500 [00:19<01:45,  4.00it/s]
 16%|#5        | 79/500 [00:20<01:45,  3.99it/s]
 16%|#6        | 80/500 [00:20<01:45,  4.00it/s]
 16%|#6        | 81/500 [00:20<01:44,  3.99it/s]
 16%|#6        | 82/500 [00:20<01:44,  4.00it/s]
 17%|#6        | 83/500 [00:21<01:44,  3.99it/s]
 17%|#6        | 84/500 [00:21<01:44,  3.99it/s]
 17%|#7        | 85/500 [00:21<01:43,  3.99it/s]
 17%|#7        | 86/500 [00:21<01:43,  4.01it/s]
 17%|#7        | 87/500 [00:22<01:43,  3.99it/s]
 18%|#7        | 88/500 [00:22<02:09,  3.19it/s]
 18%|#7        | 89/500 [00:22<01:59,  3.43it/s]
 18%|#8        | 90/500 [00:23<01:53,  3.60it/s]
 18%|#8        | 91/500 [00:23<01:50,  3.72it/s]
 18%|#8        | 92/500 [00:23<01:47,  3.80it/s]
 19%|#8        | 93/500 [00:23<01:45,  3.87it/s]
 19%|#8        | 94/500 [00:24<01:43,  3.91it/s]
 19%|#9        | 95/500 [00:24<01:42,  3.94it/s]
 19%|#9        | 96/500 [00:24<01:42,  3.95it/s]
 19%|#9        | 97/500 [00:24<01:41,  3.98it/s]
 20%|#9        | 98/500 [00:25<01:40,  3.99it/s]
 20%|#9        | 99/500 [00:25<01:40,  4.00it/s]
 20%|##        | 100/500 [00:25<01:40,  4.00it/s]
 20%|##        | 101/500 [00:25<01:39,  4.00it/s]
 20%|##        | 102/500 [00:26<01:39,  4.01it/s]
 21%|##        | 103/500 [00:26<01:38,  4.02it/s]
 21%|##        | 104/500 [00:26<01:38,  4.02it/s]
 21%|##1       | 105/500 [00:26<01:37,  4.03it/s]
 21%|##1       | 106/500 [00:27<01:37,  4.04it/s]
 21%|##1       | 107/500 [00:27<01:37,  4.04it/s]
 22%|##1       | 108/500 [00:27<01:36,  4.04it/s]
 22%|##1       | 109/500 [00:27<01:36,  4.03it/s]
 22%|##2       | 110/500 [00:28<01:36,  4.03it/s]
 22%|##2       | 111/500 [00:28<01:36,  4.03it/s]
 22%|##2       | 112/500 [00:28<01:36,  4.02it/s]
 23%|##2       | 113/500 [00:28<01:35,  4.04it/s]
 23%|##2       | 114/500 [00:29<01:35,  4.03it/s]
 23%|##3       | 115/500 [00:29<01:35,  4.03it/s]
 23%|##3       | 116/500 [00:29<01:35,  4.03it/s]
 23%|##3       | 117/500 [00:30<02:00,  3.17it/s]
 24%|##3       | 118/500 [00:30<01:52,  3.40it/s]
 24%|##3       | 119/500 [00:30<01:46,  3.57it/s]
 24%|##4       | 120/500 [00:30<01:42,  3.72it/s]
 24%|##4       | 121/500 [00:31<01:38,  3.83it/s]
 24%|##4       | 122/500 [00:31<01:37,  3.90it/s]
 25%|##4       | 123/500 [00:31<01:35,  3.93it/s]
 25%|##4       | 124/500 [00:31<01:35,  3.95it/s]
 25%|##5       | 125/500 [00:32<01:34,  3.97it/s]
 25%|##5       | 126/500 [00:32<01:33,  3.98it/s]
 25%|##5       | 127/500 [00:32<01:33,  3.98it/s]
 26%|##5       | 128/500 [00:32<01:33,  4.00it/s]
 26%|##5       | 129/500 [00:33<01:32,  4.00it/s]
 26%|##6       | 130/500 [00:33<01:32,  4.00it/s]
 26%|##6       | 131/500 [00:33<01:32,  4.00it/s]
 26%|##6       | 132/500 [00:33<01:31,  4.01it/s]
 27%|##6       | 133/500 [00:34<01:31,  4.01it/s]
 27%|##6       | 134/500 [00:34<01:31,  4.00it/s]
 27%|##7       | 135/500 [00:34<01:30,  4.02it/s]
 27%|##7       | 136/500 [00:34<01:30,  4.03it/s]
 27%|##7       | 137/500 [00:35<01:29,  4.04it/s]
 28%|##7       | 138/500 [00:35<01:29,  4.05it/s]
 28%|##7       | 139/500 [00:35<01:28,  4.06it/s]
 28%|##8       | 140/500 [00:35<01:28,  4.06it/s]
 28%|##8       | 141/500 [00:36<01:28,  4.06it/s]
 28%|##8       | 142/500 [00:36<01:28,  4.07it/s]
 29%|##8       | 143/500 [00:36<01:27,  4.08it/s]
 29%|##8       | 144/500 [00:36<01:27,  4.08it/s]
 29%|##9       | 145/500 [00:36<01:27,  4.07it/s]
 29%|##9       | 146/500 [00:37<01:49,  3.23it/s]
 29%|##9       | 147/500 [00:37<01:42,  3.45it/s]
 30%|##9       | 148/500 [00:37<01:37,  3.62it/s]
 30%|##9       | 149/500 [00:38<01:34,  3.73it/s]
 30%|###       | 150/500 [00:38<01:31,  3.82it/s]
 30%|###       | 151/500 [00:38<01:30,  3.88it/s]
 30%|###       | 152/500 [00:38<01:29,  3.91it/s]
 31%|###       | 153/500 [00:39<01:28,  3.93it/s]
 31%|###       | 154/500 [00:39<01:27,  3.96it/s]
 31%|###1      | 155/500 [00:39<01:26,  3.99it/s]
 31%|###1      | 156/500 [00:39<01:26,  4.00it/s]
 31%|###1      | 157/500 [00:40<01:25,  4.01it/s]
 32%|###1      | 158/500 [00:40<01:25,  4.02it/s]
 32%|###1      | 159/500 [00:40<01:24,  4.02it/s]
 32%|###2      | 160/500 [00:40<01:24,  4.02it/s]
 32%|###2      | 161/500 [00:41<01:24,  4.01it/s]
 32%|###2      | 162/500 [00:41<01:24,  4.01it/s]
 33%|###2      | 163/500 [00:41<01:23,  4.03it/s]
 33%|###2      | 164/500 [00:41<01:23,  4.05it/s]
 33%|###3      | 165/500 [00:42<01:22,  4.04it/s]
 33%|###3      | 166/500 [00:42<01:22,  4.05it/s]
 33%|###3      | 167/500 [00:42<01:22,  4.04it/s]
 34%|###3      | 168/500 [00:42<01:22,  4.02it/s]
 34%|###3      | 169/500 [00:43<01:22,  4.03it/s]
 34%|###4      | 170/500 [00:43<01:21,  4.04it/s]
 34%|###4      | 171/500 [00:43<01:21,  4.04it/s]
 34%|###4      | 172/500 [00:43<01:21,  4.03it/s]
 35%|###4      | 173/500 [00:44<01:21,  4.03it/s]
 35%|###4      | 174/500 [00:44<01:20,  4.03it/s]
 35%|###5      | 175/500 [00:44<01:41,  3.22it/s]
 35%|###5      | 176/500 [00:45<01:34,  3.43it/s]
 35%|###5      | 177/500 [00:45<01:29,  3.61it/s]
 36%|###5      | 178/500 [00:45<01:26,  3.71it/s]
 36%|###5      | 179/500 [00:45<01:24,  3.79it/s]
 36%|###6      | 180/500 [00:46<01:23,  3.85it/s]
 36%|###6      | 181/500 [00:46<01:21,  3.89it/s]
 36%|###6      | 182/500 [00:46<01:20,  3.93it/s]
 37%|###6      | 183/500 [00:46<01:20,  3.95it/s]
 37%|###6      | 184/500 [00:47<01:19,  3.97it/s]
 37%|###7      | 185/500 [00:47<01:19,  3.98it/s]
 37%|###7      | 186/500 [00:47<01:18,  3.99it/s]
 37%|###7      | 187/500 [00:47<01:18,  3.99it/s]
 38%|###7      | 188/500 [00:48<01:18,  3.99it/s]
 38%|###7      | 189/500 [00:48<01:17,  4.00it/s]
 38%|###8      | 190/500 [00:48<01:17,  3.99it/s]
 38%|###8      | 191/500 [00:48<01:17,  4.00it/s]
 38%|###8      | 192/500 [00:49<01:16,  4.00it/s]
 39%|###8      | 193/500 [00:49<01:16,  4.00it/s]
 39%|###8      | 194/500 [00:49<01:16,  4.00it/s]
 39%|###9      | 195/500 [00:49<01:16,  3.99it/s]
 39%|###9      | 196/500 [00:50<01:15,  4.00it/s]
 39%|###9      | 197/500 [00:50<01:15,  4.00it/s]
 40%|###9      | 198/500 [00:50<01:15,  4.01it/s]
 40%|###9      | 199/500 [00:50<01:15,  4.01it/s]
 40%|####      | 200/500 [00:51<01:14,  4.02it/s]
 40%|####      | 201/500 [00:51<01:14,  4.04it/s]
 40%|####      | 202/500 [00:51<01:13,  4.04it/s]
 41%|####      | 203/500 [00:51<01:13,  4.04it/s]
 41%|####      | 204/500 [00:52<01:31,  3.22it/s]
 41%|####1     | 205/500 [00:52<01:25,  3.44it/s]
 41%|####1     | 206/500 [00:52<01:21,  3.60it/s]
 41%|####1     | 207/500 [00:53<01:18,  3.73it/s]
 42%|####1     | 208/500 [00:53<01:16,  3.82it/s]
 42%|####1     | 209/500 [00:53<01:15,  3.87it/s]
 42%|####2     | 210/500 [00:53<01:14,  3.91it/s]
 42%|####2     | 211/500 [00:54<01:13,  3.95it/s]
 42%|####2     | 212/500 [00:54<01:12,  3.97it/s]
 43%|####2     | 213/500 [00:54<01:12,  3.98it/s]
 43%|####2     | 214/500 [00:54<01:11,  3.99it/s]
 43%|####3     | 215/500 [00:55<01:11,  4.01it/s]
 43%|####3     | 216/500 [00:55<01:10,  4.00it/s]
 43%|####3     | 217/500 [00:55<01:10,  4.00it/s]
 44%|####3     | 218/500 [00:55<01:10,  4.01it/s]
 44%|####3     | 219/500 [00:55<01:09,  4.04it/s]
 44%|####4     | 220/500 [00:56<01:09,  4.05it/s]
 44%|####4     | 221/500 [00:56<01:08,  4.04it/s]
 44%|####4     | 222/500 [00:56<01:08,  4.05it/s]
 45%|####4     | 223/500 [00:56<01:07,  4.08it/s]
 45%|####4     | 224/500 [00:57<01:07,  4.09it/s]
 45%|####5     | 225/500 [00:57<01:07,  4.08it/s]
 45%|####5     | 226/500 [00:57<01:07,  4.09it/s]
 45%|####5     | 227/500 [00:57<01:06,  4.10it/s]
 46%|####5     | 228/500 [00:58<01:06,  4.08it/s]
 46%|####5     | 229/500 [00:58<01:06,  4.08it/s]
 46%|####6     | 230/500 [00:58<01:06,  4.07it/s]
 46%|####6     | 231/500 [00:58<01:06,  4.07it/s]
 46%|####6     | 232/500 [00:59<01:06,  4.04it/s]
 47%|####6     | 233/500 [00:59<01:22,  3.22it/s]
 47%|####6     | 234/500 [00:59<01:16,  3.46it/s]
 47%|####6     | 235/500 [01:00<01:12,  3.63it/s]
 47%|####7     | 236/500 [01:00<01:10,  3.75it/s]
 47%|####7     | 237/500 [01:00<01:08,  3.83it/s]
 48%|####7     | 238/500 [01:00<01:07,  3.91it/s]
 48%|####7     | 239/500 [01:01<01:05,  3.97it/s]
 48%|####8     | 240/500 [01:01<01:05,  3.98it/s]
 48%|####8     | 241/500 [01:01<01:04,  4.00it/s]
 48%|####8     | 242/500 [01:01<01:04,  4.02it/s]
 49%|####8     | 243/500 [01:02<01:03,  4.02it/s]
 49%|####8     | 244/500 [01:02<01:03,  4.00it/s]
 49%|####9     | 245/500 [01:02<01:03,  4.00it/s]
 49%|####9     | 246/500 [01:02<01:03,  4.01it/s]
 49%|####9     | 247/500 [01:03<01:03,  4.01it/s]
 50%|####9     | 248/500 [01:03<01:02,  4.01it/s]
 50%|####9     | 249/500 [01:03<01:02,  4.00it/s]
 50%|#####     | 250/500 [01:03<01:02,  4.01it/s]
 50%|#####     | 251/500 [01:04<01:01,  4.02it/s]
 50%|#####     | 252/500 [01:04<01:01,  4.02it/s]
 51%|#####     | 253/500 [01:04<01:01,  4.01it/s]
 51%|#####     | 254/500 [01:04<01:01,  4.02it/s]
 51%|#####1    | 255/500 [01:05<01:01,  4.02it/s]
 51%|#####1    | 256/500 [01:05<01:00,  4.01it/s]
 51%|#####1    | 257/500 [01:05<01:00,  4.00it/s]
 52%|#####1    | 258/500 [01:05<01:00,  4.03it/s]
 52%|#####1    | 259/500 [01:06<00:59,  4.04it/s]
 52%|#####2    | 260/500 [01:06<00:59,  4.04it/s]
 52%|#####2    | 261/500 [01:06<00:59,  4.04it/s]
 52%|#####2    | 262/500 [01:07<01:14,  3.20it/s]
 53%|#####2    | 263/500 [01:07<01:09,  3.42it/s]
 53%|#####2    | 264/500 [01:07<01:05,  3.59it/s]
 53%|#####3    | 265/500 [01:07<01:03,  3.72it/s]
 53%|#####3    | 266/500 [01:08<01:01,  3.82it/s]
 53%|#####3    | 267/500 [01:08<00:59,  3.89it/s]
 54%|#####3    | 268/500 [01:08<00:59,  3.93it/s]
 54%|#####3    | 269/500 [01:08<00:58,  3.96it/s]
 54%|#####4    | 270/500 [01:09<00:57,  3.98it/s]
 54%|#####4    | 271/500 [01:09<00:57,  3.99it/s]
 54%|#####4    | 272/500 [01:09<00:57,  3.98it/s]
 55%|#####4    | 273/500 [01:09<00:56,  4.01it/s]
 55%|#####4    | 274/500 [01:10<00:56,  4.03it/s]
 55%|#####5    | 275/500 [01:10<00:55,  4.03it/s]
 55%|#####5    | 276/500 [01:10<00:55,  4.03it/s]
 55%|#####5    | 277/500 [01:10<00:55,  4.04it/s]
 56%|#####5    | 278/500 [01:11<00:55,  4.03it/s]
 56%|#####5    | 279/500 [01:11<00:54,  4.03it/s]
 56%|#####6    | 280/500 [01:11<00:54,  4.03it/s]
 56%|#####6    | 281/500 [01:11<00:54,  4.03it/s]
 56%|#####6    | 282/500 [01:12<00:54,  4.02it/s]
 57%|#####6    | 283/500 [01:12<00:54,  4.02it/s]
 57%|#####6    | 284/500 [01:12<00:53,  4.01it/s]
 57%|#####6    | 285/500 [01:12<00:53,  4.01it/s]
 57%|#####7    | 286/500 [01:13<00:53,  4.00it/s]
 57%|#####7    | 287/500 [01:13<00:53,  4.00it/s]
 58%|#####7    | 288/500 [01:13<00:52,  4.02it/s]
 58%|#####7    | 289/500 [01:13<00:52,  4.02it/s]
 58%|#####8    | 290/500 [01:13<00:51,  4.04it/s]
 58%|#####8    | 291/500 [01:14<01:04,  3.23it/s]
 58%|#####8    | 292/500 [01:14<01:00,  3.45it/s]
 59%|#####8    | 293/500 [01:14<00:57,  3.62it/s]
 59%|#####8    | 294/500 [01:15<00:54,  3.75it/s]
 59%|#####8    | 295/500 [01:15<00:53,  3.84it/s]
 59%|#####9    | 296/500 [01:15<00:52,  3.91it/s]
 59%|#####9    | 297/500 [01:15<00:51,  3.95it/s]
 60%|#####9    | 298/500 [01:16<00:50,  3.98it/s]
 60%|#####9    | 299/500 [01:16<00:50,  4.00it/s]
 60%|######    | 300/500 [01:16<00:49,  4.01it/s]
 60%|######    | 301/500 [01:16<00:49,  4.02it/s]
 60%|######    | 302/500 [01:17<00:49,  4.02it/s]
 61%|######    | 303/500 [01:17<00:48,  4.03it/s]
 61%|######    | 304/500 [01:17<00:48,  4.03it/s]
 61%|######1   | 305/500 [01:17<00:48,  4.02it/s]
 61%|######1   | 306/500 [01:18<00:48,  4.02it/s]
 61%|######1   | 307/500 [01:18<00:47,  4.03it/s]
 62%|######1   | 308/500 [01:18<00:47,  4.01it/s]
 62%|######1   | 309/500 [01:18<00:47,  4.01it/s]
 62%|######2   | 310/500 [01:19<00:47,  4.01it/s]
 62%|######2   | 311/500 [01:19<00:47,  4.02it/s]
 62%|######2   | 312/500 [01:19<00:46,  4.01it/s]
 63%|######2   | 313/500 [01:19<00:46,  4.02it/s]
 63%|######2   | 314/500 [01:20<00:46,  4.02it/s]
 63%|######3   | 315/500 [01:20<00:45,  4.03it/s]
 63%|######3   | 316/500 [01:20<00:45,  4.03it/s]
 63%|######3   | 317/500 [01:20<00:45,  4.03it/s]
 64%|######3   | 318/500 [01:21<00:45,  4.03it/s]
 64%|######3   | 319/500 [01:21<00:44,  4.04it/s]
 64%|######4   | 320/500 [01:21<00:56,  3.20it/s]
 64%|######4   | 321/500 [01:22<00:52,  3.41it/s]
 64%|######4   | 322/500 [01:22<00:49,  3.57it/s]
 65%|######4   | 323/500 [01:22<00:47,  3.69it/s]
 65%|######4   | 324/500 [01:22<00:46,  3.78it/s]
 65%|######5   | 325/500 [01:23<00:45,  3.84it/s]
 65%|######5   | 326/500 [01:23<00:44,  3.89it/s]
 65%|######5   | 327/500 [01:23<00:43,  3.95it/s]
 66%|######5   | 328/500 [01:23<00:43,  3.98it/s]
 66%|######5   | 329/500 [01:24<00:42,  4.00it/s]
 66%|######6   | 330/500 [01:24<00:42,  4.02it/s]
 66%|######6   | 331/500 [01:24<00:42,  4.02it/s]
 66%|######6   | 332/500 [01:24<00:41,  4.04it/s]
 67%|######6   | 333/500 [01:25<00:41,  4.04it/s]
 67%|######6   | 334/500 [01:25<00:41,  4.04it/s]
 67%|######7   | 335/500 [01:25<00:40,  4.03it/s]
 67%|######7   | 336/500 [01:25<00:40,  4.03it/s]
 67%|######7   | 337/500 [01:26<00:40,  4.03it/s]
 68%|######7   | 338/500 [01:26<00:40,  4.03it/s]
 68%|######7   | 339/500 [01:26<00:40,  4.01it/s]
 68%|######8   | 340/500 [01:26<00:40,  3.99it/s]
 68%|######8   | 341/500 [01:27<00:39,  4.02it/s]
 68%|######8   | 342/500 [01:27<00:39,  4.04it/s]
 69%|######8   | 343/500 [01:27<00:38,  4.04it/s]
 69%|######8   | 344/500 [01:27<00:38,  4.03it/s]
 69%|######9   | 345/500 [01:28<00:38,  4.04it/s]
 69%|######9   | 346/500 [01:28<00:38,  4.05it/s]
 69%|######9   | 347/500 [01:28<00:37,  4.05it/s]
 70%|######9   | 348/500 [01:28<00:37,  4.06it/s]
 70%|######9   | 349/500 [01:29<00:47,  3.20it/s]
 70%|#######   | 350/500 [01:29<00:43,  3.42it/s]
 70%|#######   | 351/500 [01:29<00:41,  3.61it/s]
 70%|#######   | 352/500 [01:29<00:39,  3.75it/s]
 71%|#######   | 353/500 [01:30<00:38,  3.85it/s]
 71%|#######   | 354/500 [01:30<00:37,  3.90it/s]
 71%|#######1  | 355/500 [01:30<00:36,  3.96it/s]
 71%|#######1  | 356/500 [01:30<00:35,  4.01it/s]
 71%|#######1  | 357/500 [01:31<00:35,  4.04it/s]
 72%|#######1  | 358/500 [01:31<00:35,  4.04it/s]
 72%|#######1  | 359/500 [01:31<00:34,  4.05it/s]
 72%|#######2  | 360/500 [01:31<00:34,  4.04it/s]
 72%|#######2  | 361/500 [01:32<00:34,  4.02it/s]
 72%|#######2  | 362/500 [01:32<00:34,  4.00it/s]
 73%|#######2  | 363/500 [01:32<00:34,  4.00it/s]
 73%|#######2  | 364/500 [01:32<00:33,  4.00it/s]
 73%|#######3  | 365/500 [01:33<00:33,  4.00it/s]
 73%|#######3  | 366/500 [01:33<00:33,  4.00it/s]
 73%|#######3  | 367/500 [01:33<00:33,  4.00it/s]
 74%|#######3  | 368/500 [01:33<00:32,  4.01it/s]
 74%|#######3  | 369/500 [01:34<00:32,  4.00it/s]
 74%|#######4  | 370/500 [01:34<00:32,  4.00it/s]
 74%|#######4  | 371/500 [01:34<00:32,  4.00it/s]
 74%|#######4  | 372/500 [01:34<00:31,  4.01it/s]
 75%|#######4  | 373/500 [01:35<00:31,  4.01it/s]
 75%|#######4  | 374/500 [01:35<00:31,  4.00it/s]
 75%|#######5  | 375/500 [01:35<00:31,  4.01it/s]
 75%|#######5  | 376/500 [01:35<00:30,  4.04it/s]
 75%|#######5  | 377/500 [01:36<00:30,  4.07it/s]
 76%|#######5  | 378/500 [01:36<00:38,  3.16it/s]
 76%|#######5  | 379/500 [01:36<00:35,  3.38it/s]
 76%|#######6  | 380/500 [01:37<00:33,  3.56it/s]
 76%|#######6  | 381/500 [01:37<00:32,  3.71it/s]
 76%|#######6  | 382/500 [01:37<00:30,  3.81it/s]
 77%|#######6  | 383/500 [01:37<00:30,  3.89it/s]
 77%|#######6  | 384/500 [01:38<00:29,  3.92it/s]
 77%|#######7  | 385/500 [01:38<00:29,  3.94it/s]
 77%|#######7  | 386/500 [01:38<00:28,  3.96it/s]
 77%|#######7  | 387/500 [01:38<00:28,  3.98it/s]
 78%|#######7  | 388/500 [01:39<00:28,  3.99it/s]
 78%|#######7  | 389/500 [01:39<00:27,  4.01it/s]
 78%|#######8  | 390/500 [01:39<00:27,  4.01it/s]
 78%|#######8  | 391/500 [01:39<00:27,  4.02it/s]
 78%|#######8  | 392/500 [01:40<00:26,  4.01it/s]
 79%|#######8  | 393/500 [01:40<00:26,  4.03it/s]
 79%|#######8  | 394/500 [01:40<00:26,  4.03it/s]
 79%|#######9  | 395/500 [01:40<00:25,  4.04it/s]
 79%|#######9  | 396/500 [01:41<00:25,  4.02it/s]
 79%|#######9  | 397/500 [01:41<00:25,  4.02it/s]
 80%|#######9  | 398/500 [01:41<00:25,  4.01it/s]
 80%|#######9  | 399/500 [01:41<00:25,  4.03it/s]
 80%|########  | 400/500 [01:42<00:24,  4.02it/s]
 80%|########  | 401/500 [01:42<00:24,  4.02it/s]
 80%|########  | 402/500 [01:42<00:24,  4.01it/s]
 81%|########  | 403/500 [01:42<00:24,  4.04it/s]
 81%|########  | 404/500 [01:43<00:23,  4.03it/s]
 81%|########1 | 405/500 [01:43<00:23,  4.04it/s]
 81%|########1 | 406/500 [01:43<00:23,  4.04it/s]
 81%|########1 | 407/500 [01:44<00:29,  3.20it/s]
 82%|########1 | 408/500 [01:44<00:26,  3.43it/s]
 82%|########1 | 409/500 [01:44<00:25,  3.60it/s]
 82%|########2 | 410/500 [01:44<00:24,  3.72it/s]
 82%|########2 | 411/500 [01:45<00:23,  3.80it/s]
 82%|########2 | 412/500 [01:45<00:22,  3.86it/s]
 83%|########2 | 413/500 [01:45<00:22,  3.91it/s]
 83%|########2 | 414/500 [01:45<00:21,  3.95it/s]
 83%|########2 | 415/500 [01:46<00:21,  3.96it/s]
 83%|########3 | 416/500 [01:46<00:21,  3.97it/s]
 83%|########3 | 417/500 [01:46<00:20,  4.01it/s]
 84%|########3 | 418/500 [01:46<00:20,  4.04it/s]
 84%|########3 | 419/500 [01:47<00:20,  4.04it/s]
 84%|########4 | 420/500 [01:47<00:19,  4.06it/s]
 84%|########4 | 421/500 [01:47<00:19,  4.05it/s]
 84%|########4 | 422/500 [01:47<00:19,  4.03it/s]
 85%|########4 | 423/500 [01:48<00:19,  4.02it/s]
 85%|########4 | 424/500 [01:48<00:18,  4.03it/s]
 85%|########5 | 425/500 [01:48<00:18,  4.02it/s]
 85%|########5 | 426/500 [01:48<00:18,  4.02it/s]
 85%|########5 | 427/500 [01:49<00:18,  4.02it/s]
 86%|########5 | 428/500 [01:49<00:17,  4.02it/s]
 86%|########5 | 429/500 [01:49<00:17,  4.02it/s]
 86%|########6 | 430/500 [01:49<00:17,  4.05it/s]
 86%|########6 | 431/500 [01:50<00:17,  4.04it/s]
 86%|########6 | 432/500 [01:50<00:16,  4.07it/s]
 87%|########6 | 433/500 [01:50<00:16,  4.06it/s]
 87%|########6 | 434/500 [01:50<00:16,  4.07it/s]
 87%|########7 | 435/500 [01:50<00:15,  4.08it/s]
 87%|########7 | 436/500 [01:51<00:19,  3.21it/s]
 87%|########7 | 437/500 [01:51<00:18,  3.44it/s]
 88%|########7 | 438/500 [01:51<00:17,  3.61it/s]
 88%|########7 | 439/500 [01:52<00:16,  3.74it/s]
 88%|########8 | 440/500 [01:52<00:15,  3.83it/s]
 88%|########8 | 441/500 [01:52<00:15,  3.91it/s]
 88%|########8 | 442/500 [01:52<00:14,  3.95it/s]
 89%|########8 | 443/500 [01:53<00:14,  3.99it/s]
 89%|########8 | 444/500 [01:53<00:13,  4.01it/s]
 89%|########9 | 445/500 [01:53<00:13,  4.02it/s]
 89%|########9 | 446/500 [01:53<00:13,  4.03it/s]
 89%|########9 | 447/500 [01:54<00:13,  4.04it/s]
 90%|########9 | 448/500 [01:54<00:12,  4.05it/s]
 90%|########9 | 449/500 [01:54<00:12,  4.07it/s]
 90%|######### | 450/500 [01:54<00:12,  4.07it/s]
 90%|######### | 451/500 [01:55<00:12,  4.06it/s]
 90%|######### | 452/500 [01:55<00:11,  4.06it/s]
 91%|######### | 453/500 [01:55<00:11,  4.06it/s]
 91%|######### | 454/500 [01:55<00:11,  4.05it/s]
 91%|#########1| 455/500 [01:56<00:11,  4.03it/s]
 91%|#########1| 456/500 [01:56<00:10,  4.05it/s]
 91%|#########1| 457/500 [01:56<00:10,  4.06it/s]
 92%|#########1| 458/500 [01:56<00:10,  4.06it/s]
 92%|#########1| 459/500 [01:57<00:10,  4.05it/s]
 92%|#########2| 460/500 [01:57<00:09,  4.05it/s]
 92%|#########2| 461/500 [01:57<00:09,  4.06it/s]
 92%|#########2| 462/500 [01:57<00:09,  4.05it/s]
 93%|#########2| 463/500 [01:58<00:09,  4.05it/s]
 93%|#########2| 464/500 [01:58<00:08,  4.05it/s]
 93%|#########3| 465/500 [01:58<00:10,  3.21it/s]
 93%|#########3| 466/500 [01:59<00:09,  3.44it/s]
 93%|#########3| 467/500 [01:59<00:09,  3.61it/s]
 94%|#########3| 468/500 [01:59<00:08,  3.74it/s]
 94%|#########3| 469/500 [01:59<00:08,  3.83it/s]
 94%|#########3| 470/500 [02:00<00:07,  3.89it/s]
 94%|#########4| 471/500 [02:00<00:07,  3.94it/s]
 94%|#########4| 472/500 [02:00<00:07,  3.98it/s]
 95%|#########4| 473/500 [02:00<00:06,  4.00it/s]
 95%|#########4| 474/500 [02:01<00:06,  4.02it/s]
 95%|#########5| 475/500 [02:01<00:06,  4.02it/s]
 95%|#########5| 476/500 [02:01<00:05,  4.04it/s]
 95%|#########5| 477/500 [02:01<00:05,  4.06it/s]
 96%|#########5| 478/500 [02:01<00:05,  4.06it/s]
 96%|#########5| 479/500 [02:02<00:05,  4.06it/s]
 96%|#########6| 480/500 [02:02<00:04,  4.06it/s]
 96%|#########6| 481/500 [02:02<00:04,  4.04it/s]
 96%|#########6| 482/500 [02:02<00:04,  4.04it/s]
 97%|#########6| 483/500 [02:03<00:04,  4.03it/s]
 97%|#########6| 484/500 [02:03<00:03,  4.06it/s]
 97%|#########7| 485/500 [02:03<00:03,  4.07it/s]
 97%|#########7| 486/500 [02:03<00:03,  4.08it/s]
 97%|#########7| 487/500 [02:04<00:03,  4.09it/s]
 98%|#########7| 488/500 [02:04<00:02,  4.08it/s]
 98%|#########7| 489/500 [02:04<00:02,  4.08it/s]
 98%|#########8| 490/500 [02:04<00:02,  4.08it/s]
 98%|#########8| 491/500 [02:05<00:02,  4.09it/s]
 98%|#########8| 492/500 [02:05<00:01,  4.10it/s]
 99%|#########8| 493/500 [02:05<00:01,  4.09it/s]
 99%|#########8| 494/500 [02:06<00:01,  3.23it/s]
 99%|#########9| 495/500 [02:06<00:01,  3.44it/s]
 99%|#########9| 496/500 [02:06<00:01,  3.60it/s]
 99%|#########9| 497/500 [02:06<00:00,  3.72it/s]
100%|#########9| 498/500 [02:07<00:00,  3.81it/s]
100%|#########9| 499/500 [02:07<00:00,  3.87it/s]
100%|##########| 500/500 [02:07<00:00,  3.93it/s]
100%|##########| 500/500 [02:07<00:00,  3.92it/s]
Train Epoch 45
{
    "Loss": 0.0065591817717067895,
    "Optimizer/policy0_lr": 0.00010000000000000003,
    "Policy_Grad_Norms": 0.03321384521743779,
    "Time_Data_Loading": 0.09661361773808798,
    "Time_Epoch": 2.1277857343355815,
    "Time_Log_Info": 0.024604233105977376,
    "Time_Process_Batch": 0.7436813116073608,
    "Time_Train_Batch": 1.2358543197313945
}

Epoch 45 Memory Usage: 2298 MB


  0%|          | 0/500 [00:00<?, ?it/s]
  0%|          | 1/500 [00:00<03:14,  2.56it/s]
  0%|          | 2/500 [00:00<02:30,  3.31it/s]
  1%|          | 3/500 [00:00<02:17,  3.61it/s]
  1%|          | 4/500 [00:01<02:11,  3.78it/s]
  1%|1         | 5/500 [00:01<02:07,  3.87it/s]
  1%|1         | 6/500 [00:01<02:05,  3.94it/s]
  1%|1         | 7/500 [00:01<02:03,  3.98it/s]
  2%|1         | 8/500 [00:02<02:03,  4.00it/s]
  2%|1         | 9/500 [00:02<02:02,  4.02it/s]
  2%|2         | 10/500 [00:02<02:01,  4.04it/s]
  2%|2         | 11/500 [00:02<02:00,  4.05it/s]
  2%|2         | 12/500 [00:03<02:00,  4.04it/s]
  3%|2         | 13/500 [00:03<02:00,  4.05it/s]
  3%|2         | 14/500 [00:03<01:59,  4.07it/s]
  3%|3         | 15/500 [00:03<01:59,  4.06it/s]
  3%|3         | 16/500 [00:04<01:59,  4.05it/s]
  3%|3         | 17/500 [00:04<01:59,  4.06it/s]
  4%|3         | 18/500 [00:04<01:58,  4.05it/s]
  4%|3         | 19/500 [00:04<01:58,  4.05it/s]
  4%|4         | 20/500 [00:05<01:58,  4.05it/s]
  4%|4         | 21/500 [00:05<01:57,  4.06it/s]
  4%|4         | 22/500 [00:05<01:57,  4.05it/s]
  5%|4         | 23/500 [00:05<01:57,  4.05it/s]
  5%|4         | 24/500 [00:06<01:57,  4.04it/s]
  5%|5         | 25/500 [00:06<01:57,  4.05it/s]
  5%|5         | 26/500 [00:06<01:57,  4.05it/s]
  5%|5         | 27/500 [00:06<01:57,  4.04it/s]
  6%|5         | 28/500 [00:07<01:56,  4.04it/s]
  6%|5         | 29/500 [00:07<01:56,  4.05it/s]
  6%|6         | 30/500 [00:07<02:25,  3.22it/s]
  6%|6         | 31/500 [00:07<02:16,  3.44it/s]
  6%|6         | 32/500 [00:08<02:09,  3.62it/s]
  7%|6         | 33/500 [00:08<02:04,  3.75it/s]
  7%|6         | 34/500 [00:08<02:01,  3.83it/s]
  7%|7         | 35/500 [00:08<01:59,  3.90it/s]
  7%|7         | 36/500 [00:09<01:57,  3.96it/s]
  7%|7         | 37/500 [00:09<01:55,  3.99it/s]
  8%|7         | 38/500 [00:09<01:55,  4.00it/s]
  8%|7         | 39/500 [00:09<01:55,  4.01it/s]
  8%|8         | 40/500 [00:10<01:53,  4.05it/s]
  8%|8         | 41/500 [00:10<01:53,  4.04it/s]
  8%|8         | 42/500 [00:10<01:52,  4.06it/s]
  9%|8         | 43/500 [00:10<01:52,  4.06it/s]
  9%|8         | 44/500 [00:11<01:51,  4.09it/s]
  9%|9         | 45/500 [00:11<01:51,  4.07it/s]
  9%|9         | 46/500 [00:11<01:51,  4.07it/s]
  9%|9         | 47/500 [00:11<01:51,  4.05it/s]
 10%|9         | 48/500 [00:12<01:51,  4.06it/s]
 10%|9         | 49/500 [00:12<01:51,  4.04it/s]
 10%|#         | 50/500 [00:12<01:51,  4.05it/s]
 10%|#         | 51/500 [00:12<01:51,  4.04it/s]
 10%|#         | 52/500 [00:13<01:50,  4.05it/s]
 11%|#         | 53/500 [00:13<01:50,  4.04it/s]
 11%|#         | 54/500 [00:13<01:50,  4.04it/s]
 11%|#1        | 55/500 [00:13<01:48,  4.08it/s]
 11%|#1        | 56/500 [00:14<01:48,  4.10it/s]
 11%|#1        | 57/500 [00:14<01:47,  4.10it/s]
 12%|#1        | 58/500 [00:14<01:48,  4.09it/s]
 12%|#1        | 59/500 [00:15<02:16,  3.24it/s]
 12%|#2        | 60/500 [00:15<02:07,  3.46it/s]
 12%|#2        | 61/500 [00:15<02:00,  3.64it/s]
 12%|#2        | 62/500 [00:15<01:55,  3.78it/s]
 13%|#2        | 63/500 [00:16<01:53,  3.87it/s]
 13%|#2        | 64/500 [00:16<01:50,  3.93it/s]
 13%|#3        | 65/500 [00:16<01:49,  3.97it/s]
 13%|#3        | 66/500 [00:16<01:48,  4.00it/s]
 13%|#3        | 67/500 [00:17<01:47,  4.02it/s]
 14%|#3        | 68/500 [00:17<01:46,  4.04it/s]
 14%|#3        | 69/500 [00:17<01:46,  4.04it/s]
 14%|#4        | 70/500 [00:17<01:46,  4.04it/s]
 14%|#4        | 71/500 [00:18<01:45,  4.05it/s]
 14%|#4        | 72/500 [00:18<01:45,  4.06it/s]
 15%|#4        | 73/500 [00:18<01:45,  4.06it/s]
 15%|#4        | 74/500 [00:18<01:45,  4.05it/s]
 15%|#5        | 75/500 [00:19<01:44,  4.05it/s]
 15%|#5        | 76/500 [00:19<01:44,  4.05it/s]
 15%|#5        | 77/500 [00:19<01:44,  4.05it/s]
 16%|#5        | 78/500 [00:19<01:44,  4.05it/s]
 16%|#5        | 79/500 [00:19<01:43,  4.06it/s]
 16%|#6        | 80/500 [00:20<01:43,  4.05it/s]
 16%|#6        | 81/500 [00:20<01:43,  4.05it/s]
 16%|#6        | 82/500 [00:20<01:43,  4.06it/s]
 17%|#6        | 83/500 [00:20<01:42,  4.07it/s]
 17%|#6        | 84/500 [00:21<01:42,  4.08it/s]
 17%|#7        | 85/500 [00:21<01:41,  4.08it/s]
 17%|#7        | 86/500 [00:21<01:41,  4.07it/s]
 17%|#7        | 87/500 [00:21<01:41,  4.08it/s]
 18%|#7        | 88/500 [00:22<02:07,  3.22it/s]
 18%|#7        | 89/500 [00:22<01:59,  3.44it/s]
 18%|#8        | 90/500 [00:22<01:53,  3.62it/s]
 18%|#8        | 91/500 [00:23<01:49,  3.73it/s]
 18%|#8        | 92/500 [00:23<01:46,  3.82it/s]
 19%|#8        | 93/500 [00:23<01:45,  3.87it/s]
 19%|#8        | 94/500 [00:23<01:43,  3.91it/s]
 19%|#9        | 95/500 [00:24<01:42,  3.94it/s]
 19%|#9        | 96/500 [00:24<01:41,  3.96it/s]
 19%|#9        | 97/500 [00:24<01:41,  3.98it/s]
 20%|#9        | 98/500 [00:24<01:39,  4.03it/s]
 20%|#9        | 99/500 [00:25<01:39,  4.04it/s]
 20%|##        | 100/500 [00:25<01:38,  4.05it/s]
 20%|##        | 101/500 [00:25<01:38,  4.07it/s]
 20%|##        | 102/500 [00:25<01:37,  4.07it/s]
 21%|##        | 103/500 [00:26<01:37,  4.07it/s]
 21%|##        | 104/500 [00:26<01:37,  4.07it/s]
 21%|##1       | 105/500 [00:26<01:37,  4.06it/s]
 21%|##1       | 106/500 [00:26<01:36,  4.08it/s]
 21%|##1       | 107/500 [00:27<01:37,  4.05it/s]
 22%|##1       | 108/500 [00:27<01:37,  4.03it/s]
 22%|##1       | 109/500 [00:27<01:36,  4.03it/s]
 22%|##2       | 110/500 [00:27<01:36,  4.02it/s]
 22%|##2       | 111/500 [00:28<01:36,  4.02it/s]
 22%|##2       | 112/500 [00:28<01:36,  4.02it/s]
 23%|##2       | 113/500 [00:28<01:35,  4.03it/s]
 23%|##2       | 114/500 [00:28<01:35,  4.04it/s]
 23%|##3       | 115/500 [00:29<01:35,  4.04it/s]
 23%|##3       | 116/500 [00:29<01:34,  4.04it/s]
 23%|##3       | 117/500 [00:29<02:01,  3.16it/s]
 24%|##3       | 118/500 [00:30<01:52,  3.39it/s]
 24%|##3       | 119/500 [00:30<01:46,  3.56it/s]
 24%|##4       | 120/500 [00:30<01:42,  3.71it/s]
 24%|##4       | 121/500 [00:30<01:39,  3.79it/s]
 24%|##4       | 122/500 [00:31<01:38,  3.85it/s]
 25%|##4       | 123/500 [00:31<01:36,  3.90it/s]
 25%|##4       | 124/500 [00:31<01:35,  3.95it/s]
 25%|##5       | 125/500 [00:31<01:34,  3.96it/s]
 25%|##5       | 126/500 [00:32<01:33,  4.00it/s]
 25%|##5       | 127/500 [00:32<01:33,  4.01it/s]
 26%|##5       | 128/500 [00:32<01:32,  4.03it/s]
 26%|##5       | 129/500 [00:32<01:31,  4.04it/s]
 26%|##6       | 130/500 [00:33<01:31,  4.03it/s]
 26%|##6       | 131/500 [00:33<01:31,  4.03it/s]
 26%|##6       | 132/500 [00:33<01:31,  4.03it/s]
 27%|##6       | 133/500 [00:33<01:31,  4.01it/s]
 27%|##6       | 134/500 [00:34<01:31,  4.01it/s]
 27%|##7       | 135/500 [00:34<01:31,  4.00it/s]
 27%|##7       | 136/500 [00:34<01:30,  4.01it/s]
 27%|##7       | 137/500 [00:34<01:30,  4.00it/s]
 28%|##7       | 138/500 [00:35<01:30,  4.00it/s]
 28%|##7       | 139/500 [00:35<01:30,  4.00it/s]
 28%|##8       | 140/500 [00:35<01:30,  3.99it/s]
 28%|##8       | 141/500 [00:35<01:29,  3.99it/s]
 28%|##8       | 142/500 [00:36<01:29,  4.00it/s]
 29%|##8       | 143/500 [00:36<01:29,  4.01it/s]
 29%|##8       | 144/500 [00:36<01:28,  4.02it/s]
 29%|##9       | 145/500 [00:36<01:27,  4.04it/s]
 29%|##9       | 146/500 [00:37<01:50,  3.19it/s]
 29%|##9       | 147/500 [00:37<01:43,  3.41it/s]
 30%|##9       | 148/500 [00:37<01:38,  3.59it/s]
 30%|##9       | 149/500 [00:37<01:34,  3.73it/s]
 30%|###       | 150/500 [00:38<01:31,  3.83it/s]
 30%|###       | 151/500 [00:38<01:29,  3.92it/s]
 30%|###       | 152/500 [00:38<01:27,  3.96it/s]
 31%|###       | 153/500 [00:38<01:27,  3.97it/s]
 31%|###       | 154/500 [00:39<01:26,  3.98it/s]
 31%|###1      | 155/500 [00:39<01:26,  3.99it/s]
 31%|###1      | 156/500 [00:39<01:26,  4.00it/s]
 31%|###1      | 157/500 [00:39<01:25,  4.01it/s]
 32%|###1      | 158/500 [00:40<01:25,  4.02it/s]
 32%|###1      | 159/500 [00:40<01:24,  4.03it/s]
 32%|###2      | 160/500 [00:40<01:24,  4.02it/s]
 32%|###2      | 161/500 [00:40<01:24,  4.02it/s]
 32%|###2      | 162/500 [00:41<01:24,  4.01it/s]
 33%|###2      | 163/500 [00:41<01:24,  4.01it/s]
 33%|###2      | 164/500 [00:41<01:23,  4.00it/s]
 33%|###3      | 165/500 [00:41<01:23,  3.99it/s]
 33%|###3      | 166/500 [00:42<01:23,  4.00it/s]
 33%|###3      | 167/500 [00:42<01:23,  3.99it/s]
 34%|###3      | 168/500 [00:42<01:23,  3.99it/s]
 34%|###3      | 169/500 [00:42<01:23,  3.98it/s]
 34%|###4      | 170/500 [00:43<01:22,  3.99it/s]
 34%|###4      | 171/500 [00:43<01:22,  3.99it/s]
 34%|###4      | 172/500 [00:43<01:22,  3.99it/s]
 35%|###4      | 173/500 [00:43<01:21,  4.00it/s]
 35%|###4      | 174/500 [00:44<01:21,  4.00it/s]
 35%|###5      | 175/500 [00:44<01:42,  3.18it/s]
 35%|###5      | 176/500 [00:44<01:34,  3.42it/s]
 35%|###5      | 177/500 [00:45<01:29,  3.59it/s]
 36%|###5      | 178/500 [00:45<01:26,  3.73it/s]
 36%|###5      | 179/500 [00:45<01:23,  3.84it/s]
 36%|###6      | 180/500 [00:45<01:21,  3.90it/s]
 36%|###6      | 181/500 [00:46<01:20,  3.96it/s]
 36%|###6      | 182/500 [00:46<01:19,  4.00it/s]
 37%|###6      | 183/500 [00:46<01:18,  4.02it/s]
 37%|###6      | 184/500 [00:46<01:18,  4.02it/s]
 37%|###7      | 185/500 [00:47<01:18,  4.04it/s]
 37%|###7      | 186/500 [00:47<01:18,  4.02it/s]
 37%|###7      | 187/500 [00:47<01:17,  4.02it/s]
 38%|###7      | 188/500 [00:47<01:17,  4.01it/s]
 38%|###7      | 189/500 [00:48<01:17,  4.02it/s]
 38%|###8      | 190/500 [00:48<01:17,  4.01it/s]
 38%|###8      | 191/500 [00:48<01:16,  4.01it/s]
 38%|###8      | 192/500 [00:48<01:16,  4.01it/s]
 39%|###8      | 193/500 [00:49<01:16,  4.01it/s]
 39%|###8      | 194/500 [00:49<01:15,  4.04it/s]
 39%|###9      | 195/500 [00:49<01:15,  4.05it/s]
 39%|###9      | 196/500 [00:49<01:15,  4.05it/s]
 39%|###9      | 197/500 [00:50<01:15,  4.04it/s]
 40%|###9      | 198/500 [00:50<01:14,  4.03it/s]
 40%|###9      | 199/500 [00:50<01:14,  4.03it/s]
 40%|####      | 200/500 [00:50<01:14,  4.03it/s]
 40%|####      | 201/500 [00:51<01:13,  4.04it/s]
 40%|####      | 202/500 [00:51<01:13,  4.04it/s]
 41%|####      | 203/500 [00:51<01:13,  4.07it/s]
 41%|####      | 204/500 [00:52<01:32,  3.20it/s]
 41%|####1     | 205/500 [00:52<01:26,  3.43it/s]
 41%|####1     | 206/500 [00:52<01:21,  3.60it/s]
 41%|####1     | 207/500 [00:52<01:18,  3.74it/s]
 42%|####1     | 208/500 [00:53<01:16,  3.83it/s]
 42%|####1     | 209/500 [00:53<01:14,  3.91it/s]
 42%|####2     | 210/500 [00:53<01:13,  3.96it/s]
 42%|####2     | 211/500 [00:53<01:12,  3.98it/s]
 42%|####2     | 212/500 [00:54<01:12,  4.00it/s]
 43%|####2     | 213/500 [00:54<01:11,  4.00it/s]
 43%|####2     | 214/500 [00:54<01:11,  4.01it/s]
 43%|####3     | 215/500 [00:54<01:10,  4.02it/s]
 43%|####3     | 216/500 [00:54<01:10,  4.03it/s]
 43%|####3     | 217/500 [00:55<01:10,  4.02it/s]
 44%|####3     | 218/500 [00:55<01:10,  4.02it/s]
 44%|####3     | 219/500 [00:55<01:09,  4.02it/s]
 44%|####4     | 220/500 [00:55<01:09,  4.03it/s]
 44%|####4     | 221/500 [00:56<01:09,  4.02it/s]
 44%|####4     | 222/500 [00:56<01:09,  4.02it/s]
 45%|####4     | 223/500 [00:56<01:08,  4.02it/s]
 45%|####4     | 224/500 [00:56<01:08,  4.02it/s]
 45%|####5     | 225/500 [00:57<01:08,  4.01it/s]
 45%|####5     | 226/500 [00:57<01:08,  4.01it/s]
 45%|####5     | 227/500 [00:57<01:07,  4.02it/s]
 46%|####5     | 228/500 [00:57<01:07,  4.01it/s]
 46%|####5     | 229/500 [00:58<01:07,  4.02it/s]
 46%|####6     | 230/500 [00:58<01:07,  4.02it/s]
 46%|####6     | 231/500 [00:58<01:06,  4.04it/s]
 46%|####6     | 232/500 [00:58<01:06,  4.04it/s]
 47%|####6     | 233/500 [00:59<01:23,  3.21it/s]
 47%|####6     | 234/500 [00:59<01:17,  3.44it/s]
 47%|####6     | 235/500 [00:59<01:13,  3.61it/s]
 47%|####7     | 236/500 [01:00<01:10,  3.72it/s]
 47%|####7     | 237/500 [01:00<01:08,  3.81it/s]
 48%|####7     | 238/500 [01:00<01:07,  3.89it/s]
 48%|####7     | 239/500 [01:00<01:06,  3.92it/s]
 48%|####8     | 240/500 [01:01<01:05,  3.95it/s]
 48%|####8     | 241/500 [01:01<01:05,  3.97it/s]
 48%|####8     | 242/500 [01:01<01:04,  3.98it/s]
 49%|####8     | 243/500 [01:01<01:04,  3.98it/s]
 49%|####8     | 244/500 [01:02<01:04,  3.99it/s]
 49%|####9     | 245/500 [01:02<01:03,  4.00it/s]
 49%|####9     | 246/500 [01:02<01:03,  3.99it/s]
 49%|####9     | 247/500 [01:02<01:03,  4.00it/s]
 50%|####9     | 248/500 [01:03<01:02,  4.00it/s]
 50%|####9     | 249/500 [01:03<01:02,  4.01it/s]
 50%|#####     | 250/500 [01:03<01:02,  4.00it/s]
 50%|#####     | 251/500 [01:03<01:02,  4.01it/s]
 50%|#####     | 252/500 [01:04<01:01,  4.00it/s]
 51%|#####     | 253/500 [01:04<01:01,  4.02it/s]
 51%|#####     | 254/500 [01:04<01:01,  4.01it/s]
 51%|#####1    | 255/500 [01:04<01:01,  4.01it/s]
 51%|#####1    | 256/500 [01:05<01:00,  4.01it/s]
 51%|#####1    | 257/500 [01:05<01:00,  4.02it/s]
 52%|#####1    | 258/500 [01:05<01:00,  4.03it/s]
 52%|#####1    | 259/500 [01:05<00:59,  4.03it/s]
 52%|#####2    | 260/500 [01:06<00:59,  4.04it/s]
 52%|#####2    | 261/500 [01:06<00:58,  4.05it/s]
 52%|#####2    | 262/500 [01:06<01:14,  3.19it/s]
 53%|#####2    | 263/500 [01:07<01:09,  3.41it/s]
 53%|#####2    | 264/500 [01:07<01:06,  3.58it/s]
 53%|#####3    | 265/500 [01:07<01:03,  3.71it/s]
 53%|#####3    | 266/500 [01:07<01:01,  3.80it/s]
 53%|#####3    | 267/500 [01:08<01:00,  3.86it/s]
 54%|#####3    | 268/500 [01:08<00:58,  3.94it/s]
 54%|#####3    | 269/500 [01:08<00:58,  3.97it/s]
 54%|#####4    | 270/500 [01:08<00:57,  4.00it/s]
 54%|#####4    | 271/500 [01:09<00:56,  4.02it/s]
 54%|#####4    | 272/500 [01:09<00:56,  4.03it/s]
 55%|#####4    | 273/500 [01:09<00:56,  4.04it/s]
 55%|#####4    | 274/500 [01:09<00:56,  4.03it/s]
 55%|#####5    | 275/500 [01:10<00:55,  4.03it/s]
 55%|#####5    | 276/500 [01:10<00:55,  4.03it/s]
 55%|#####5    | 277/500 [01:10<00:55,  4.03it/s]
 56%|#####5    | 278/500 [01:10<00:55,  4.03it/s]
 56%|#####5    | 279/500 [01:11<00:54,  4.03it/s]
 56%|#####6    | 280/500 [01:11<00:54,  4.04it/s]
 56%|#####6    | 281/500 [01:11<00:54,  4.05it/s]
 56%|#####6    | 282/500 [01:11<00:54,  4.03it/s]
 57%|#####6    | 283/500 [01:12<00:53,  4.04it/s]
 57%|#####6    | 284/500 [01:12<00:53,  4.04it/s]
 57%|#####6    | 285/500 [01:12<00:53,  4.03it/s]
 57%|#####7    | 286/500 [01:12<00:53,  4.02it/s]
 57%|#####7    | 287/500 [01:13<00:52,  4.03it/s]
 58%|#####7    | 288/500 [01:13<00:52,  4.06it/s]
 58%|#####7    | 289/500 [01:13<00:51,  4.08it/s]
 58%|#####8    | 290/500 [01:13<00:51,  4.08it/s]
 58%|#####8    | 291/500 [01:14<01:04,  3.26it/s]
 58%|#####8    | 292/500 [01:14<00:59,  3.48it/s]
 59%|#####8    | 293/500 [01:14<00:57,  3.63it/s]
 59%|#####8    | 294/500 [01:14<00:55,  3.74it/s]
 59%|#####8    | 295/500 [01:15<00:53,  3.83it/s]
 59%|#####9    | 296/500 [01:15<00:52,  3.88it/s]
 59%|#####9    | 297/500 [01:15<00:51,  3.92it/s]
 60%|#####9    | 298/500 [01:15<00:51,  3.95it/s]
 60%|#####9    | 299/500 [01:16<00:50,  3.97it/s]
 60%|######    | 300/500 [01:16<00:50,  3.99it/s]
 60%|######    | 301/500 [01:16<00:49,  3.99it/s]
 60%|######    | 302/500 [01:16<00:49,  4.00it/s]
 61%|######    | 303/500 [01:17<00:49,  4.01it/s]
 61%|######    | 304/500 [01:17<00:48,  4.01it/s]
 61%|######1   | 305/500 [01:17<00:48,  4.01it/s]
 61%|######1   | 306/500 [01:17<00:48,  4.03it/s]
 61%|######1   | 307/500 [01:18<00:48,  4.02it/s]
 62%|######1   | 308/500 [01:18<00:47,  4.02it/s]
 62%|######1   | 309/500 [01:18<00:47,  4.01it/s]
 62%|######2   | 310/500 [01:18<00:47,  4.02it/s]
 62%|######2   | 311/500 [01:19<00:46,  4.03it/s]
 62%|######2   | 312/500 [01:19<00:46,  4.03it/s]
 63%|######2   | 313/500 [01:19<00:46,  4.02it/s]
 63%|######2   | 314/500 [01:19<00:46,  4.04it/s]
 63%|######3   | 315/500 [01:20<00:45,  4.02it/s]
 63%|######3   | 316/500 [01:20<00:45,  4.02it/s]
 63%|######3   | 317/500 [01:20<00:45,  4.01it/s]
 64%|######3   | 318/500 [01:20<00:45,  4.01it/s]
 64%|######3   | 319/500 [01:21<00:45,  4.01it/s]
 64%|######4   | 320/500 [01:21<00:56,  3.19it/s]
 64%|######4   | 321/500 [01:21<00:52,  3.42it/s]
 64%|######4   | 322/500 [01:22<00:49,  3.58it/s]
 65%|######4   | 323/500 [01:22<00:47,  3.69it/s]
 65%|######4   | 324/500 [01:22<00:46,  3.80it/s]
 65%|######5   | 325/500 [01:22<00:45,  3.88it/s]
 65%|######5   | 326/500 [01:23<00:44,  3.92it/s]
 65%|######5   | 327/500 [01:23<00:43,  3.96it/s]
 66%|######5   | 328/500 [01:23<00:43,  3.98it/s]
 66%|######5   | 329/500 [01:23<00:42,  3.99it/s]
 66%|######6   | 330/500 [01:24<00:42,  4.01it/s]
 66%|######6   | 331/500 [01:24<00:41,  4.03it/s]
 66%|######6   | 332/500 [01:24<00:41,  4.03it/s]
 67%|######6   | 333/500 [01:24<00:41,  4.06it/s]
 67%|######6   | 334/500 [01:25<00:41,  4.05it/s]
 67%|######7   | 335/500 [01:25<00:40,  4.05it/s]
 67%|######7   | 336/500 [01:25<00:40,  4.04it/s]
 67%|######7   | 337/500 [01:25<00:40,  4.05it/s]
 68%|######7   | 338/500 [01:26<00:40,  4.03it/s]
 68%|######7   | 339/500 [01:26<00:40,  4.02it/s]
 68%|######8   | 340/500 [01:26<00:39,  4.02it/s]
 68%|######8   | 341/500 [01:26<00:39,  4.01it/s]
 68%|######8   | 342/500 [01:27<00:39,  4.00it/s]
 69%|######8   | 343/500 [01:27<00:39,  4.00it/s]
 69%|######8   | 344/500 [01:27<00:38,  4.04it/s]
 69%|######9   | 345/500 [01:27<00:38,  4.07it/s]
 69%|######9   | 346/500 [01:28<00:37,  4.08it/s]
 69%|######9   | 347/500 [01:28<00:37,  4.09it/s]
 70%|######9   | 348/500 [01:28<00:37,  4.10it/s]
 70%|######9   | 349/500 [01:29<00:47,  3.21it/s]
 70%|#######   | 350/500 [01:29<00:43,  3.42it/s]
 70%|#######   | 351/500 [01:29<00:41,  3.58it/s]
 70%|#######   | 352/500 [01:29<00:39,  3.70it/s]
 71%|#######   | 353/500 [01:30<00:38,  3.78it/s]
 71%|#######   | 354/500 [01:30<00:38,  3.84it/s]
 71%|#######1  | 355/500 [01:30<00:37,  3.89it/s]
 71%|#######1  | 356/500 [01:30<00:36,  3.92it/s]
 71%|#######1  | 357/500 [01:31<00:36,  3.94it/s]
 72%|#######1  | 358/500 [01:31<00:35,  3.96it/s]
 72%|#######1  | 359/500 [01:31<00:35,  3.98it/s]
 72%|#######2  | 360/500 [01:31<00:35,  3.99it/s]
 72%|#######2  | 361/500 [01:32<00:34,  4.00it/s]
 72%|#######2  | 362/500 [01:32<00:34,  4.00it/s]
 73%|#######2  | 363/500 [01:32<00:34,  4.01it/s]
 73%|#######2  | 364/500 [01:32<00:33,  4.02it/s]
 73%|#######3  | 365/500 [01:33<00:33,  4.03it/s]
 73%|#######3  | 366/500 [01:33<00:33,  4.02it/s]
 73%|#######3  | 367/500 [01:33<00:32,  4.04it/s]
 74%|#######3  | 368/500 [01:33<00:32,  4.05it/s]
 74%|#######3  | 369/500 [01:33<00:32,  4.06it/s]
 74%|#######4  | 370/500 [01:34<00:32,  4.05it/s]
 74%|#######4  | 371/500 [01:34<00:31,  4.06it/s]
 74%|#######4  | 372/500 [01:34<00:31,  4.06it/s]
 75%|#######4  | 373/500 [01:34<00:31,  4.06it/s]
 75%|#######4  | 374/500 [01:35<00:30,  4.07it/s]
 75%|#######5  | 375/500 [01:35<00:30,  4.09it/s]
 75%|#######5  | 376/500 [01:35<00:30,  4.08it/s]
 75%|#######5  | 377/500 [01:35<00:30,  4.08it/s]
 76%|#######5  | 378/500 [01:36<00:37,  3.23it/s]
 76%|#######5  | 379/500 [01:36<00:35,  3.44it/s]
 76%|#######6  | 380/500 [01:36<00:33,  3.60it/s]
 76%|#######6  | 381/500 [01:37<00:31,  3.73it/s]
 76%|#######6  | 382/500 [01:37<00:30,  3.82it/s]
 77%|#######6  | 383/500 [01:37<00:30,  3.86it/s]
 77%|#######6  | 384/500 [01:37<00:29,  3.91it/s]
 77%|#######7  | 385/500 [01:38<00:29,  3.95it/s]
 77%|#######7  | 386/500 [01:38<00:28,  3.96it/s]
 77%|#######7  | 387/500 [01:38<00:28,  3.98it/s]
 78%|#######7  | 388/500 [01:38<00:28,  3.99it/s]
 78%|#######7  | 389/500 [01:39<00:27,  4.00it/s]
 78%|#######8  | 390/500 [01:39<00:27,  4.00it/s]
 78%|#######8  | 391/500 [01:39<00:27,  4.00it/s]
 78%|#######8  | 392/500 [01:39<00:26,  4.01it/s]
 79%|#######8  | 393/500 [01:40<00:26,  4.03it/s]
 79%|#######8  | 394/500 [01:40<00:26,  4.03it/s]
 79%|#######9  | 395/500 [01:40<00:26,  4.03it/s]
 79%|#######9  | 396/500 [01:40<00:25,  4.03it/s]
 79%|#######9  | 397/500 [01:41<00:25,  4.04it/s]
 80%|#######9  | 398/500 [01:41<00:25,  4.03it/s]
 80%|#######9  | 399/500 [01:41<00:25,  4.02it/s]
 80%|########  | 400/500 [01:41<00:24,  4.03it/s]
 80%|########  | 401/500 [01:42<00:24,  4.05it/s]
 80%|########  | 402/500 [01:42<00:24,  4.05it/s]
 81%|########  | 403/500 [01:42<00:23,  4.06it/s]
 81%|########  | 404/500 [01:42<00:23,  4.05it/s]
 81%|########1 | 405/500 [01:43<00:23,  4.05it/s]
 81%|########1 | 406/500 [01:43<00:23,  4.04it/s]
 81%|########1 | 407/500 [01:43<00:28,  3.22it/s]
 82%|########1 | 408/500 [01:44<00:26,  3.45it/s]
 82%|########1 | 409/500 [01:44<00:25,  3.61it/s]
 82%|########2 | 410/500 [01:44<00:24,  3.74it/s]
 82%|########2 | 411/500 [01:44<00:23,  3.83it/s]
 82%|########2 | 412/500 [01:45<00:22,  3.90it/s]
 83%|########2 | 413/500 [01:45<00:22,  3.93it/s]
 83%|########2 | 414/500 [01:45<00:21,  3.96it/s]
 83%|########2 | 415/500 [01:45<00:21,  3.98it/s]
 83%|########3 | 416/500 [01:46<00:21,  4.00it/s]
 83%|########3 | 417/500 [01:46<00:20,  4.00it/s]
 84%|########3 | 418/500 [01:46<00:20,  4.01it/s]
 84%|########3 | 419/500 [01:46<00:20,  4.03it/s]
 84%|########4 | 420/500 [01:47<00:19,  4.02it/s]
 84%|########4 | 421/500 [01:47<00:19,  4.02it/s]
 84%|########4 | 422/500 [01:47<00:19,  4.01it/s]
 85%|########4 | 423/500 [01:47<00:19,  4.01it/s]
 85%|########4 | 424/500 [01:48<00:18,  4.01it/s]
 85%|########5 | 425/500 [01:48<00:18,  4.01it/s]
 85%|########5 | 426/500 [01:48<00:18,  4.01it/s]
 85%|########5 | 427/500 [01:48<00:18,  4.05it/s]
 86%|########5 | 428/500 [01:49<00:17,  4.06it/s]
 86%|########5 | 429/500 [01:49<00:17,  4.06it/s]
 86%|########6 | 430/500 [01:49<00:17,  4.05it/s]
 86%|########6 | 431/500 [01:49<00:17,  4.05it/s]
 86%|########6 | 432/500 [01:49<00:16,  4.05it/s]
 87%|########6 | 433/500 [01:50<00:16,  4.06it/s]
 87%|########6 | 434/500 [01:50<00:16,  4.06it/s]
 87%|########7 | 435/500 [01:50<00:15,  4.07it/s]
 87%|########7 | 436/500 [01:51<00:20,  3.17it/s]
 87%|########7 | 437/500 [01:51<00:18,  3.40it/s]
 88%|########7 | 438/500 [01:51<00:17,  3.58it/s]
 88%|########7 | 439/500 [01:51<00:16,  3.71it/s]
 88%|########8 | 440/500 [01:52<00:15,  3.80it/s]
 88%|########8 | 441/500 [01:52<00:15,  3.88it/s]
 88%|########8 | 442/500 [01:52<00:14,  3.93it/s]
 89%|########8 | 443/500 [01:52<00:14,  3.97it/s]
 89%|########8 | 444/500 [01:53<00:13,  4.01it/s]
 89%|########9 | 445/500 [01:53<00:13,  4.05it/s]
 89%|########9 | 446/500 [01:53<00:13,  4.08it/s]
 89%|########9 | 447/500 [01:53<00:12,  4.09it/s]
 90%|########9 | 448/500 [01:54<00:12,  4.09it/s]
 90%|########9 | 449/500 [01:54<00:12,  4.07it/s]
 90%|######### | 450/500 [01:54<00:12,  4.06it/s]
 90%|######### | 451/500 [01:54<00:12,  4.07it/s]
 90%|######### | 452/500 [01:55<00:11,  4.05it/s]
 91%|######### | 453/500 [01:55<00:11,  4.04it/s]
 91%|######### | 454/500 [01:55<00:11,  4.04it/s]
 91%|#########1| 455/500 [01:55<00:11,  4.02it/s]
 91%|#########1| 456/500 [01:56<00:10,  4.02it/s]
 91%|#########1| 457/500 [01:56<00:10,  4.03it/s]
 92%|#########1| 458/500 [01:56<00:10,  4.03it/s]
 92%|#########1| 459/500 [01:56<00:10,  4.02it/s]
 92%|#########2| 460/500 [01:57<00:09,  4.02it/s]
 92%|#########2| 461/500 [01:57<00:09,  4.05it/s]
 92%|#########2| 462/500 [01:57<00:09,  4.05it/s]
 93%|#########2| 463/500 [01:57<00:09,  4.05it/s]
 93%|#########2| 464/500 [01:58<00:08,  4.06it/s]
 93%|#########3| 465/500 [01:58<00:10,  3.22it/s]
 93%|#########3| 466/500 [01:58<00:09,  3.44it/s]
 93%|#########3| 467/500 [01:59<00:09,  3.60it/s]
 94%|#########3| 468/500 [01:59<00:08,  3.73it/s]
 94%|#########3| 469/500 [01:59<00:08,  3.82it/s]
 94%|#########3| 470/500 [01:59<00:07,  3.88it/s]
 94%|#########4| 471/500 [02:00<00:07,  3.93it/s]
 94%|#########4| 472/500 [02:00<00:07,  3.97it/s]
 95%|#########4| 473/500 [02:00<00:06,  3.98it/s]
 95%|#########4| 474/500 [02:00<00:06,  4.01it/s]
 95%|#########5| 475/500 [02:01<00:06,  4.02it/s]
 95%|#########5| 476/500 [02:01<00:05,  4.04it/s]
 95%|#########5| 477/500 [02:01<00:05,  4.05it/s]
 96%|#########5| 478/500 [02:01<00:05,  4.04it/s]
 96%|#########5| 479/500 [02:02<00:05,  4.04it/s]
 96%|#########6| 480/500 [02:02<00:04,  4.06it/s]
 96%|#########6| 481/500 [02:02<00:04,  4.08it/s]
 96%|#########6| 482/500 [02:02<00:04,  4.07it/s]
 97%|#########6| 483/500 [02:03<00:04,  4.07it/s]
 97%|#########6| 484/500 [02:03<00:03,  4.08it/s]
 97%|#########7| 485/500 [02:03<00:03,  4.07it/s]
 97%|#########7| 486/500 [02:03<00:03,  4.06it/s]
 97%|#########7| 487/500 [02:03<00:03,  4.05it/s]
 98%|#########7| 488/500 [02:04<00:02,  4.04it/s]
 98%|#########7| 489/500 [02:04<00:02,  4.03it/s]
 98%|#########8| 490/500 [02:04<00:02,  4.04it/s]
 98%|#########8| 491/500 [02:04<00:02,  4.06it/s]
 98%|#########8| 492/500 [02:05<00:01,  4.06it/s]
 99%|#########8| 493/500 [02:05<00:01,  4.06it/s]
 99%|#########8| 494/500 [02:05<00:01,  3.23it/s]
 99%|#########9| 495/500 [02:06<00:01,  3.46it/s]
 99%|#########9| 496/500 [02:06<00:01,  3.62it/s]
 99%|#########9| 497/500 [02:06<00:00,  3.75it/s]
100%|#########9| 498/500 [02:06<00:00,  3.84it/s]
100%|#########9| 499/500 [02:07<00:00,  3.89it/s]
100%|##########| 500/500 [02:07<00:00,  3.92it/s]
100%|##########| 500/500 [02:07<00:00,  3.92it/s]
Train Epoch 46
{
    "Loss": 0.0065803580731153485,
    "Optimizer/policy0_lr": 0.00010000000000000003,
    "Policy_Grad_Norms": 0.03307743264758444,
    "Time_Data_Loading": 0.09629980723063152,
    "Time_Epoch": 2.124170951048533,
    "Time_Log_Info": 0.02454790671666463,
    "Time_Process_Batch": 0.7404358466466268,
    "Time_Train_Batch": 1.2358824849128722
}

Epoch 46 Memory Usage: 2298 MB


  0%|          | 0/500 [00:00<?, ?it/s]
  0%|          | 1/500 [00:00<03:08,  2.64it/s]
  0%|          | 2/500 [00:00<02:28,  3.35it/s]
  1%|          | 3/500 [00:00<02:16,  3.65it/s]
  1%|          | 4/500 [00:01<02:10,  3.81it/s]
  1%|1         | 5/500 [00:01<02:06,  3.91it/s]
  1%|1         | 6/500 [00:01<02:03,  3.99it/s]
  1%|1         | 7/500 [00:01<02:02,  4.02it/s]
  2%|1         | 8/500 [00:02<02:02,  4.02it/s]
  2%|1         | 9/500 [00:02<02:01,  4.03it/s]
  2%|2         | 10/500 [00:02<02:00,  4.05it/s]
  2%|2         | 11/500 [00:02<02:00,  4.05it/s]
  2%|2         | 12/500 [00:03<02:00,  4.05it/s]
  3%|2         | 13/500 [00:03<02:00,  4.04it/s]
  3%|2         | 14/500 [00:03<01:59,  4.07it/s]
  3%|3         | 15/500 [00:03<01:58,  4.08it/s]
  3%|3         | 16/500 [00:04<01:58,  4.08it/s]
  3%|3         | 17/500 [00:04<01:58,  4.09it/s]
  4%|3         | 18/500 [00:04<01:58,  4.08it/s]
  4%|3         | 19/500 [00:04<01:58,  4.08it/s]
  4%|4         | 20/500 [00:05<01:58,  4.06it/s]
  4%|4         | 21/500 [00:05<01:57,  4.07it/s]
  4%|4         | 22/500 [00:05<01:57,  4.05it/s]
  5%|4         | 23/500 [00:05<01:57,  4.05it/s]
  5%|4         | 24/500 [00:06<01:57,  4.04it/s]
  5%|5         | 25/500 [00:06<01:57,  4.04it/s]
  5%|5         | 26/500 [00:06<01:57,  4.05it/s]
  5%|5         | 27/500 [00:06<01:56,  4.06it/s]
  6%|5         | 28/500 [00:07<01:56,  4.06it/s]
  6%|5         | 29/500 [00:07<01:55,  4.07it/s]
  6%|6         | 30/500 [00:07<02:27,  3.18it/s]
  6%|6         | 31/500 [00:07<02:17,  3.41it/s]
  6%|6         | 32/500 [00:08<02:09,  3.60it/s]
  7%|6         | 33/500 [00:08<02:05,  3.73it/s]
  7%|6         | 34/500 [00:08<02:01,  3.84it/s]
  7%|7         | 35/500 [00:08<01:58,  3.91it/s]
  7%|7         | 36/500 [00:09<01:57,  3.96it/s]
  7%|7         | 37/500 [00:09<01:55,  4.00it/s]
  8%|7         | 38/500 [00:09<01:54,  4.03it/s]
  8%|7         | 39/500 [00:09<01:53,  4.05it/s]
  8%|8         | 40/500 [00:10<01:53,  4.06it/s]
  8%|8         | 41/500 [00:10<01:53,  4.06it/s]
  8%|8         | 42/500 [00:10<01:52,  4.06it/s]
  9%|8         | 43/500 [00:10<01:52,  4.06it/s]
  9%|8         | 44/500 [00:11<01:52,  4.07it/s]
  9%|9         | 45/500 [00:11<01:51,  4.07it/s]
  9%|9         | 46/500 [00:11<01:51,  4.07it/s]
  9%|9         | 47/500 [00:11<01:51,  4.07it/s]
 10%|9         | 48/500 [00:12<01:50,  4.09it/s]
 10%|9         | 49/500 [00:12<01:50,  4.08it/s]
 10%|#         | 50/500 [00:12<01:50,  4.07it/s]
 10%|#         | 51/500 [00:12<01:50,  4.07it/s]
 10%|#         | 52/500 [00:13<01:50,  4.06it/s]
 11%|#         | 53/500 [00:13<01:50,  4.06it/s]
 11%|#         | 54/500 [00:13<01:49,  4.06it/s]
 11%|#1        | 55/500 [00:13<01:49,  4.07it/s]
 11%|#1        | 56/500 [00:14<01:48,  4.08it/s]
 11%|#1        | 57/500 [00:14<01:48,  4.08it/s]
 12%|#1        | 58/500 [00:14<01:48,  4.08it/s]
 12%|#1        | 59/500 [00:15<02:16,  3.22it/s]
 12%|#2        | 60/500 [00:15<02:07,  3.45it/s]
 12%|#2        | 61/500 [00:15<02:01,  3.61it/s]
 12%|#2        | 62/500 [00:15<01:56,  3.75it/s]
 13%|#2        | 63/500 [00:16<01:53,  3.84it/s]
 13%|#2        | 64/500 [00:16<01:51,  3.90it/s]
 13%|#3        | 65/500 [00:16<01:50,  3.94it/s]
 13%|#3        | 66/500 [00:16<01:49,  3.97it/s]
 13%|#3        | 67/500 [00:17<01:48,  3.99it/s]
 14%|#3        | 68/500 [00:17<01:48,  4.00it/s]
 14%|#3        | 69/500 [00:17<01:47,  4.01it/s]
 14%|#4        | 70/500 [00:17<01:46,  4.03it/s]
 14%|#4        | 71/500 [00:18<01:46,  4.03it/s]
 14%|#4        | 72/500 [00:18<01:46,  4.02it/s]
 15%|#4        | 73/500 [00:18<01:46,  4.01it/s]
 15%|#4        | 74/500 [00:18<01:46,  4.02it/s]
 15%|#5        | 75/500 [00:19<01:45,  4.04it/s]
 15%|#5        | 76/500 [00:19<01:45,  4.03it/s]
 15%|#5        | 77/500 [00:19<01:45,  4.01it/s]
 16%|#5        | 78/500 [00:19<01:45,  4.02it/s]
 16%|#5        | 79/500 [00:20<01:44,  4.01it/s]
 16%|#6        | 80/500 [00:20<01:44,  4.00it/s]
 16%|#6        | 81/500 [00:20<01:44,  3.99it/s]
 16%|#6        | 82/500 [00:20<01:44,  3.99it/s]
 17%|#6        | 83/500 [00:21<01:44,  3.99it/s]
 17%|#6        | 84/500 [00:21<01:44,  4.00it/s]
 17%|#7        | 85/500 [00:21<01:43,  4.01it/s]
 17%|#7        | 86/500 [00:21<01:42,  4.02it/s]
 17%|#7        | 87/500 [00:22<01:42,  4.03it/s]
 18%|#7        | 88/500 [00:22<02:08,  3.20it/s]
 18%|#7        | 89/500 [00:22<01:59,  3.43it/s]
 18%|#8        | 90/500 [00:22<01:53,  3.61it/s]
 18%|#8        | 91/500 [00:23<01:49,  3.74it/s]
 18%|#8        | 92/500 [00:23<01:45,  3.85it/s]
 19%|#8        | 93/500 [00:23<01:44,  3.90it/s]
 19%|#8        | 94/500 [00:23<01:43,  3.94it/s]
 19%|#9        | 95/500 [00:24<01:41,  3.97it/s]
 19%|#9        | 96/500 [00:24<01:40,  4.00it/s]
 19%|#9        | 97/500 [00:24<01:39,  4.03it/s]
 20%|#9        | 98/500 [00:24<01:39,  4.05it/s]
 20%|#9        | 99/500 [00:25<01:38,  4.06it/s]
 20%|##        | 100/500 [00:25<01:38,  4.08it/s]
 20%|##        | 101/500 [00:25<01:37,  4.08it/s]
 20%|##        | 102/500 [00:25<01:37,  4.08it/s]
 21%|##        | 103/500 [00:26<01:37,  4.08it/s]
 21%|##        | 104/500 [00:26<01:36,  4.09it/s]
 21%|##1       | 105/500 [00:26<01:36,  4.09it/s]
 21%|##1       | 106/500 [00:26<01:36,  4.07it/s]
 21%|##1       | 107/500 [00:27<01:36,  4.07it/s]
 22%|##1       | 108/500 [00:27<01:35,  4.09it/s]
 22%|##1       | 109/500 [00:27<01:36,  4.07it/s]
 22%|##2       | 110/500 [00:27<01:36,  4.06it/s]
 22%|##2       | 111/500 [00:28<01:35,  4.07it/s]
 22%|##2       | 112/500 [00:28<01:34,  4.09it/s]
 23%|##2       | 113/500 [00:28<01:34,  4.09it/s]
 23%|##2       | 114/500 [00:28<01:34,  4.09it/s]
 23%|##3       | 115/500 [00:29<01:34,  4.09it/s]
 23%|##3       | 116/500 [00:29<01:33,  4.12it/s]
 23%|##3       | 117/500 [00:29<01:58,  3.23it/s]
 24%|##3       | 118/500 [00:30<01:50,  3.46it/s]
 24%|##3       | 119/500 [00:30<01:44,  3.64it/s]
 24%|##4       | 120/500 [00:30<01:40,  3.77it/s]
 24%|##4       | 121/500 [00:30<01:37,  3.87it/s]
 24%|##4       | 122/500 [00:30<01:36,  3.92it/s]
 25%|##4       | 123/500 [00:31<01:35,  3.97it/s]
 25%|##4       | 124/500 [00:31<01:33,  4.00it/s]
 25%|##5       | 125/500 [00:31<01:33,  4.02it/s]
 25%|##5       | 126/500 [00:31<01:32,  4.04it/s]
 25%|##5       | 127/500 [00:32<01:32,  4.04it/s]
 26%|##5       | 128/500 [00:32<01:32,  4.03it/s]
 26%|##5       | 129/500 [00:32<01:31,  4.03it/s]
 26%|##6       | 130/500 [00:32<01:31,  4.05it/s]
 26%|##6       | 131/500 [00:33<01:31,  4.04it/s]
 26%|##6       | 132/500 [00:33<01:31,  4.04it/s]
 27%|##6       | 133/500 [00:33<01:30,  4.04it/s]
 27%|##6       | 134/500 [00:33<01:30,  4.06it/s]
 27%|##7       | 135/500 [00:34<01:29,  4.06it/s]
 27%|##7       | 136/500 [00:34<01:29,  4.06it/s]
 27%|##7       | 137/500 [00:34<01:29,  4.07it/s]
 28%|##7       | 138/500 [00:34<01:28,  4.09it/s]
 28%|##7       | 139/500 [00:35<01:28,  4.07it/s]
 28%|##8       | 140/500 [00:35<01:28,  4.07it/s]
 28%|##8       | 141/500 [00:35<01:28,  4.08it/s]
 28%|##8       | 142/500 [00:35<01:27,  4.09it/s]
 29%|##8       | 143/500 [00:36<01:27,  4.08it/s]
 29%|##8       | 144/500 [00:36<01:27,  4.08it/s]
 29%|##9       | 145/500 [00:36<01:27,  4.08it/s]
 29%|##9       | 146/500 [00:37<01:51,  3.17it/s]
 29%|##9       | 147/500 [00:37<01:43,  3.40it/s]
 30%|##9       | 148/500 [00:37<01:38,  3.58it/s]
 30%|##9       | 149/500 [00:37<01:34,  3.72it/s]
 30%|###       | 150/500 [00:38<01:31,  3.82it/s]
 30%|###       | 151/500 [00:38<01:29,  3.89it/s]
 30%|###       | 152/500 [00:38<01:28,  3.95it/s]
 31%|###       | 153/500 [00:38<01:27,  3.99it/s]
 31%|###       | 154/500 [00:39<01:26,  4.00it/s]
 31%|###1      | 155/500 [00:39<01:25,  4.02it/s]
 31%|###1      | 156/500 [00:39<01:25,  4.04it/s]
 31%|###1      | 157/500 [00:39<01:24,  4.04it/s]
 32%|###1      | 158/500 [00:40<01:24,  4.05it/s]
 32%|###1      | 159/500 [00:40<01:24,  4.05it/s]
 32%|###2      | 160/500 [00:40<01:23,  4.06it/s]
 32%|###2      | 161/500 [00:40<01:23,  4.06it/s]
 32%|###2      | 162/500 [00:41<01:23,  4.06it/s]
 33%|###2      | 163/500 [00:41<01:23,  4.06it/s]
 33%|###2      | 164/500 [00:41<01:22,  4.06it/s]
 33%|###3      | 165/500 [00:41<01:22,  4.06it/s]
 33%|###3      | 166/500 [00:42<01:22,  4.06it/s]
 33%|###3      | 167/500 [00:42<01:22,  4.05it/s]
 34%|###3      | 168/500 [00:42<01:21,  4.06it/s]
 34%|###3      | 169/500 [00:42<01:21,  4.05it/s]
 34%|###4      | 170/500 [00:43<01:21,  4.05it/s]
 34%|###4      | 171/500 [00:43<01:21,  4.06it/s]
 34%|###4      | 172/500 [00:43<01:20,  4.07it/s]
 35%|###4      | 173/500 [00:43<01:20,  4.07it/s]
 35%|###4      | 174/500 [00:44<01:20,  4.07it/s]
 35%|###5      | 175/500 [00:44<01:40,  3.23it/s]
 35%|###5      | 176/500 [00:44<01:33,  3.46it/s]
 35%|###5      | 177/500 [00:44<01:29,  3.62it/s]
 36%|###5      | 178/500 [00:45<01:26,  3.74it/s]
 36%|###5      | 179/500 [00:45<01:23,  3.84it/s]
 36%|###6      | 180/500 [00:45<01:22,  3.90it/s]
 36%|###6      | 181/500 [00:45<01:20,  3.95it/s]
 36%|###6      | 182/500 [00:46<01:19,  3.98it/s]
 37%|###6      | 183/500 [00:46<01:19,  4.01it/s]
 37%|###6      | 184/500 [00:46<01:18,  4.05it/s]
 37%|###7      | 185/500 [00:46<01:17,  4.06it/s]
 37%|###7      | 186/500 [00:47<01:16,  4.08it/s]
 37%|###7      | 187/500 [00:47<01:16,  4.08it/s]
 38%|###7      | 188/500 [00:47<01:16,  4.08it/s]
 38%|###7      | 189/500 [00:47<01:16,  4.08it/s]
 38%|###8      | 190/500 [00:48<01:15,  4.09it/s]
 38%|###8      | 191/500 [00:48<01:15,  4.09it/s]
 38%|###8      | 192/500 [00:48<01:15,  4.09it/s]
 39%|###8      | 193/500 [00:48<01:14,  4.10it/s]
 39%|###8      | 194/500 [00:49<01:14,  4.11it/s]
 39%|###9      | 195/500 [00:49<01:14,  4.09it/s]
 39%|###9      | 196/500 [00:49<01:14,  4.09it/s]
 39%|###9      | 197/500 [00:49<01:14,  4.09it/s]
 40%|###9      | 198/500 [00:50<01:13,  4.09it/s]
 40%|###9      | 199/500 [00:50<01:13,  4.09it/s]
 40%|####      | 200/500 [00:50<01:13,  4.09it/s]
 40%|####      | 201/500 [00:50<01:13,  4.09it/s]
 40%|####      | 202/500 [00:51<01:12,  4.10it/s]
 41%|####      | 203/500 [00:51<01:12,  4.10it/s]
 41%|####      | 204/500 [00:51<01:32,  3.18it/s]
 41%|####1     | 205/500 [00:52<01:26,  3.42it/s]
 41%|####1     | 206/500 [00:52<01:21,  3.60it/s]
 41%|####1     | 207/500 [00:52<01:18,  3.72it/s]
 42%|####1     | 208/500 [00:52<01:16,  3.80it/s]
 42%|####1     | 209/500 [00:53<01:14,  3.89it/s]
 42%|####2     | 210/500 [00:53<01:13,  3.94it/s]
 42%|####2     | 211/500 [00:53<01:12,  3.97it/s]
 42%|####2     | 212/500 [00:53<01:12,  3.99it/s]
 43%|####2     | 213/500 [00:54<01:11,  4.02it/s]
 43%|####2     | 214/500 [00:54<01:11,  4.02it/s]
 43%|####3     | 215/500 [00:54<01:10,  4.03it/s]
 43%|####3     | 216/500 [00:54<01:10,  4.03it/s]
 43%|####3     | 217/500 [00:54<01:10,  4.04it/s]
 44%|####3     | 218/500 [00:55<01:10,  4.03it/s]
 44%|####3     | 219/500 [00:55<01:09,  4.02it/s]
 44%|####4     | 220/500 [00:55<01:09,  4.02it/s]
 44%|####4     | 221/500 [00:55<01:09,  4.02it/s]
 44%|####4     | 222/500 [00:56<01:09,  4.02it/s]
 45%|####4     | 223/500 [00:56<01:08,  4.02it/s]
 45%|####4     | 224/500 [00:56<01:08,  4.02it/s]
 45%|####5     | 225/500 [00:56<01:08,  4.03it/s]
 45%|####5     | 226/500 [00:57<01:08,  4.02it/s]
 45%|####5     | 227/500 [00:57<01:07,  4.02it/s]
 46%|####5     | 228/500 [00:57<01:07,  4.03it/s]
 46%|####5     | 229/500 [00:57<01:07,  4.03it/s]
 46%|####6     | 230/500 [00:58<01:07,  4.03it/s]
 46%|####6     | 231/500 [00:58<01:06,  4.03it/s]
 46%|####6     | 232/500 [00:58<01:06,  4.04it/s]
 47%|####6     | 233/500 [00:59<01:23,  3.19it/s]
 47%|####6     | 234/500 [00:59<01:17,  3.42it/s]
 47%|####6     | 235/500 [00:59<01:13,  3.59it/s]
 47%|####7     | 236/500 [00:59<01:11,  3.72it/s]
 47%|####7     | 237/500 [01:00<01:09,  3.81it/s]
 48%|####7     | 238/500 [01:00<01:07,  3.88it/s]
 48%|####7     | 239/500 [01:00<01:06,  3.94it/s]
 48%|####8     | 240/500 [01:00<01:05,  3.97it/s]
 48%|####8     | 241/500 [01:01<01:04,  4.01it/s]
 48%|####8     | 242/500 [01:01<01:04,  4.02it/s]
 49%|####8     | 243/500 [01:01<01:03,  4.05it/s]
 49%|####8     | 244/500 [01:01<01:03,  4.05it/s]
 49%|####9     | 245/500 [01:02<01:02,  4.05it/s]
 49%|####9     | 246/500 [01:02<01:02,  4.05it/s]
 49%|####9     | 247/500 [01:02<01:02,  4.08it/s]
 50%|####9     | 248/500 [01:02<01:02,  4.06it/s]
 50%|####9     | 249/500 [01:03<01:02,  4.05it/s]
 50%|#####     | 250/500 [01:03<01:01,  4.05it/s]
 50%|#####     | 251/500 [01:03<01:01,  4.07it/s]
 50%|#####     | 252/500 [01:03<01:01,  4.05it/s]
 51%|#####     | 253/500 [01:04<01:00,  4.05it/s]
 51%|#####     | 254/500 [01:04<01:00,  4.05it/s]
 51%|#####1    | 255/500 [01:04<01:00,  4.08it/s]
 51%|#####1    | 256/500 [01:04<00:59,  4.11it/s]
 51%|#####1    | 257/500 [01:05<00:59,  4.10it/s]
 52%|#####1    | 258/500 [01:05<00:59,  4.09it/s]
 52%|#####1    | 259/500 [01:05<00:58,  4.10it/s]
 52%|#####2    | 260/500 [01:05<00:58,  4.10it/s]
 52%|#####2    | 261/500 [01:06<00:58,  4.09it/s]
 52%|#####2    | 262/500 [01:06<01:13,  3.22it/s]
 53%|#####2    | 263/500 [01:06<01:08,  3.45it/s]
 53%|#####2    | 264/500 [01:07<01:05,  3.63it/s]
 53%|#####3    | 265/500 [01:07<01:02,  3.74it/s]
 53%|#####3    | 266/500 [01:07<01:01,  3.83it/s]
 53%|#####3    | 267/500 [01:07<00:59,  3.90it/s]
 54%|#####3    | 268/500 [01:07<00:58,  3.94it/s]
 54%|#####3    | 269/500 [01:08<00:58,  3.96it/s]
 54%|#####4    | 270/500 [01:08<00:57,  3.97it/s]
 54%|#####4    | 271/500 [01:08<00:57,  3.99it/s]
 54%|#####4    | 272/500 [01:08<00:56,  4.00it/s]
 55%|#####4    | 273/500 [01:09<00:56,  4.00it/s]
 55%|#####4    | 274/500 [01:09<00:56,  4.00it/s]
 55%|#####5    | 275/500 [01:09<00:56,  4.01it/s]
 55%|#####5    | 276/500 [01:09<00:55,  4.01it/s]
 55%|#####5    | 277/500 [01:10<00:55,  4.01it/s]
 56%|#####5    | 278/500 [01:10<00:55,  4.02it/s]
 56%|#####5    | 279/500 [01:10<00:54,  4.03it/s]
 56%|#####6    | 280/500 [01:10<00:54,  4.03it/s]
 56%|#####6    | 281/500 [01:11<00:54,  4.03it/s]
 56%|#####6    | 282/500 [01:11<00:54,  4.03it/s]
 57%|#####6    | 283/500 [01:11<00:53,  4.03it/s]
 57%|#####6    | 284/500 [01:11<00:53,  4.02it/s]
 57%|#####6    | 285/500 [01:12<00:53,  4.02it/s]
 57%|#####7    | 286/500 [01:12<00:53,  4.02it/s]
 57%|#####7    | 287/500 [01:12<00:52,  4.03it/s]
 58%|#####7    | 288/500 [01:12<00:52,  4.03it/s]
 58%|#####7    | 289/500 [01:13<00:52,  4.04it/s]
 58%|#####8    | 290/500 [01:13<00:51,  4.05it/s]
 58%|#####8    | 291/500 [01:13<01:05,  3.17it/s]
 58%|#####8    | 292/500 [01:14<01:01,  3.40it/s]
 59%|#####8    | 293/500 [01:14<00:57,  3.59it/s]
 59%|#####8    | 294/500 [01:14<00:55,  3.72it/s]
 59%|#####8    | 295/500 [01:14<00:53,  3.80it/s]
 59%|#####9    | 296/500 [01:15<00:52,  3.88it/s]
 59%|#####9    | 297/500 [01:15<00:51,  3.93it/s]
 60%|#####9    | 298/500 [01:15<00:50,  3.97it/s]
 60%|#####9    | 299/500 [01:15<00:50,  4.00it/s]
 60%|######    | 300/500 [01:16<00:49,  4.03it/s]
 60%|######    | 301/500 [01:16<00:48,  4.07it/s]
 60%|######    | 302/500 [01:16<00:48,  4.09it/s]
 61%|######    | 303/500 [01:16<00:48,  4.09it/s]
 61%|######    | 304/500 [01:17<00:47,  4.09it/s]
 61%|######1   | 305/500 [01:17<00:47,  4.10it/s]
 61%|######1   | 306/500 [01:17<00:47,  4.09it/s]
 61%|######1   | 307/500 [01:17<00:47,  4.09it/s]
 62%|######1   | 308/500 [01:18<00:47,  4.08it/s]
 62%|######1   | 309/500 [01:18<00:46,  4.09it/s]
 62%|######2   | 310/500 [01:18<00:46,  4.09it/s]
 62%|######2   | 311/500 [01:18<00:46,  4.07it/s]
 62%|######2   | 312/500 [01:19<00:46,  4.05it/s]
 63%|######2   | 313/500 [01:19<00:46,  4.04it/s]
 63%|######2   | 314/500 [01:19<00:46,  4.04it/s]
 63%|######3   | 315/500 [01:19<00:45,  4.03it/s]
 63%|######3   | 316/500 [01:20<00:45,  4.06it/s]
 63%|######3   | 317/500 [01:20<00:45,  4.06it/s]
 64%|######3   | 318/500 [01:20<00:44,  4.06it/s]
 64%|######3   | 319/500 [01:20<00:44,  4.06it/s]
 64%|######4   | 320/500 [01:21<00:55,  3.23it/s]
 64%|######4   | 321/500 [01:21<00:51,  3.46it/s]
 64%|######4   | 322/500 [01:21<00:49,  3.63it/s]
 65%|######4   | 323/500 [01:21<00:47,  3.75it/s]
 65%|######4   | 324/500 [01:22<00:45,  3.84it/s]
 65%|######5   | 325/500 [01:22<00:44,  3.90it/s]
 65%|######5   | 326/500 [01:22<00:44,  3.93it/s]
 65%|######5   | 327/500 [01:22<00:43,  3.97it/s]
 66%|######5   | 328/500 [01:23<00:43,  3.99it/s]
 66%|######5   | 329/500 [01:23<00:42,  3.99it/s]
 66%|######6   | 330/500 [01:23<00:42,  4.00it/s]
 66%|######6   | 331/500 [01:23<00:42,  4.01it/s]
 66%|######6   | 332/500 [01:24<00:41,  4.03it/s]
 67%|######6   | 333/500 [01:24<00:41,  4.03it/s]
 67%|######6   | 334/500 [01:24<00:41,  4.04it/s]
 67%|######7   | 335/500 [01:24<00:40,  4.06it/s]
 67%|######7   | 336/500 [01:25<00:40,  4.06it/s]
 67%|######7   | 337/500 [01:25<00:40,  4.06it/s]
 68%|######7   | 338/500 [01:25<00:39,  4.07it/s]
 68%|######7   | 339/500 [01:25<00:39,  4.07it/s]
 68%|######8   | 340/500 [01:26<00:39,  4.06it/s]
 68%|######8   | 341/500 [01:26<00:39,  4.06it/s]
 68%|######8   | 342/500 [01:26<00:38,  4.05it/s]
 69%|######8   | 343/500 [01:26<00:38,  4.07it/s]
 69%|######8   | 344/500 [01:27<00:38,  4.07it/s]
 69%|######9   | 345/500 [01:27<00:37,  4.09it/s]
 69%|######9   | 346/500 [01:27<00:37,  4.09it/s]
 69%|######9   | 347/500 [01:27<00:37,  4.09it/s]
 70%|######9   | 348/500 [01:28<00:37,  4.07it/s]
 70%|######9   | 349/500 [01:28<00:46,  3.22it/s]
 70%|#######   | 350/500 [01:28<00:43,  3.46it/s]
 70%|#######   | 351/500 [01:29<00:41,  3.62it/s]
 70%|#######   | 352/500 [01:29<00:39,  3.74it/s]
 71%|#######   | 353/500 [01:29<00:38,  3.82it/s]
 71%|#######   | 354/500 [01:29<00:37,  3.89it/s]
 71%|#######1  | 355/500 [01:30<00:36,  3.93it/s]
 71%|#######1  | 356/500 [01:30<00:36,  3.96it/s]
 71%|#######1  | 357/500 [01:30<00:35,  3.99it/s]
 72%|#######1  | 358/500 [01:30<00:35,  4.00it/s]
 72%|#######1  | 359/500 [01:31<00:35,  4.02it/s]
 72%|#######2  | 360/500 [01:31<00:34,  4.03it/s]
 72%|#######2  | 361/500 [01:31<00:34,  4.04it/s]
 72%|#######2  | 362/500 [01:31<00:34,  4.05it/s]
 73%|#######2  | 363/500 [01:32<00:33,  4.06it/s]
 73%|#######2  | 364/500 [01:32<00:33,  4.05it/s]
 73%|#######3  | 365/500 [01:32<00:33,  4.06it/s]
 73%|#######3  | 366/500 [01:32<00:33,  4.05it/s]
 73%|#######3  | 367/500 [01:33<00:32,  4.06it/s]
 74%|#######3  | 368/500 [01:33<00:32,  4.05it/s]
 74%|#######3  | 369/500 [01:33<00:32,  4.06it/s]
 74%|#######4  | 370/500 [01:33<00:31,  4.06it/s]
 74%|#######4  | 371/500 [01:34<00:31,  4.06it/s]
 74%|#######4  | 372/500 [01:34<00:31,  4.06it/s]
 75%|#######4  | 373/500 [01:34<00:31,  4.07it/s]
 75%|#######4  | 374/500 [01:34<00:30,  4.11it/s]
 75%|#######5  | 375/500 [01:35<00:30,  4.12it/s]
 75%|#######5  | 376/500 [01:35<00:30,  4.11it/s]
 75%|#######5  | 377/500 [01:35<00:30,  4.10it/s]
 76%|#######5  | 378/500 [01:35<00:37,  3.24it/s]
 76%|#######5  | 379/500 [01:36<00:35,  3.44it/s]
 76%|#######6  | 380/500 [01:36<00:33,  3.60it/s]
 76%|#######6  | 381/500 [01:36<00:32,  3.71it/s]
 76%|#######6  | 382/500 [01:36<00:31,  3.79it/s]
 77%|#######6  | 383/500 [01:37<00:30,  3.85it/s]
 77%|#######6  | 384/500 [01:37<00:29,  3.89it/s]
 77%|#######7  | 385/500 [01:37<00:29,  3.93it/s]
 77%|#######7  | 386/500 [01:37<00:28,  3.96it/s]
 77%|#######7  | 387/500 [01:38<00:28,  3.97it/s]
 78%|#######7  | 388/500 [01:38<00:28,  3.98it/s]
 78%|#######7  | 389/500 [01:38<00:27,  4.00it/s]
 78%|#######8  | 390/500 [01:38<00:27,  4.00it/s]
 78%|#######8  | 391/500 [01:39<00:27,  4.00it/s]
 78%|#######8  | 392/500 [01:39<00:26,  4.01it/s]
 79%|#######8  | 393/500 [01:39<00:26,  4.03it/s]
 79%|#######8  | 394/500 [01:39<00:26,  4.03it/s]
 79%|#######9  | 395/500 [01:40<00:26,  4.03it/s]
 79%|#######9  | 396/500 [01:40<00:25,  4.03it/s]
 79%|#######9  | 397/500 [01:40<00:25,  4.05it/s]
 80%|#######9  | 398/500 [01:40<00:25,  4.04it/s]
 80%|#######9  | 399/500 [01:41<00:25,  4.02it/s]
 80%|########  | 400/500 [01:41<00:24,  4.02it/s]
 80%|########  | 401/500 [01:41<00:24,  4.02it/s]
 80%|########  | 402/500 [01:41<00:24,  4.01it/s]
 81%|########  | 403/500 [01:42<00:24,  4.03it/s]
 81%|########  | 404/500 [01:42<00:23,  4.04it/s]
 81%|########1 | 405/500 [01:42<00:23,  4.05it/s]
 81%|########1 | 406/500 [01:42<00:23,  4.04it/s]
 81%|########1 | 407/500 [01:43<00:28,  3.21it/s]
 82%|########1 | 408/500 [01:43<00:26,  3.45it/s]
 82%|########1 | 409/500 [01:43<00:25,  3.61it/s]
 82%|########2 | 410/500 [01:44<00:24,  3.75it/s]
 82%|########2 | 411/500 [01:44<00:23,  3.83it/s]
 82%|########2 | 412/500 [01:44<00:22,  3.88it/s]
 83%|########2 | 413/500 [01:44<00:22,  3.92it/s]
 83%|########2 | 414/500 [01:45<00:21,  3.95it/s]
 83%|########2 | 415/500 [01:45<00:21,  3.98it/s]
 83%|########3 | 416/500 [01:45<00:21,  3.99it/s]
 83%|########3 | 417/500 [01:45<00:20,  4.00it/s]
 84%|########3 | 418/500 [01:46<00:20,  4.02it/s]
 84%|########3 | 419/500 [01:46<00:20,  4.04it/s]
 84%|########4 | 420/500 [01:46<00:19,  4.03it/s]
 84%|########4 | 421/500 [01:46<00:19,  4.03it/s]
 84%|########4 | 422/500 [01:47<00:19,  4.03it/s]
 85%|########4 | 423/500 [01:47<00:19,  4.05it/s]
 85%|########4 | 424/500 [01:47<00:18,  4.06it/s]
 85%|########5 | 425/500 [01:47<00:18,  4.05it/s]
 85%|########5 | 426/500 [01:48<00:18,  4.05it/s]
 85%|########5 | 427/500 [01:48<00:17,  4.06it/s]
 86%|########5 | 428/500 [01:48<00:17,  4.05it/s]
 86%|########5 | 429/500 [01:48<00:17,  4.06it/s]
 86%|########6 | 430/500 [01:49<00:17,  4.06it/s]
 86%|########6 | 431/500 [01:49<00:16,  4.07it/s]
 86%|########6 | 432/500 [01:49<00:16,  4.08it/s]
 87%|########6 | 433/500 [01:49<00:16,  4.08it/s]
 87%|########6 | 434/500 [01:50<00:16,  4.09it/s]
 87%|########7 | 435/500 [01:50<00:15,  4.11it/s]
 87%|########7 | 436/500 [01:50<00:19,  3.23it/s]
 87%|########7 | 437/500 [01:50<00:18,  3.45it/s]
 88%|########7 | 438/500 [01:51<00:17,  3.64it/s]
 88%|########7 | 439/500 [01:51<00:16,  3.76it/s]
 88%|########8 | 440/500 [01:51<00:15,  3.85it/s]
 88%|########8 | 441/500 [01:51<00:15,  3.90it/s]
 88%|########8 | 442/500 [01:52<00:14,  3.95it/s]
 89%|########8 | 443/500 [01:52<00:14,  3.98it/s]
 89%|########8 | 444/500 [01:52<00:14,  4.00it/s]
 89%|########9 | 445/500 [01:52<00:13,  4.01it/s]
 89%|########9 | 446/500 [01:53<00:13,  4.04it/s]
 89%|########9 | 447/500 [01:53<00:13,  4.04it/s]
 90%|########9 | 448/500 [01:53<00:12,  4.04it/s]
 90%|########9 | 449/500 [01:53<00:12,  4.03it/s]
 90%|######### | 450/500 [01:54<00:12,  4.03it/s]
 90%|######### | 451/500 [01:54<00:12,  4.04it/s]
 90%|######### | 452/500 [01:54<00:11,  4.03it/s]
 91%|######### | 453/500 [01:54<00:11,  4.03it/s]
 91%|######### | 454/500 [01:55<00:11,  4.02it/s]
 91%|#########1| 455/500 [01:55<00:11,  4.02it/s]
 91%|#########1| 456/500 [01:55<00:10,  4.01it/s]
 91%|#########1| 457/500 [01:55<00:10,  4.02it/s]
 92%|#########1| 458/500 [01:56<00:10,  4.01it/s]
 92%|#########1| 459/500 [01:56<00:10,  4.00it/s]
 92%|#########2| 460/500 [01:56<00:10,  4.00it/s]
 92%|#########2| 461/500 [01:56<00:09,  4.02it/s]
 92%|#########2| 462/500 [01:57<00:09,  4.02it/s]
 93%|#########2| 463/500 [01:57<00:09,  4.02it/s]
 93%|#########2| 464/500 [01:57<00:08,  4.02it/s]
 93%|#########3| 465/500 [01:58<00:10,  3.20it/s]
 93%|#########3| 466/500 [01:58<00:09,  3.42it/s]
 93%|#########3| 467/500 [01:58<00:09,  3.60it/s]
 94%|#########3| 468/500 [01:58<00:08,  3.73it/s]
 94%|#########3| 469/500 [01:59<00:08,  3.83it/s]
 94%|#########3| 470/500 [01:59<00:07,  3.89it/s]
 94%|#########4| 471/500 [01:59<00:07,  3.94it/s]
 94%|#########4| 472/500 [01:59<00:07,  3.98it/s]
 95%|#########4| 473/500 [02:00<00:06,  3.99it/s]
 95%|#########4| 474/500 [02:00<00:06,  4.00it/s]
 95%|#########5| 475/500 [02:00<00:06,  4.02it/s]
 95%|#########5| 476/500 [02:00<00:05,  4.03it/s]
 95%|#########5| 477/500 [02:01<00:05,  4.03it/s]
 96%|#########5| 478/500 [02:01<00:05,  4.02it/s]
 96%|#########5| 479/500 [02:01<00:05,  4.04it/s]
 96%|#########6| 480/500 [02:01<00:04,  4.04it/s]
 96%|#########6| 481/500 [02:02<00:04,  4.05it/s]
 96%|#########6| 482/500 [02:02<00:04,  4.05it/s]
 97%|#########6| 483/500 [02:02<00:04,  4.06it/s]
 97%|#########6| 484/500 [02:02<00:03,  4.06it/s]
 97%|#########7| 485/500 [02:03<00:03,  4.06it/s]
 97%|#########7| 486/500 [02:03<00:03,  4.05it/s]
 97%|#########7| 487/500 [02:03<00:03,  4.06it/s]
 98%|#########7| 488/500 [02:03<00:02,  4.06it/s]
 98%|#########7| 489/500 [02:04<00:02,  4.05it/s]
 98%|#########8| 490/500 [02:04<00:02,  4.05it/s]
 98%|#########8| 491/500 [02:04<00:02,  4.07it/s]
 98%|#########8| 492/500 [02:04<00:01,  4.07it/s]
 99%|#########8| 493/500 [02:05<00:01,  4.07it/s]
 99%|#########8| 494/500 [02:05<00:01,  3.24it/s]
 99%|#########9| 495/500 [02:05<00:01,  3.46it/s]
 99%|#########9| 496/500 [02:05<00:01,  3.62it/s]
 99%|#########9| 497/500 [02:06<00:00,  3.75it/s]
100%|#########9| 498/500 [02:06<00:00,  3.84it/s]
100%|#########9| 499/500 [02:06<00:00,  3.90it/s]
100%|##########| 500/500 [02:06<00:00,  3.92it/s]
100%|##########| 500/500 [02:06<00:00,  3.94it/s]
Train Epoch 47
{
    "Loss": 0.006407071434427053,
    "Optimizer/policy0_lr": 0.00010000000000000003,
    "Policy_Grad_Norms": 0.0327268760282403,
    "Time_Data_Loading": 0.09484539031982422,
    "Time_Epoch": 2.116669984658559,
    "Time_Log_Info": 0.024595030148824058,
    "Time_Process_Batch": 0.734112556775411,
    "Time_Train_Batch": 1.2356724341710408
}

Epoch 47 Memory Usage: 2298 MB


  0%|          | 0/500 [00:00<?, ?it/s]
  0%|          | 1/500 [00:00<03:10,  2.61it/s]
  0%|          | 2/500 [00:00<02:29,  3.34it/s]
  1%|          | 3/500 [00:00<02:16,  3.64it/s]
  1%|          | 4/500 [00:01<02:11,  3.78it/s]
  1%|1         | 5/500 [00:01<02:07,  3.88it/s]
  1%|1         | 6/500 [00:01<02:05,  3.93it/s]
  1%|1         | 7/500 [00:01<02:04,  3.95it/s]
  2%|1         | 8/500 [00:02<02:03,  3.98it/s]
  2%|1         | 9/500 [00:02<02:03,  3.99it/s]
  2%|2         | 10/500 [00:02<02:02,  4.00it/s]
  2%|2         | 11/500 [00:02<02:01,  4.01it/s]
  2%|2         | 12/500 [00:03<02:01,  4.03it/s]
  3%|2         | 13/500 [00:03<02:00,  4.04it/s]
  3%|2         | 14/500 [00:03<02:00,  4.05it/s]
  3%|3         | 15/500 [00:03<01:59,  4.05it/s]
  3%|3         | 16/500 [00:04<01:58,  4.07it/s]
  3%|3         | 17/500 [00:04<01:58,  4.07it/s]
  4%|3         | 18/500 [00:04<01:58,  4.07it/s]
  4%|3         | 19/500 [00:04<01:58,  4.07it/s]
  4%|4         | 20/500 [00:05<01:57,  4.07it/s]
  4%|4         | 21/500 [00:05<01:57,  4.06it/s]
  4%|4         | 22/500 [00:05<01:57,  4.06it/s]
  5%|4         | 23/500 [00:05<01:57,  4.06it/s]
  5%|4         | 24/500 [00:06<01:56,  4.09it/s]
  5%|5         | 25/500 [00:06<01:56,  4.08it/s]
  5%|5         | 26/500 [00:06<01:56,  4.08it/s]
  5%|5         | 27/500 [00:06<01:55,  4.09it/s]
  6%|5         | 28/500 [00:07<01:55,  4.09it/s]
  6%|5         | 29/500 [00:07<01:55,  4.09it/s]
  6%|6         | 30/500 [00:07<02:25,  3.23it/s]
  6%|6         | 31/500 [00:07<02:15,  3.46it/s]
  6%|6         | 32/500 [00:08<02:09,  3.61it/s]
  7%|6         | 33/500 [00:08<02:05,  3.73it/s]
  7%|6         | 34/500 [00:08<02:01,  3.83it/s]
  7%|7         | 35/500 [00:08<01:58,  3.91it/s]
  7%|7         | 36/500 [00:09<01:57,  3.96it/s]
  7%|7         | 37/500 [00:09<01:55,  3.99it/s]
  8%|7         | 38/500 [00:09<01:54,  4.02it/s]
  8%|7         | 39/500 [00:09<01:54,  4.03it/s]
  8%|8         | 40/500 [00:10<01:53,  4.05it/s]
  8%|8         | 41/500 [00:10<01:53,  4.04it/s]
  8%|8         | 42/500 [00:10<01:53,  4.05it/s]
  9%|8         | 43/500 [00:10<01:52,  4.05it/s]
  9%|8         | 44/500 [00:11<01:52,  4.05it/s]
  9%|9         | 45/500 [00:11<01:52,  4.05it/s]
  9%|9         | 46/500 [00:11<01:51,  4.06it/s]
  9%|9         | 47/500 [00:11<01:51,  4.06it/s]
 10%|9         | 48/500 [00:12<01:51,  4.04it/s]
 10%|9         | 49/500 [00:12<01:52,  4.02it/s]
 10%|#         | 50/500 [00:12<01:51,  4.03it/s]
 10%|#         | 51/500 [00:12<01:51,  4.02it/s]
 10%|#         | 52/500 [00:13<01:51,  4.02it/s]
 11%|#         | 53/500 [00:13<01:51,  4.02it/s]
 11%|#         | 54/500 [00:13<01:50,  4.03it/s]
 11%|#1        | 55/500 [00:13<01:50,  4.03it/s]
 11%|#1        | 56/500 [00:14<01:50,  4.03it/s]
 11%|#1        | 57/500 [00:14<01:49,  4.04it/s]
 12%|#1        | 58/500 [00:14<01:49,  4.02it/s]
 12%|#1        | 59/500 [00:15<02:18,  3.19it/s]
 12%|#2        | 60/500 [00:15<02:08,  3.42it/s]
 12%|#2        | 61/500 [00:15<02:02,  3.59it/s]
 12%|#2        | 62/500 [00:15<01:57,  3.72it/s]
 13%|#2        | 63/500 [00:16<01:54,  3.81it/s]
 13%|#2        | 64/500 [00:16<01:52,  3.88it/s]
 13%|#3        | 65/500 [00:16<01:50,  3.92it/s]
 13%|#3        | 66/500 [00:16<01:49,  3.95it/s]
 13%|#3        | 67/500 [00:17<01:49,  3.97it/s]
 14%|#3        | 68/500 [00:17<01:47,  4.01it/s]
 14%|#3        | 69/500 [00:17<01:47,  4.01it/s]
 14%|#4        | 70/500 [00:17<01:46,  4.03it/s]
 14%|#4        | 71/500 [00:18<01:46,  4.04it/s]
 14%|#4        | 72/500 [00:18<01:45,  4.06it/s]
 15%|#4        | 73/500 [00:18<01:45,  4.06it/s]
 15%|#4        | 74/500 [00:18<01:44,  4.06it/s]
 15%|#5        | 75/500 [00:19<01:44,  4.06it/s]
 15%|#5        | 76/500 [00:19<01:44,  4.07it/s]
 15%|#5        | 77/500 [00:19<01:44,  4.06it/s]
 16%|#5        | 78/500 [00:19<01:43,  4.06it/s]
 16%|#5        | 79/500 [00:20<01:44,  4.05it/s]
 16%|#6        | 80/500 [00:20<01:43,  4.07it/s]
 16%|#6        | 81/500 [00:20<01:43,  4.07it/s]
 16%|#6        | 82/500 [00:20<01:42,  4.06it/s]
 17%|#6        | 83/500 [00:21<01:42,  4.05it/s]
 17%|#6        | 84/500 [00:21<01:42,  4.07it/s]
 17%|#7        | 85/500 [00:21<01:42,  4.06it/s]
 17%|#7        | 86/500 [00:21<01:41,  4.07it/s]
 17%|#7        | 87/500 [00:22<01:41,  4.07it/s]
 18%|#7        | 88/500 [00:22<02:07,  3.23it/s]
 18%|#7        | 89/500 [00:22<01:59,  3.45it/s]
 18%|#8        | 90/500 [00:22<01:53,  3.61it/s]
 18%|#8        | 91/500 [00:23<01:49,  3.75it/s]
 18%|#8        | 92/500 [00:23<01:46,  3.83it/s]
 19%|#8        | 93/500 [00:23<01:44,  3.89it/s]
 19%|#8        | 94/500 [00:23<01:43,  3.93it/s]
 19%|#9        | 95/500 [00:24<01:41,  3.98it/s]
 19%|#9        | 96/500 [00:24<01:41,  3.99it/s]
 19%|#9        | 97/500 [00:24<01:40,  4.00it/s]
 20%|#9        | 98/500 [00:24<01:40,  4.01it/s]
 20%|#9        | 99/500 [00:25<01:40,  4.00it/s]
 20%|##        | 100/500 [00:25<01:40,  3.99it/s]
 20%|##        | 101/500 [00:25<01:40,  3.98it/s]
 20%|##        | 102/500 [00:25<01:39,  4.00it/s]
 21%|##        | 103/500 [00:26<01:38,  4.01it/s]
 21%|##        | 104/500 [00:26<01:38,  4.00it/s]
 21%|##1       | 105/500 [00:26<01:38,  4.01it/s]
 21%|##1       | 106/500 [00:26<01:38,  4.02it/s]
 21%|##1       | 107/500 [00:27<01:38,  4.01it/s]
 22%|##1       | 108/500 [00:27<01:37,  4.01it/s]
 22%|##1       | 109/500 [00:27<01:37,  4.00it/s]
 22%|##2       | 110/500 [00:27<01:37,  4.01it/s]
 22%|##2       | 111/500 [00:28<01:37,  4.00it/s]
 22%|##2       | 112/500 [00:28<01:36,  4.00it/s]
 23%|##2       | 113/500 [00:28<01:36,  4.01it/s]
 23%|##2       | 114/500 [00:28<01:35,  4.04it/s]
 23%|##3       | 115/500 [00:29<01:35,  4.03it/s]
 23%|##3       | 116/500 [00:29<01:35,  4.02it/s]
 23%|##3       | 117/500 [00:29<01:59,  3.20it/s]
 24%|##3       | 118/500 [00:30<01:51,  3.42it/s]
 24%|##3       | 119/500 [00:30<01:46,  3.58it/s]
 24%|##4       | 120/500 [00:30<01:42,  3.71it/s]
 24%|##4       | 121/500 [00:30<01:39,  3.81it/s]
 24%|##4       | 122/500 [00:31<01:37,  3.87it/s]
 25%|##4       | 123/500 [00:31<01:36,  3.92it/s]
 25%|##4       | 124/500 [00:31<01:34,  3.96it/s]
 25%|##5       | 125/500 [00:31<01:33,  4.00it/s]
 25%|##5       | 126/500 [00:32<01:33,  4.01it/s]
 25%|##5       | 127/500 [00:32<01:32,  4.01it/s]
 26%|##5       | 128/500 [00:32<01:32,  4.02it/s]
 26%|##5       | 129/500 [00:32<01:32,  4.03it/s]
 26%|##6       | 130/500 [00:33<01:31,  4.02it/s]
 26%|##6       | 131/500 [00:33<01:31,  4.01it/s]
 26%|##6       | 132/500 [00:33<01:31,  4.01it/s]
 27%|##6       | 133/500 [00:33<01:30,  4.03it/s]
 27%|##6       | 134/500 [00:34<01:30,  4.02it/s]
 27%|##7       | 135/500 [00:34<01:30,  4.03it/s]
 27%|##7       | 136/500 [00:34<01:30,  4.04it/s]
 27%|##7       | 137/500 [00:34<01:29,  4.05it/s]
 28%|##7       | 138/500 [00:35<01:29,  4.04it/s]
 28%|##7       | 139/500 [00:35<01:29,  4.04it/s]
 28%|##8       | 140/500 [00:35<01:29,  4.04it/s]
 28%|##8       | 141/500 [00:35<01:29,  4.03it/s]
 28%|##8       | 142/500 [00:36<01:28,  4.04it/s]
 29%|##8       | 143/500 [00:36<01:28,  4.04it/s]
 29%|##8       | 144/500 [00:36<01:27,  4.05it/s]
 29%|##9       | 145/500 [00:36<01:27,  4.05it/s]
 29%|##9       | 146/500 [00:37<01:50,  3.19it/s]
 29%|##9       | 147/500 [00:37<01:43,  3.43it/s]
 30%|##9       | 148/500 [00:37<01:38,  3.59it/s]
 30%|##9       | 149/500 [00:38<01:34,  3.71it/s]
 30%|###       | 150/500 [00:38<01:32,  3.80it/s]
 30%|###       | 151/500 [00:38<01:30,  3.87it/s]
 30%|###       | 152/500 [00:38<01:29,  3.91it/s]
 31%|###       | 153/500 [00:39<01:27,  3.96it/s]
 31%|###       | 154/500 [00:39<01:26,  4.00it/s]
 31%|###1      | 155/500 [00:39<01:25,  4.02it/s]
 31%|###1      | 156/500 [00:39<01:25,  4.03it/s]
 31%|###1      | 157/500 [00:39<01:24,  4.04it/s]
 32%|###1      | 158/500 [00:40<01:24,  4.05it/s]
 32%|###1      | 159/500 [00:40<01:24,  4.04it/s]
 32%|###2      | 160/500 [00:40<01:24,  4.05it/s]
 32%|###2      | 161/500 [00:40<01:23,  4.05it/s]
 32%|###2      | 162/500 [00:41<01:23,  4.06it/s]
 33%|###2      | 163/500 [00:41<01:23,  4.06it/s]
 33%|###2      | 164/500 [00:41<01:22,  4.06it/s]
 33%|###3      | 165/500 [00:41<01:22,  4.05it/s]
 33%|###3      | 166/500 [00:42<01:22,  4.05it/s]
 33%|###3      | 167/500 [00:42<01:22,  4.06it/s]
 34%|###3      | 168/500 [00:42<01:21,  4.06it/s]
 34%|###3      | 169/500 [00:42<01:21,  4.05it/s]
 34%|###4      | 170/500 [00:43<01:21,  4.07it/s]
 34%|###4      | 171/500 [00:43<01:20,  4.09it/s]
 34%|###4      | 172/500 [00:43<01:20,  4.08it/s]
 35%|###4      | 173/500 [00:43<01:20,  4.07it/s]
 35%|###4      | 174/500 [00:44<01:19,  4.08it/s]
 35%|###5      | 175/500 [00:44<01:42,  3.18it/s]
 35%|###5      | 176/500 [00:44<01:34,  3.41it/s]
 35%|###5      | 177/500 [00:45<01:29,  3.61it/s]
 36%|###5      | 178/500 [00:45<01:26,  3.73it/s]
 36%|###5      | 179/500 [00:45<01:24,  3.82it/s]
 36%|###6      | 180/500 [00:45<01:22,  3.89it/s]
 36%|###6      | 181/500 [00:46<01:21,  3.92it/s]
 36%|###6      | 182/500 [00:46<01:20,  3.95it/s]
 37%|###6      | 183/500 [00:46<01:19,  3.97it/s]
 37%|###6      | 184/500 [00:46<01:19,  3.99it/s]
 37%|###7      | 185/500 [00:47<01:18,  4.00it/s]
 37%|###7      | 186/500 [00:47<01:18,  4.00it/s]
 37%|###7      | 187/500 [00:47<01:18,  4.01it/s]
 38%|###7      | 188/500 [00:47<01:17,  4.03it/s]
 38%|###7      | 189/500 [00:48<01:17,  4.04it/s]
 38%|###8      | 190/500 [00:48<01:17,  4.02it/s]
 38%|###8      | 191/500 [00:48<01:16,  4.02it/s]
 38%|###8      | 192/500 [00:48<01:16,  4.03it/s]
 39%|###8      | 193/500 [00:49<01:16,  4.02it/s]
 39%|###8      | 194/500 [00:49<01:15,  4.03it/s]
 39%|###9      | 195/500 [00:49<01:15,  4.03it/s]
 39%|###9      | 196/500 [00:49<01:15,  4.04it/s]
 39%|###9      | 197/500 [00:50<01:14,  4.05it/s]
 40%|###9      | 198/500 [00:50<01:14,  4.05it/s]
 40%|###9      | 199/500 [00:50<01:14,  4.05it/s]
 40%|####      | 200/500 [00:50<01:13,  4.07it/s]
 40%|####      | 201/500 [00:51<01:13,  4.07it/s]
 40%|####      | 202/500 [00:51<01:13,  4.07it/s]
 41%|####      | 203/500 [00:51<01:12,  4.08it/s]
 41%|####      | 204/500 [00:52<01:31,  3.22it/s]
 41%|####1     | 205/500 [00:52<01:25,  3.45it/s]
 41%|####1     | 206/500 [00:52<01:21,  3.60it/s]
 41%|####1     | 207/500 [00:52<01:18,  3.73it/s]
 42%|####1     | 208/500 [00:53<01:16,  3.81it/s]
 42%|####1     | 209/500 [00:53<01:15,  3.87it/s]
 42%|####2     | 210/500 [00:53<01:14,  3.91it/s]
 42%|####2     | 211/500 [00:53<01:13,  3.94it/s]
 42%|####2     | 212/500 [00:54<01:12,  3.97it/s]
 43%|####2     | 213/500 [00:54<01:11,  3.99it/s]
 43%|####2     | 214/500 [00:54<01:11,  4.01it/s]
 43%|####3     | 215/500 [00:54<01:10,  4.02it/s]
 43%|####3     | 216/500 [00:54<01:10,  4.02it/s]
 43%|####3     | 217/500 [00:55<01:10,  4.03it/s]
 44%|####3     | 218/500 [00:55<01:09,  4.03it/s]
 44%|####3     | 219/500 [00:55<01:09,  4.05it/s]
 44%|####4     | 220/500 [00:55<01:09,  4.05it/s]
 44%|####4     | 221/500 [00:56<01:08,  4.05it/s]
 44%|####4     | 222/500 [00:56<01:08,  4.08it/s]
 45%|####4     | 223/500 [00:56<01:08,  4.07it/s]
 45%|####4     | 224/500 [00:56<01:07,  4.06it/s]
 45%|####5     | 225/500 [00:57<01:07,  4.06it/s]
 45%|####5     | 226/500 [00:57<01:07,  4.07it/s]
 45%|####5     | 227/500 [00:57<01:07,  4.07it/s]
 46%|####5     | 228/500 [00:57<01:06,  4.06it/s]
 46%|####5     | 229/500 [00:58<01:06,  4.06it/s]
 46%|####6     | 230/500 [00:58<01:06,  4.08it/s]
 46%|####6     | 231/500 [00:58<01:05,  4.08it/s]
 46%|####6     | 232/500 [00:58<01:05,  4.09it/s]
 47%|####6     | 233/500 [00:59<01:22,  3.22it/s]
 47%|####6     | 234/500 [00:59<01:17,  3.44it/s]
 47%|####6     | 235/500 [00:59<01:13,  3.59it/s]
 47%|####7     | 236/500 [01:00<01:10,  3.72it/s]
 47%|####7     | 237/500 [01:00<01:09,  3.80it/s]
 48%|####7     | 238/500 [01:00<01:07,  3.86it/s]
 48%|####7     | 239/500 [01:00<01:06,  3.92it/s]
 48%|####8     | 240/500 [01:01<01:05,  3.96it/s]
 48%|####8     | 241/500 [01:01<01:04,  3.99it/s]
 48%|####8     | 242/500 [01:01<01:04,  4.01it/s]
 49%|####8     | 243/500 [01:01<01:03,  4.03it/s]
 49%|####8     | 244/500 [01:02<01:03,  4.04it/s]
 49%|####9     | 245/500 [01:02<01:03,  4.04it/s]
 49%|####9     | 246/500 [01:02<01:03,  4.03it/s]
 49%|####9     | 247/500 [01:02<01:02,  4.03it/s]
 50%|####9     | 248/500 [01:03<01:02,  4.03it/s]
 50%|####9     | 249/500 [01:03<01:02,  4.04it/s]
 50%|#####     | 250/500 [01:03<01:01,  4.05it/s]
 50%|#####     | 251/500 [01:03<01:01,  4.05it/s]
 50%|#####     | 252/500 [01:04<01:01,  4.05it/s]
 51%|#####     | 253/500 [01:04<01:00,  4.05it/s]
 51%|#####     | 254/500 [01:04<01:00,  4.06it/s]
 51%|#####1    | 255/500 [01:04<01:00,  4.05it/s]
 51%|#####1    | 256/500 [01:05<01:00,  4.06it/s]
 51%|#####1    | 257/500 [01:05<00:59,  4.05it/s]
 52%|#####1    | 258/500 [01:05<00:59,  4.06it/s]
 52%|#####1    | 259/500 [01:05<00:59,  4.07it/s]
 52%|#####2    | 260/500 [01:06<00:58,  4.08it/s]
 52%|#####2    | 261/500 [01:06<00:58,  4.08it/s]
 52%|#####2    | 262/500 [01:06<01:14,  3.21it/s]
 53%|#####2    | 263/500 [01:06<01:08,  3.45it/s]
 53%|#####2    | 264/500 [01:07<01:05,  3.60it/s]
 53%|#####3    | 265/500 [01:07<01:03,  3.73it/s]
 53%|#####3    | 266/500 [01:07<01:01,  3.82it/s]
 53%|#####3    | 267/500 [01:07<00:59,  3.89it/s]
 54%|#####3    | 268/500 [01:08<00:58,  3.95it/s]
 54%|#####3    | 269/500 [01:08<00:58,  3.98it/s]
 54%|#####4    | 270/500 [01:08<00:57,  4.02it/s]
 54%|#####4    | 271/500 [01:08<00:56,  4.03it/s]
 54%|#####4    | 272/500 [01:09<00:56,  4.05it/s]
 55%|#####4    | 273/500 [01:09<00:55,  4.06it/s]
 55%|#####4    | 274/500 [01:09<00:55,  4.08it/s]
 55%|#####5    | 275/500 [01:09<00:55,  4.07it/s]
 55%|#####5    | 276/500 [01:10<00:54,  4.07it/s]
 55%|#####5    | 277/500 [01:10<00:54,  4.07it/s]
 56%|#####5    | 278/500 [01:10<00:54,  4.09it/s]
 56%|#####5    | 279/500 [01:10<00:54,  4.08it/s]
 56%|#####6    | 280/500 [01:11<00:53,  4.08it/s]
 56%|#####6    | 281/500 [01:11<00:53,  4.08it/s]
 56%|#####6    | 282/500 [01:11<00:53,  4.08it/s]
 57%|#####6    | 283/500 [01:11<00:53,  4.08it/s]
 57%|#####6    | 284/500 [01:12<00:53,  4.07it/s]
 57%|#####6    | 285/500 [01:12<00:52,  4.08it/s]
 57%|#####7    | 286/500 [01:12<00:52,  4.07it/s]
 57%|#####7    | 287/500 [01:12<00:52,  4.08it/s]
 58%|#####7    | 288/500 [01:13<00:51,  4.08it/s]
 58%|#####7    | 289/500 [01:13<00:51,  4.09it/s]
 58%|#####8    | 290/500 [01:13<00:51,  4.09it/s]
 58%|#####8    | 291/500 [01:14<01:04,  3.22it/s]
 58%|#####8    | 292/500 [01:14<01:00,  3.45it/s]
 59%|#####8    | 293/500 [01:14<00:57,  3.61it/s]
 59%|#####8    | 294/500 [01:14<00:55,  3.73it/s]
 59%|#####8    | 295/500 [01:15<00:53,  3.82it/s]
 59%|#####9    | 296/500 [01:15<00:52,  3.88it/s]
 59%|#####9    | 297/500 [01:15<00:51,  3.94it/s]
 60%|#####9    | 298/500 [01:15<00:50,  3.97it/s]
 60%|#####9    | 299/500 [01:16<00:50,  4.01it/s]
 60%|######    | 300/500 [01:16<00:49,  4.04it/s]
 60%|######    | 301/500 [01:16<00:49,  4.04it/s]
 60%|######    | 302/500 [01:16<00:48,  4.05it/s]
 61%|######    | 303/500 [01:17<00:48,  4.03it/s]
 61%|######    | 304/500 [01:17<00:48,  4.04it/s]
 61%|######1   | 305/500 [01:17<00:48,  4.04it/s]
 61%|######1   | 306/500 [01:17<00:48,  4.03it/s]
 61%|######1   | 307/500 [01:18<00:47,  4.02it/s]
 62%|######1   | 308/500 [01:18<00:47,  4.02it/s]
 62%|######1   | 309/500 [01:18<00:47,  4.01it/s]
 62%|######2   | 310/500 [01:18<00:47,  4.02it/s]
 62%|######2   | 311/500 [01:19<00:47,  4.02it/s]
 62%|######2   | 312/500 [01:19<00:46,  4.03it/s]
 63%|######2   | 313/500 [01:19<00:46,  4.02it/s]
 63%|######2   | 314/500 [01:19<00:46,  4.03it/s]
 63%|######3   | 315/500 [01:20<00:45,  4.03it/s]
 63%|######3   | 316/500 [01:20<00:45,  4.04it/s]
 63%|######3   | 317/500 [01:20<00:45,  4.04it/s]
 64%|######3   | 318/500 [01:20<00:44,  4.05it/s]
 64%|######3   | 319/500 [01:21<00:44,  4.05it/s]
 64%|######4   | 320/500 [01:21<00:56,  3.16it/s]
 64%|######4   | 321/500 [01:21<00:52,  3.39it/s]
 64%|######4   | 322/500 [01:21<00:49,  3.57it/s]
 65%|######4   | 323/500 [01:22<00:47,  3.71it/s]
 65%|######4   | 324/500 [01:22<00:46,  3.81it/s]
 65%|######5   | 325/500 [01:22<00:45,  3.88it/s]
 65%|######5   | 326/500 [01:22<00:44,  3.93it/s]
 65%|######5   | 327/500 [01:23<00:43,  3.96it/s]
 66%|######5   | 328/500 [01:23<00:42,  4.00it/s]
 66%|######5   | 329/500 [01:23<00:42,  4.02it/s]
 66%|######6   | 330/500 [01:23<00:42,  4.03it/s]
 66%|######6   | 331/500 [01:24<00:41,  4.04it/s]
 66%|######6   | 332/500 [01:24<00:41,  4.04it/s]
 67%|######6   | 333/500 [01:24<00:41,  4.05it/s]
 67%|######6   | 334/500 [01:24<00:40,  4.06it/s]
 67%|######7   | 335/500 [01:25<00:40,  4.05it/s]
 67%|######7   | 336/500 [01:25<00:40,  4.04it/s]
 67%|######7   | 337/500 [01:25<00:40,  4.04it/s]
 68%|######7   | 338/500 [01:25<00:39,  4.06it/s]
 68%|######7   | 339/500 [01:26<00:39,  4.06it/s]
 68%|######8   | 340/500 [01:26<00:39,  4.06it/s]
 68%|######8   | 341/500 [01:26<00:39,  4.06it/s]
 68%|######8   | 342/500 [01:26<00:38,  4.06it/s]
 69%|######8   | 343/500 [01:27<00:38,  4.05it/s]
 69%|######8   | 344/500 [01:27<00:38,  4.06it/s]
 69%|######9   | 345/500 [01:27<00:38,  4.06it/s]
 69%|######9   | 346/500 [01:27<00:37,  4.09it/s]
 69%|######9   | 347/500 [01:28<00:37,  4.10it/s]
 70%|######9   | 348/500 [01:28<00:37,  4.09it/s]
 70%|######9   | 349/500 [01:28<00:46,  3.26it/s]
 70%|#######   | 350/500 [01:29<00:43,  3.48it/s]
 70%|#######   | 351/500 [01:29<00:41,  3.63it/s]
 70%|#######   | 352/500 [01:29<00:39,  3.76it/s]
 71%|#######   | 353/500 [01:29<00:38,  3.86it/s]
 71%|#######   | 354/500 [01:30<00:37,  3.92it/s]
 71%|#######1  | 355/500 [01:30<00:36,  3.96it/s]
 71%|#######1  | 356/500 [01:30<00:36,  3.98it/s]
 71%|#######1  | 357/500 [01:30<00:35,  4.00it/s]
 72%|#######1  | 358/500 [01:31<00:35,  4.01it/s]
 72%|#######1  | 359/500 [01:31<00:35,  4.01it/s]
 72%|#######2  | 360/500 [01:31<00:34,  4.01it/s]
 72%|#######2  | 361/500 [01:31<00:34,  4.04it/s]
 72%|#######2  | 362/500 [01:32<00:34,  4.04it/s]
 73%|#######2  | 363/500 [01:32<00:33,  4.04it/s]
 73%|#######2  | 364/500 [01:32<00:33,  4.05it/s]
 73%|#######3  | 365/500 [01:32<00:33,  4.05it/s]
 73%|#######3  | 366/500 [01:33<00:33,  4.05it/s]
 73%|#######3  | 367/500 [01:33<00:32,  4.05it/s]
 74%|#######3  | 368/500 [01:33<00:32,  4.05it/s]
 74%|#######3  | 369/500 [01:33<00:32,  4.04it/s]
 74%|#######4  | 370/500 [01:33<00:32,  4.05it/s]
 74%|#######4  | 371/500 [01:34<00:31,  4.03it/s]
 74%|#######4  | 372/500 [01:34<00:31,  4.04it/s]
 75%|#######4  | 373/500 [01:34<00:31,  4.04it/s]
 75%|#######4  | 374/500 [01:34<00:31,  4.04it/s]
 75%|#######5  | 375/500 [01:35<00:30,  4.05it/s]
 75%|#######5  | 376/500 [01:35<00:30,  4.06it/s]
 75%|#######5  | 377/500 [01:35<00:30,  4.05it/s]
 76%|#######5  | 378/500 [01:36<00:37,  3.22it/s]
 76%|#######5  | 379/500 [01:36<00:35,  3.44it/s]
 76%|#######6  | 380/500 [01:36<00:33,  3.60it/s]
 76%|#######6  | 381/500 [01:36<00:31,  3.74it/s]
 76%|#######6  | 382/500 [01:37<00:30,  3.82it/s]
 77%|#######6  | 383/500 [01:37<00:30,  3.89it/s]
 77%|#######6  | 384/500 [01:37<00:29,  3.93it/s]
 77%|#######7  | 385/500 [01:37<00:29,  3.95it/s]
 77%|#######7  | 386/500 [01:38<00:28,  3.97it/s]
 77%|#######7  | 387/500 [01:38<00:28,  4.01it/s]
 78%|#######7  | 388/500 [01:38<00:27,  4.01it/s]
 78%|#######7  | 389/500 [01:38<00:27,  4.01it/s]
 78%|#######8  | 390/500 [01:39<00:27,  4.01it/s]
 78%|#######8  | 391/500 [01:39<00:27,  4.01it/s]
 78%|#######8  | 392/500 [01:39<00:26,  4.01it/s]
 79%|#######8  | 393/500 [01:39<00:26,  4.00it/s]
 79%|#######8  | 394/500 [01:40<00:26,  4.00it/s]
 79%|#######9  | 395/500 [01:40<00:26,  4.01it/s]
 79%|#######9  | 396/500 [01:40<00:25,  4.00it/s]
 79%|#######9  | 397/500 [01:40<00:25,  4.00it/s]
 80%|#######9  | 398/500 [01:41<00:25,  4.00it/s]
 80%|#######9  | 399/500 [01:41<00:25,  4.00it/s]
 80%|########  | 400/500 [01:41<00:24,  4.00it/s]
 80%|########  | 401/500 [01:41<00:24,  3.99it/s]
 80%|########  | 402/500 [01:42<00:24,  4.00it/s]
 81%|########  | 403/500 [01:42<00:24,  4.01it/s]
 81%|########  | 404/500 [01:42<00:23,  4.00it/s]
 81%|########1 | 405/500 [01:42<00:23,  4.00it/s]
 81%|########1 | 406/500 [01:43<00:23,  4.00it/s]
 81%|########1 | 407/500 [01:43<00:29,  3.17it/s]
 82%|########1 | 408/500 [01:43<00:27,  3.41it/s]
 82%|########1 | 409/500 [01:44<00:25,  3.58it/s]
 82%|########2 | 410/500 [01:44<00:24,  3.71it/s]
 82%|########2 | 411/500 [01:44<00:23,  3.81it/s]
 82%|########2 | 412/500 [01:44<00:22,  3.88it/s]
 83%|########2 | 413/500 [01:45<00:22,  3.92it/s]
 83%|########2 | 414/500 [01:45<00:21,  3.97it/s]
 83%|########2 | 415/500 [01:45<00:21,  4.00it/s]
 83%|########3 | 416/500 [01:45<00:20,  4.02it/s]
 83%|########3 | 417/500 [01:46<00:20,  4.03it/s]
 84%|########3 | 418/500 [01:46<00:20,  4.03it/s]
 84%|########3 | 419/500 [01:46<00:20,  4.03it/s]
 84%|########4 | 420/500 [01:46<00:19,  4.05it/s]
 84%|########4 | 421/500 [01:47<00:19,  4.05it/s]
 84%|########4 | 422/500 [01:47<00:19,  4.03it/s]
 85%|########4 | 423/500 [01:47<00:18,  4.05it/s]
 85%|########4 | 424/500 [01:47<00:18,  4.09it/s]
 85%|########5 | 425/500 [01:48<00:18,  4.09it/s]
 85%|########5 | 426/500 [01:48<00:18,  4.09it/s]
 85%|########5 | 427/500 [01:48<00:17,  4.08it/s]
 86%|########5 | 428/500 [01:48<00:17,  4.07it/s]
 86%|########5 | 429/500 [01:49<00:17,  4.04it/s]
 86%|########6 | 430/500 [01:49<00:17,  4.04it/s]
 86%|########6 | 431/500 [01:49<00:17,  4.04it/s]
 86%|########6 | 432/500 [01:49<00:16,  4.04it/s]
 87%|########6 | 433/500 [01:50<00:16,  4.05it/s]
 87%|########6 | 434/500 [01:50<00:16,  4.05it/s]
 87%|########7 | 435/500 [01:50<00:16,  4.06it/s]
 87%|########7 | 436/500 [01:50<00:19,  3.23it/s]
 87%|########7 | 437/500 [01:51<00:18,  3.44it/s]
 88%|########7 | 438/500 [01:51<00:17,  3.61it/s]
 88%|########7 | 439/500 [01:51<00:16,  3.73it/s]
 88%|########8 | 440/500 [01:51<00:15,  3.80it/s]
 88%|########8 | 441/500 [01:52<00:15,  3.86it/s]
 88%|########8 | 442/500 [01:52<00:14,  3.92it/s]
 89%|########8 | 443/500 [01:52<00:14,  3.96it/s]
 89%|########8 | 444/500 [01:52<00:14,  3.98it/s]
 89%|########9 | 445/500 [01:53<00:13,  4.00it/s]
 89%|########9 | 446/500 [01:53<00:13,  4.01it/s]
 89%|########9 | 447/500 [01:53<00:13,  4.02it/s]
 90%|########9 | 448/500 [01:53<00:12,  4.02it/s]
 90%|########9 | 449/500 [01:54<00:12,  4.04it/s]
 90%|######### | 450/500 [01:54<00:12,  4.04it/s]
 90%|######### | 451/500 [01:54<00:12,  4.05it/s]
 90%|######### | 452/500 [01:54<00:11,  4.05it/s]
 91%|######### | 453/500 [01:55<00:11,  4.06it/s]
 91%|######### | 454/500 [01:55<00:11,  4.05it/s]
 91%|#########1| 455/500 [01:55<00:11,  4.03it/s]
 91%|#########1| 456/500 [01:55<00:10,  4.02it/s]
 91%|#########1| 457/500 [01:56<00:10,  4.02it/s]
 92%|#########1| 458/500 [01:56<00:10,  4.03it/s]
 92%|#########1| 459/500 [01:56<00:10,  4.02it/s]
 92%|#########2| 460/500 [01:56<00:09,  4.02it/s]
 92%|#########2| 461/500 [01:57<00:09,  4.05it/s]
 92%|#########2| 462/500 [01:57<00:09,  4.06it/s]
 93%|#########2| 463/500 [01:57<00:09,  4.05it/s]
 93%|#########2| 464/500 [01:57<00:08,  4.05it/s]
 93%|#########3| 465/500 [01:58<00:10,  3.20it/s]
 93%|#########3| 466/500 [01:58<00:09,  3.41it/s]
 93%|#########3| 467/500 [01:58<00:09,  3.58it/s]
 94%|#########3| 468/500 [01:59<00:08,  3.71it/s]
 94%|#########3| 469/500 [01:59<00:08,  3.80it/s]
 94%|#########3| 470/500 [01:59<00:07,  3.86it/s]
 94%|#########4| 471/500 [01:59<00:07,  3.93it/s]
 94%|#########4| 472/500 [02:00<00:07,  3.96it/s]
 95%|#########4| 473/500 [02:00<00:06,  3.98it/s]
 95%|#########4| 474/500 [02:00<00:06,  4.00it/s]
 95%|#########5| 475/500 [02:00<00:06,  4.02it/s]
 95%|#########5| 476/500 [02:01<00:05,  4.02it/s]
 95%|#########5| 477/500 [02:01<00:05,  4.02it/s]
 96%|#########5| 478/500 [02:01<00:05,  4.03it/s]
 96%|#########5| 479/500 [02:01<00:05,  4.04it/s]
 96%|#########6| 480/500 [02:02<00:04,  4.04it/s]
 96%|#########6| 481/500 [02:02<00:04,  4.03it/s]
 96%|#########6| 482/500 [02:02<00:04,  4.03it/s]
 97%|#########6| 483/500 [02:02<00:04,  4.03it/s]
 97%|#########6| 484/500 [02:03<00:03,  4.03it/s]
 97%|#########7| 485/500 [02:03<00:03,  4.02it/s]
 97%|#########7| 486/500 [02:03<00:03,  4.02it/s]
 97%|#########7| 487/500 [02:03<00:03,  4.01it/s]
 98%|#########7| 488/500 [02:04<00:02,  4.00it/s]
 98%|#########7| 489/500 [02:04<00:02,  4.00it/s]
 98%|#########8| 490/500 [02:04<00:02,  4.03it/s]
 98%|#########8| 491/500 [02:04<00:02,  4.03it/s]
 98%|#########8| 492/500 [02:05<00:01,  4.03it/s]
 99%|#########8| 493/500 [02:05<00:01,  4.04it/s]
 99%|#########8| 494/500 [02:05<00:01,  3.20it/s]
 99%|#########9| 495/500 [02:06<00:01,  3.43it/s]
 99%|#########9| 496/500 [02:06<00:01,  3.59it/s]
 99%|#########9| 497/500 [02:06<00:00,  3.73it/s]
100%|#########9| 498/500 [02:06<00:00,  3.82it/s]
100%|#########9| 499/500 [02:07<00:00,  3.90it/s]
100%|##########| 500/500 [02:07<00:00,  3.97it/s]
100%|##########| 500/500 [02:07<00:00,  3.93it/s]
Train Epoch 48
{
    "Loss": 0.006387426562141627,
    "Optimizer/policy0_lr": 0.00010000000000000003,
    "Policy_Grad_Norms": 0.03192145013254737,
    "Time_Data_Loading": 0.09546523094177246,
    "Time_Epoch": 2.1214847207069396,
    "Time_Log_Info": 0.024578877290089927,
    "Time_Process_Batch": 0.7384657820065816,
    "Time_Train_Batch": 1.2358242789904277
}

Epoch 48 Memory Usage: 2298 MB


  0%|          | 0/500 [00:00<?, ?it/s]
  0%|          | 1/500 [00:00<03:13,  2.58it/s]
  0%|          | 2/500 [00:00<02:31,  3.29it/s]
  1%|          | 3/500 [00:00<02:18,  3.60it/s]
  1%|          | 4/500 [00:01<02:11,  3.76it/s]
  1%|1         | 5/500 [00:01<02:08,  3.85it/s]
  1%|1         | 6/500 [00:01<02:06,  3.91it/s]
  1%|1         | 7/500 [00:01<02:04,  3.95it/s]
  2%|1         | 8/500 [00:02<02:02,  4.01it/s]
  2%|1         | 9/500 [00:02<02:01,  4.04it/s]
  2%|2         | 10/500 [00:02<02:00,  4.06it/s]
  2%|2         | 11/500 [00:02<02:00,  4.06it/s]
  2%|2         | 12/500 [00:03<02:00,  4.05it/s]
  3%|2         | 13/500 [00:03<02:00,  4.03it/s]
  3%|2         | 14/500 [00:03<02:00,  4.03it/s]
  3%|3         | 15/500 [00:03<01:59,  4.05it/s]
  3%|3         | 16/500 [00:04<01:59,  4.05it/s]
  3%|3         | 17/500 [00:04<01:59,  4.06it/s]
  4%|3         | 18/500 [00:04<01:59,  4.05it/s]
  4%|3         | 19/500 [00:04<01:58,  4.05it/s]
  4%|4         | 20/500 [00:05<01:58,  4.05it/s]
  4%|4         | 21/500 [00:05<01:58,  4.05it/s]
  4%|4         | 22/500 [00:05<01:57,  4.05it/s]
  5%|4         | 23/500 [00:05<01:57,  4.07it/s]
  5%|4         | 24/500 [00:06<01:57,  4.06it/s]
  5%|5         | 25/500 [00:06<01:57,  4.04it/s]
  5%|5         | 26/500 [00:06<01:57,  4.04it/s]
  5%|5         | 27/500 [00:06<01:56,  4.06it/s]
  6%|5         | 28/500 [00:07<01:56,  4.05it/s]
  6%|5         | 29/500 [00:07<01:56,  4.06it/s]
  6%|6         | 30/500 [00:07<02:25,  3.22it/s]
  6%|6         | 31/500 [00:07<02:16,  3.43it/s]
  6%|6         | 32/500 [00:08<02:10,  3.59it/s]
  7%|6         | 33/500 [00:08<02:05,  3.72it/s]
  7%|6         | 34/500 [00:08<02:02,  3.81it/s]
  7%|7         | 35/500 [00:08<02:00,  3.86it/s]
  7%|7         | 36/500 [00:09<01:58,  3.92it/s]
  7%|7         | 37/500 [00:09<01:56,  3.97it/s]
  8%|7         | 38/500 [00:09<01:55,  3.99it/s]
  8%|7         | 39/500 [00:09<01:54,  4.01it/s]
  8%|8         | 40/500 [00:10<01:54,  4.02it/s]
  8%|8         | 41/500 [00:10<01:53,  4.04it/s]
  8%|8         | 42/500 [00:10<01:53,  4.04it/s]
  9%|8         | 43/500 [00:10<01:52,  4.05it/s]
  9%|8         | 44/500 [00:11<01:52,  4.05it/s]
  9%|9         | 45/500 [00:11<01:51,  4.07it/s]
  9%|9         | 46/500 [00:11<01:51,  4.06it/s]
  9%|9         | 47/500 [00:11<01:51,  4.04it/s]
 10%|9         | 48/500 [00:12<01:51,  4.05it/s]
 10%|9         | 49/500 [00:12<01:51,  4.06it/s]
 10%|#         | 50/500 [00:12<01:50,  4.05it/s]
 10%|#         | 51/500 [00:12<01:50,  4.06it/s]
 10%|#         | 52/500 [00:13<01:50,  4.05it/s]
 11%|#         | 53/500 [00:13<01:50,  4.05it/s]
 11%|#         | 54/500 [00:13<01:50,  4.04it/s]
 11%|#1        | 55/500 [00:13<01:50,  4.04it/s]
 11%|#1        | 56/500 [00:14<01:49,  4.04it/s]
 11%|#1        | 57/500 [00:14<01:49,  4.04it/s]
 12%|#1        | 58/500 [00:14<01:49,  4.04it/s]
 12%|#1        | 59/500 [00:15<02:18,  3.19it/s]
 12%|#2        | 60/500 [00:15<02:08,  3.42it/s]
 12%|#2        | 61/500 [00:15<02:02,  3.60it/s]
 12%|#2        | 62/500 [00:15<01:57,  3.73it/s]
 13%|#2        | 63/500 [00:16<01:53,  3.84it/s]
 13%|#2        | 64/500 [00:16<01:51,  3.90it/s]
 13%|#3        | 65/500 [00:16<01:50,  3.95it/s]
 13%|#3        | 66/500 [00:16<01:49,  3.97it/s]
 13%|#3        | 67/500 [00:17<01:47,  4.01it/s]
 14%|#3        | 68/500 [00:17<01:47,  4.03it/s]
 14%|#3        | 69/500 [00:17<01:46,  4.03it/s]
 14%|#4        | 70/500 [00:17<01:46,  4.02it/s]
 14%|#4        | 71/500 [00:18<01:46,  4.04it/s]
 14%|#4        | 72/500 [00:18<01:46,  4.02it/s]
 15%|#4        | 73/500 [00:18<01:46,  4.02it/s]
 15%|#4        | 74/500 [00:18<01:45,  4.03it/s]
 15%|#5        | 75/500 [00:19<01:45,  4.02it/s]
 15%|#5        | 76/500 [00:19<01:45,  4.02it/s]
 15%|#5        | 77/500 [00:19<01:45,  4.02it/s]
 16%|#5        | 78/500 [00:19<01:45,  4.02it/s]
 16%|#5        | 79/500 [00:20<01:44,  4.02it/s]
 16%|#6        | 80/500 [00:20<01:44,  4.03it/s]
 16%|#6        | 81/500 [00:20<01:44,  4.02it/s]
 16%|#6        | 82/500 [00:20<01:43,  4.03it/s]
 17%|#6        | 83/500 [00:21<01:43,  4.03it/s]
 17%|#6        | 84/500 [00:21<01:43,  4.03it/s]
 17%|#7        | 85/500 [00:21<01:42,  4.03it/s]
 17%|#7        | 86/500 [00:21<01:42,  4.03it/s]
 17%|#7        | 87/500 [00:22<01:42,  4.02it/s]
 18%|#7        | 88/500 [00:22<02:08,  3.21it/s]
 18%|#7        | 89/500 [00:22<01:59,  3.43it/s]
 18%|#8        | 90/500 [00:23<01:54,  3.59it/s]
 18%|#8        | 91/500 [00:23<01:49,  3.72it/s]
 18%|#8        | 92/500 [00:23<01:47,  3.81it/s]
 19%|#8        | 93/500 [00:23<01:45,  3.87it/s]
 19%|#8        | 94/500 [00:23<01:43,  3.92it/s]
 19%|#9        | 95/500 [00:24<01:42,  3.95it/s]
 19%|#9        | 96/500 [00:24<01:41,  3.98it/s]
 19%|#9        | 97/500 [00:24<01:40,  4.00it/s]
 20%|#9        | 98/500 [00:24<01:39,  4.03it/s]
 20%|#9        | 99/500 [00:25<01:38,  4.06it/s]
 20%|##        | 100/500 [00:25<01:38,  4.08it/s]
 20%|##        | 101/500 [00:25<01:37,  4.08it/s]
 20%|##        | 102/500 [00:25<01:37,  4.08it/s]
 21%|##        | 103/500 [00:26<01:37,  4.05it/s]
 21%|##        | 104/500 [00:26<01:37,  4.06it/s]
 21%|##1       | 105/500 [00:26<01:37,  4.05it/s]
 21%|##1       | 106/500 [00:26<01:37,  4.03it/s]
 21%|##1       | 107/500 [00:27<01:37,  4.02it/s]
 22%|##1       | 108/500 [00:27<01:37,  4.03it/s]
 22%|##1       | 109/500 [00:27<01:37,  4.02it/s]
 22%|##2       | 110/500 [00:27<01:36,  4.03it/s]
 22%|##2       | 111/500 [00:28<01:36,  4.04it/s]
 22%|##2       | 112/500 [00:28<01:36,  4.03it/s]
 23%|##2       | 113/500 [00:28<01:35,  4.04it/s]
 23%|##2       | 114/500 [00:28<01:35,  4.04it/s]
 23%|##3       | 115/500 [00:29<01:34,  4.05it/s]
 23%|##3       | 116/500 [00:29<01:34,  4.06it/s]
 23%|##3       | 117/500 [00:29<01:59,  3.20it/s]
 24%|##3       | 118/500 [00:30<01:51,  3.43it/s]
 24%|##3       | 119/500 [00:30<01:45,  3.60it/s]
 24%|##4       | 120/500 [00:30<01:41,  3.73it/s]
 24%|##4       | 121/500 [00:30<01:39,  3.82it/s]
 24%|##4       | 122/500 [00:31<01:36,  3.90it/s]
 25%|##4       | 123/500 [00:31<01:35,  3.95it/s]
 25%|##4       | 124/500 [00:31<01:34,  3.98it/s]
 25%|##5       | 125/500 [00:31<01:33,  4.00it/s]
 25%|##5       | 126/500 [00:32<01:32,  4.04it/s]
 25%|##5       | 127/500 [00:32<01:32,  4.04it/s]
 26%|##5       | 128/500 [00:32<01:31,  4.05it/s]
 26%|##5       | 129/500 [00:32<01:31,  4.04it/s]
 26%|##6       | 130/500 [00:33<01:31,  4.04it/s]
 26%|##6       | 131/500 [00:33<01:31,  4.04it/s]
 26%|##6       | 132/500 [00:33<01:31,  4.04it/s]
 27%|##6       | 133/500 [00:33<01:30,  4.05it/s]
 27%|##6       | 134/500 [00:34<01:30,  4.04it/s]
 27%|##7       | 135/500 [00:34<01:30,  4.03it/s]
 27%|##7       | 136/500 [00:34<01:30,  4.03it/s]
 27%|##7       | 137/500 [00:34<01:29,  4.05it/s]
 28%|##7       | 138/500 [00:35<01:29,  4.05it/s]
 28%|##7       | 139/500 [00:35<01:29,  4.05it/s]
 28%|##8       | 140/500 [00:35<01:28,  4.05it/s]
 28%|##8       | 141/500 [00:35<01:28,  4.07it/s]
 28%|##8       | 142/500 [00:36<01:27,  4.07it/s]
 29%|##8       | 143/500 [00:36<01:27,  4.07it/s]
 29%|##8       | 144/500 [00:36<01:27,  4.06it/s]
 29%|##9       | 145/500 [00:36<01:27,  4.07it/s]
 29%|##9       | 146/500 [00:37<01:51,  3.17it/s]
 29%|##9       | 147/500 [00:37<01:43,  3.42it/s]
 30%|##9       | 148/500 [00:37<01:38,  3.59it/s]
 30%|##9       | 149/500 [00:37<01:34,  3.72it/s]
 30%|###       | 150/500 [00:38<01:31,  3.84it/s]
 30%|###       | 151/500 [00:38<01:28,  3.93it/s]
 30%|###       | 152/500 [00:38<01:27,  3.97it/s]
 31%|###       | 153/500 [00:38<01:26,  4.01it/s]
 31%|###       | 154/500 [00:39<01:25,  4.02it/s]
 31%|###1      | 155/500 [00:39<01:25,  4.05it/s]
 31%|###1      | 156/500 [00:39<01:24,  4.07it/s]
 31%|###1      | 157/500 [00:39<01:24,  4.08it/s]
 32%|###1      | 158/500 [00:40<01:23,  4.09it/s]
 32%|###1      | 159/500 [00:40<01:23,  4.09it/s]
 32%|###2      | 160/500 [00:40<01:23,  4.08it/s]
 32%|###2      | 161/500 [00:40<01:23,  4.08it/s]
 32%|###2      | 162/500 [00:41<01:22,  4.07it/s]
 33%|###2      | 163/500 [00:41<01:22,  4.08it/s]
 33%|###2      | 164/500 [00:41<01:22,  4.07it/s]
 33%|###3      | 165/500 [00:41<01:22,  4.06it/s]
 33%|###3      | 166/500 [00:42<01:22,  4.06it/s]
 33%|###3      | 167/500 [00:42<01:21,  4.08it/s]
 34%|###3      | 168/500 [00:42<01:21,  4.08it/s]
 34%|###3      | 169/500 [00:42<01:21,  4.08it/s]
 34%|###4      | 170/500 [00:43<01:20,  4.08it/s]
 34%|###4      | 171/500 [00:43<01:20,  4.10it/s]
 34%|###4      | 172/500 [00:43<01:20,  4.09it/s]
 35%|###4      | 173/500 [00:43<01:19,  4.09it/s]
 35%|###4      | 174/500 [00:44<01:19,  4.08it/s]
 35%|###5      | 175/500 [00:44<01:40,  3.23it/s]
 35%|###5      | 176/500 [00:44<01:33,  3.45it/s]
 35%|###5      | 177/500 [00:45<01:29,  3.62it/s]
 36%|###5      | 178/500 [00:45<01:26,  3.73it/s]
 36%|###5      | 179/500 [00:45<01:23,  3.83it/s]
 36%|###6      | 180/500 [00:45<01:21,  3.91it/s]
 36%|###6      | 181/500 [00:46<01:20,  3.97it/s]
 36%|###6      | 182/500 [00:46<01:19,  4.01it/s]
 37%|###6      | 183/500 [00:46<01:18,  4.03it/s]
 37%|###6      | 184/500 [00:46<01:18,  4.03it/s]
 37%|###7      | 185/500 [00:47<01:17,  4.04it/s]
 37%|###7      | 186/500 [00:47<01:17,  4.03it/s]
 37%|###7      | 187/500 [00:47<01:17,  4.03it/s]
 38%|###7      | 188/500 [00:47<01:17,  4.02it/s]
 38%|###7      | 189/500 [00:48<01:16,  4.04it/s]
 38%|###8      | 190/500 [00:48<01:16,  4.04it/s]
 38%|###8      | 191/500 [00:48<01:16,  4.04it/s]
 38%|###8      | 192/500 [00:48<01:16,  4.04it/s]
 39%|###8      | 193/500 [00:49<01:15,  4.06it/s]
 39%|###8      | 194/500 [00:49<01:15,  4.04it/s]
 39%|###9      | 195/500 [00:49<01:15,  4.05it/s]
 39%|###9      | 196/500 [00:49<01:15,  4.05it/s]
 39%|###9      | 197/500 [00:49<01:14,  4.06it/s]
 40%|###9      | 198/500 [00:50<01:14,  4.04it/s]
 40%|###9      | 199/500 [00:50<01:14,  4.03it/s]
 40%|####      | 200/500 [00:50<01:14,  4.04it/s]
 40%|####      | 201/500 [00:50<01:13,  4.06it/s]
 40%|####      | 202/500 [00:51<01:13,  4.05it/s]
 41%|####      | 203/500 [00:51<01:13,  4.05it/s]
 41%|####      | 204/500 [00:51<01:32,  3.20it/s]
 41%|####1     | 205/500 [00:52<01:25,  3.43it/s]
 41%|####1     | 206/500 [00:52<01:21,  3.61it/s]
 41%|####1     | 207/500 [00:52<01:18,  3.75it/s]
 42%|####1     | 208/500 [00:52<01:15,  3.85it/s]
 42%|####1     | 209/500 [00:53<01:14,  3.92it/s]
 42%|####2     | 210/500 [00:53<01:13,  3.97it/s]
 42%|####2     | 211/500 [00:53<01:12,  4.01it/s]
 42%|####2     | 212/500 [00:53<01:11,  4.02it/s]
 43%|####2     | 213/500 [00:54<01:11,  4.02it/s]
 43%|####2     | 214/500 [00:54<01:11,  4.02it/s]
 43%|####3     | 215/500 [00:54<01:10,  4.03it/s]
 43%|####3     | 216/500 [00:54<01:10,  4.03it/s]
 43%|####3     | 217/500 [00:55<01:10,  4.03it/s]
 44%|####3     | 218/500 [00:55<01:09,  4.03it/s]
 44%|####3     | 219/500 [00:55<01:09,  4.05it/s]
 44%|####4     | 220/500 [00:55<01:09,  4.05it/s]
 44%|####4     | 221/500 [00:56<01:08,  4.05it/s]
 44%|####4     | 222/500 [00:56<01:08,  4.05it/s]
 45%|####4     | 223/500 [00:56<01:08,  4.04it/s]
 45%|####4     | 224/500 [00:56<01:08,  4.04it/s]
 45%|####5     | 225/500 [00:57<01:08,  4.04it/s]
 45%|####5     | 226/500 [00:57<01:07,  4.04it/s]
 45%|####5     | 227/500 [00:57<01:07,  4.03it/s]
 46%|####5     | 228/500 [00:57<01:07,  4.02it/s]
 46%|####5     | 229/500 [00:58<01:07,  4.02it/s]
 46%|####6     | 230/500 [00:58<01:06,  4.04it/s]
 46%|####6     | 231/500 [00:58<01:06,  4.05it/s]
 46%|####6     | 232/500 [00:58<01:06,  4.05it/s]
 47%|####6     | 233/500 [00:59<01:22,  3.23it/s]
 47%|####6     | 234/500 [00:59<01:16,  3.46it/s]
 47%|####6     | 235/500 [00:59<01:12,  3.63it/s]
 47%|####7     | 236/500 [01:00<01:10,  3.75it/s]
 47%|####7     | 237/500 [01:00<01:08,  3.85it/s]
 48%|####7     | 238/500 [01:00<01:06,  3.93it/s]
 48%|####7     | 239/500 [01:00<01:05,  3.96it/s]
 48%|####8     | 240/500 [01:01<01:05,  3.99it/s]
 48%|####8     | 241/500 [01:01<01:04,  4.04it/s]
 48%|####8     | 242/500 [01:01<01:03,  4.05it/s]
 49%|####8     | 243/500 [01:01<01:03,  4.04it/s]
 49%|####8     | 244/500 [01:01<01:03,  4.03it/s]
 49%|####9     | 245/500 [01:02<01:03,  4.04it/s]
 49%|####9     | 246/500 [01:02<01:03,  4.03it/s]
 49%|####9     | 247/500 [01:02<01:03,  4.01it/s]
 50%|####9     | 248/500 [01:02<01:02,  4.01it/s]
 50%|####9     | 249/500 [01:03<01:02,  4.02it/s]
 50%|#####     | 250/500 [01:03<01:02,  4.00it/s]
 50%|#####     | 251/500 [01:03<01:02,  3.99it/s]
 50%|#####     | 252/500 [01:03<01:01,  4.01it/s]
 51%|#####     | 253/500 [01:04<01:01,  4.01it/s]
 51%|#####     | 254/500 [01:04<01:01,  4.03it/s]
 51%|#####1    | 255/500 [01:04<01:00,  4.04it/s]
 51%|#####1    | 256/500 [01:04<01:00,  4.05it/s]
 51%|#####1    | 257/500 [01:05<01:00,  4.05it/s]
 52%|#####1    | 258/500 [01:05<00:59,  4.06it/s]
 52%|#####1    | 259/500 [01:05<00:59,  4.05it/s]
 52%|#####2    | 260/500 [01:05<00:59,  4.06it/s]
 52%|#####2    | 261/500 [01:06<00:59,  4.05it/s]
 52%|#####2    | 262/500 [01:06<01:14,  3.20it/s]
 53%|#####2    | 263/500 [01:06<01:09,  3.42it/s]
 53%|#####2    | 264/500 [01:07<01:05,  3.59it/s]
 53%|#####3    | 265/500 [01:07<01:03,  3.72it/s]
 53%|#####3    | 266/500 [01:07<01:01,  3.82it/s]
 53%|#####3    | 267/500 [01:07<01:00,  3.88it/s]
 54%|#####3    | 268/500 [01:08<00:58,  3.94it/s]
 54%|#####3    | 269/500 [01:08<00:58,  3.97it/s]
 54%|#####4    | 270/500 [01:08<00:57,  4.00it/s]
 54%|#####4    | 271/500 [01:08<00:57,  4.01it/s]
 54%|#####4    | 272/500 [01:09<00:56,  4.00it/s]
 55%|#####4    | 273/500 [01:09<00:56,  4.00it/s]
 55%|#####4    | 274/500 [01:09<00:56,  4.02it/s]
 55%|#####5    | 275/500 [01:09<00:56,  4.01it/s]
 55%|#####5    | 276/500 [01:10<00:55,  4.02it/s]
 55%|#####5    | 277/500 [01:10<00:55,  4.02it/s]
 56%|#####5    | 278/500 [01:10<00:54,  4.04it/s]
 56%|#####5    | 279/500 [01:10<00:54,  4.03it/s]
 56%|#####6    | 280/500 [01:11<00:54,  4.03it/s]
 56%|#####6    | 281/500 [01:11<00:54,  4.02it/s]
 56%|#####6    | 282/500 [01:11<00:54,  4.02it/s]
 57%|#####6    | 283/500 [01:11<00:54,  4.02it/s]
 57%|#####6    | 284/500 [01:12<00:53,  4.01it/s]
 57%|#####6    | 285/500 [01:12<00:53,  4.04it/s]
 57%|#####7    | 286/500 [01:12<00:52,  4.04it/s]
 57%|#####7    | 287/500 [01:12<00:52,  4.06it/s]
 58%|#####7    | 288/500 [01:13<00:52,  4.07it/s]
 58%|#####7    | 289/500 [01:13<00:51,  4.09it/s]
 58%|#####8    | 290/500 [01:13<00:51,  4.09it/s]
 58%|#####8    | 291/500 [01:14<01:04,  3.24it/s]
 58%|#####8    | 292/500 [01:14<00:59,  3.47it/s]
 59%|#####8    | 293/500 [01:14<00:56,  3.64it/s]
 59%|#####8    | 294/500 [01:14<00:54,  3.75it/s]
 59%|#####8    | 295/500 [01:15<00:53,  3.83it/s]
 59%|#####9    | 296/500 [01:15<00:52,  3.90it/s]
 59%|#####9    | 297/500 [01:15<00:51,  3.91it/s]
 60%|#####9    | 298/500 [01:15<00:51,  3.93it/s]
 60%|#####9    | 299/500 [01:16<00:50,  3.96it/s]
 60%|######    | 300/500 [01:16<00:50,  3.99it/s]
 60%|######    | 301/500 [01:16<00:49,  4.00it/s]
 60%|######    | 302/500 [01:16<00:49,  4.01it/s]
 61%|######    | 303/500 [01:17<00:49,  4.01it/s]
 61%|######    | 304/500 [01:17<00:48,  4.01it/s]
 61%|######1   | 305/500 [01:17<00:48,  4.02it/s]
 61%|######1   | 306/500 [01:17<00:48,  4.02it/s]
 61%|######1   | 307/500 [01:18<00:47,  4.03it/s]
 62%|######1   | 308/500 [01:18<00:47,  4.03it/s]
 62%|######1   | 309/500 [01:18<00:47,  4.03it/s]
 62%|######2   | 310/500 [01:18<00:47,  4.01it/s]
 62%|######2   | 311/500 [01:19<00:47,  4.02it/s]
 62%|######2   | 312/500 [01:19<00:46,  4.01it/s]
 63%|######2   | 313/500 [01:19<00:46,  4.01it/s]
 63%|######2   | 314/500 [01:19<00:46,  4.02it/s]
 63%|######3   | 315/500 [01:20<00:46,  4.02it/s]
 63%|######3   | 316/500 [01:20<00:45,  4.02it/s]
 63%|######3   | 317/500 [01:20<00:45,  4.03it/s]
 64%|######3   | 318/500 [01:20<00:45,  4.03it/s]
 64%|######3   | 319/500 [01:20<00:44,  4.03it/s]
 64%|######4   | 320/500 [01:21<00:56,  3.20it/s]
 64%|######4   | 321/500 [01:21<00:52,  3.43it/s]
 64%|######4   | 322/500 [01:21<00:49,  3.61it/s]
 65%|######4   | 323/500 [01:22<00:47,  3.75it/s]
 65%|######4   | 324/500 [01:22<00:46,  3.82it/s]
 65%|######5   | 325/500 [01:22<00:45,  3.89it/s]
 65%|######5   | 326/500 [01:22<00:44,  3.92it/s]
 65%|######5   | 327/500 [01:23<00:43,  3.95it/s]
 66%|######5   | 328/500 [01:23<00:43,  3.97it/s]
 66%|######5   | 329/500 [01:23<00:42,  3.99it/s]
 66%|######6   | 330/500 [01:23<00:42,  3.99it/s]
 66%|######6   | 331/500 [01:24<00:42,  4.00it/s]
 66%|######6   | 332/500 [01:24<00:41,  4.00it/s]
 67%|######6   | 333/500 [01:24<00:41,  4.02it/s]
 67%|######6   | 334/500 [01:24<00:41,  4.01it/s]
 67%|######7   | 335/500 [01:25<00:41,  4.01it/s]
 67%|######7   | 336/500 [01:25<00:40,  4.00it/s]
 67%|######7   | 337/500 [01:25<00:40,  4.02it/s]
 68%|######7   | 338/500 [01:25<00:40,  4.02it/s]
 68%|######7   | 339/500 [01:26<00:40,  4.01it/s]
 68%|######8   | 340/500 [01:26<00:39,  4.02it/s]
 68%|######8   | 341/500 [01:26<00:39,  4.03it/s]
 68%|######8   | 342/500 [01:26<00:39,  4.03it/s]
 69%|######8   | 343/500 [01:27<00:38,  4.03it/s]
 69%|######8   | 344/500 [01:27<00:38,  4.03it/s]
 69%|######9   | 345/500 [01:27<00:38,  4.03it/s]
 69%|######9   | 346/500 [01:27<00:38,  4.04it/s]
 69%|######9   | 347/500 [01:28<00:37,  4.03it/s]
 70%|######9   | 348/500 [01:28<00:37,  4.04it/s]
 70%|######9   | 349/500 [01:28<00:47,  3.19it/s]
 70%|#######   | 350/500 [01:29<00:44,  3.40it/s]
 70%|#######   | 351/500 [01:29<00:41,  3.59it/s]
 70%|#######   | 352/500 [01:29<00:39,  3.71it/s]
 71%|#######   | 353/500 [01:29<00:38,  3.81it/s]
 71%|#######   | 354/500 [01:30<00:37,  3.89it/s]
 71%|#######1  | 355/500 [01:30<00:36,  3.96it/s]
 71%|#######1  | 356/500 [01:30<00:36,  3.99it/s]
 71%|#######1  | 357/500 [01:30<00:35,  4.01it/s]
 72%|#######1  | 358/500 [01:31<00:35,  4.02it/s]
 72%|#######1  | 359/500 [01:31<00:34,  4.03it/s]
 72%|#######2  | 360/500 [01:31<00:34,  4.04it/s]
 72%|#######2  | 361/500 [01:31<00:34,  4.05it/s]
 72%|#######2  | 362/500 [01:32<00:33,  4.06it/s]
 73%|#######2  | 363/500 [01:32<00:33,  4.07it/s]
 73%|#######2  | 364/500 [01:32<00:33,  4.06it/s]
 73%|#######3  | 365/500 [01:32<00:33,  4.06it/s]
 73%|#######3  | 366/500 [01:33<00:32,  4.07it/s]
 73%|#######3  | 367/500 [01:33<00:32,  4.08it/s]
 74%|#######3  | 368/500 [01:33<00:32,  4.09it/s]
 74%|#######3  | 369/500 [01:33<00:31,  4.09it/s]
 74%|#######4  | 370/500 [01:34<00:31,  4.11it/s]
 74%|#######4  | 371/500 [01:34<00:31,  4.10it/s]
 74%|#######4  | 372/500 [01:34<00:31,  4.08it/s]
 75%|#######4  | 373/500 [01:34<00:31,  4.08it/s]
 75%|#######4  | 374/500 [01:34<00:30,  4.10it/s]
 75%|#######5  | 375/500 [01:35<00:30,  4.11it/s]
 75%|#######5  | 376/500 [01:35<00:30,  4.11it/s]
 75%|#######5  | 377/500 [01:35<00:29,  4.10it/s]
 76%|#######5  | 378/500 [01:36<00:37,  3.22it/s]
 76%|#######5  | 379/500 [01:36<00:35,  3.44it/s]
 76%|#######6  | 380/500 [01:36<00:33,  3.61it/s]
 76%|#######6  | 381/500 [01:36<00:31,  3.75it/s]
 76%|#######6  | 382/500 [01:37<00:30,  3.85it/s]
 77%|#######6  | 383/500 [01:37<00:29,  3.92it/s]
 77%|#######6  | 384/500 [01:37<00:29,  3.97it/s]
 77%|#######7  | 385/500 [01:37<00:28,  4.01it/s]
 77%|#######7  | 386/500 [01:38<00:28,  4.04it/s]
 77%|#######7  | 387/500 [01:38<00:27,  4.06it/s]
 78%|#######7  | 388/500 [01:38<00:27,  4.07it/s]
 78%|#######7  | 389/500 [01:38<00:27,  4.06it/s]
 78%|#######8  | 390/500 [01:39<00:27,  4.05it/s]
 78%|#######8  | 391/500 [01:39<00:26,  4.04it/s]
 78%|#######8  | 392/500 [01:39<00:26,  4.09it/s]
 79%|#######8  | 393/500 [01:39<00:26,  4.09it/s]
 79%|#######8  | 394/500 [01:40<00:25,  4.10it/s]
 79%|#######9  | 395/500 [01:40<00:25,  4.11it/s]
 79%|#######9  | 396/500 [01:40<00:25,  4.12it/s]
 79%|#######9  | 397/500 [01:40<00:25,  4.11it/s]
 80%|#######9  | 398/500 [01:41<00:24,  4.11it/s]
 80%|#######9  | 399/500 [01:41<00:24,  4.11it/s]
 80%|########  | 400/500 [01:41<00:24,  4.10it/s]
 80%|########  | 401/500 [01:41<00:24,  4.10it/s]
 80%|########  | 402/500 [01:42<00:24,  4.08it/s]
 81%|########  | 403/500 [01:42<00:23,  4.08it/s]
 81%|########  | 404/500 [01:42<00:23,  4.08it/s]
 81%|########1 | 405/500 [01:42<00:23,  4.07it/s]
 81%|########1 | 406/500 [01:43<00:23,  4.07it/s]
 81%|########1 | 407/500 [01:43<00:28,  3.23it/s]
 82%|########1 | 408/500 [01:43<00:26,  3.46it/s]
 82%|########1 | 409/500 [01:43<00:25,  3.63it/s]
 82%|########2 | 410/500 [01:44<00:23,  3.77it/s]
 82%|########2 | 411/500 [01:44<00:23,  3.85it/s]
 82%|########2 | 412/500 [01:44<00:22,  3.91it/s]
 83%|########2 | 413/500 [01:44<00:22,  3.95it/s]
 83%|########2 | 414/500 [01:45<00:21,  4.00it/s]
 83%|########2 | 415/500 [01:45<00:21,  4.01it/s]
 83%|########3 | 416/500 [01:45<00:20,  4.03it/s]
 83%|########3 | 417/500 [01:45<00:20,  4.04it/s]
 84%|########3 | 418/500 [01:46<00:20,  4.05it/s]
 84%|########3 | 419/500 [01:46<00:20,  4.05it/s]
 84%|########4 | 420/500 [01:46<00:19,  4.04it/s]
 84%|########4 | 421/500 [01:46<00:19,  4.04it/s]
 84%|########4 | 422/500 [01:47<00:19,  4.04it/s]
 85%|########4 | 423/500 [01:47<00:19,  4.03it/s]
 85%|########4 | 424/500 [01:47<00:18,  4.03it/s]
 85%|########5 | 425/500 [01:47<00:18,  4.04it/s]
 85%|########5 | 426/500 [01:48<00:18,  4.03it/s]
 85%|########5 | 427/500 [01:48<00:18,  4.04it/s]
 86%|########5 | 428/500 [01:48<00:17,  4.03it/s]
 86%|########5 | 429/500 [01:48<00:17,  4.05it/s]
 86%|########6 | 430/500 [01:49<00:17,  4.04it/s]
 86%|########6 | 431/500 [01:49<00:17,  4.03it/s]
 86%|########6 | 432/500 [01:49<00:16,  4.04it/s]
 87%|########6 | 433/500 [01:49<00:16,  4.05it/s]
 87%|########6 | 434/500 [01:50<00:16,  4.05it/s]
 87%|########7 | 435/500 [01:50<00:16,  4.06it/s]
 87%|########7 | 436/500 [01:50<00:19,  3.23it/s]
 87%|########7 | 437/500 [01:51<00:18,  3.45it/s]
 88%|########7 | 438/500 [01:51<00:17,  3.61it/s]
 88%|########7 | 439/500 [01:51<00:16,  3.75it/s]
 88%|########8 | 440/500 [01:51<00:15,  3.84it/s]
 88%|########8 | 441/500 [01:52<00:15,  3.89it/s]
 88%|########8 | 442/500 [01:52<00:14,  3.94it/s]
 89%|########8 | 443/500 [01:52<00:14,  3.97it/s]
 89%|########8 | 444/500 [01:52<00:14,  3.98it/s]
 89%|########9 | 445/500 [01:53<00:13,  4.00it/s]
 89%|########9 | 446/500 [01:53<00:13,  4.01it/s]
 89%|########9 | 447/500 [01:53<00:13,  4.02it/s]
 90%|########9 | 448/500 [01:53<00:12,  4.03it/s]
 90%|########9 | 449/500 [01:54<00:12,  4.02it/s]
 90%|######### | 450/500 [01:54<00:12,  4.02it/s]
 90%|######### | 451/500 [01:54<00:12,  4.01it/s]
 90%|######### | 452/500 [01:54<00:11,  4.01it/s]
 91%|######### | 453/500 [01:55<00:11,  4.01it/s]
 91%|######### | 454/500 [01:55<00:11,  4.01it/s]
 91%|#########1| 455/500 [01:55<00:11,  4.02it/s]
 91%|#########1| 456/500 [01:55<00:10,  4.02it/s]
 91%|#########1| 457/500 [01:56<00:10,  4.03it/s]
 92%|#########1| 458/500 [01:56<00:10,  4.04it/s]
 92%|#########1| 459/500 [01:56<00:10,  4.06it/s]
 92%|#########2| 460/500 [01:56<00:09,  4.07it/s]
 92%|#########2| 461/500 [01:57<00:09,  4.08it/s]
 92%|#########2| 462/500 [01:57<00:09,  4.10it/s]
 93%|#########2| 463/500 [01:57<00:09,  4.09it/s]
 93%|#########2| 464/500 [01:57<00:08,  4.08it/s]
 93%|#########3| 465/500 [01:58<00:10,  3.25it/s]
 93%|#########3| 466/500 [01:58<00:09,  3.46it/s]
 93%|#########3| 467/500 [01:58<00:09,  3.61it/s]
 94%|#########3| 468/500 [01:58<00:08,  3.72it/s]
 94%|#########3| 469/500 [01:59<00:08,  3.81it/s]
 94%|#########3| 470/500 [01:59<00:07,  3.87it/s]
 94%|#########4| 471/500 [01:59<00:07,  3.92it/s]
 94%|#########4| 472/500 [01:59<00:07,  3.97it/s]
 95%|#########4| 473/500 [02:00<00:06,  4.01it/s]
 95%|#########4| 474/500 [02:00<00:06,  4.02it/s]
 95%|#########5| 475/500 [02:00<00:06,  4.03it/s]
 95%|#########5| 476/500 [02:00<00:05,  4.04it/s]
 95%|#########5| 477/500 [02:01<00:05,  4.04it/s]
 96%|#########5| 478/500 [02:01<00:05,  4.02it/s]
 96%|#########5| 479/500 [02:01<00:05,  4.06it/s]
 96%|#########6| 480/500 [02:01<00:04,  4.07it/s]
 96%|#########6| 481/500 [02:02<00:04,  4.07it/s]
 96%|#########6| 482/500 [02:02<00:04,  4.06it/s]
 97%|#########6| 483/500 [02:02<00:04,  4.06it/s]
 97%|#########6| 484/500 [02:02<00:03,  4.07it/s]
 97%|#########7| 485/500 [02:03<00:03,  4.06it/s]
 97%|#########7| 486/500 [02:03<00:03,  4.03it/s]
 97%|#########7| 487/500 [02:03<00:03,  4.04it/s]
 98%|#########7| 488/500 [02:03<00:02,  4.03it/s]
 98%|#########7| 489/500 [02:04<00:02,  4.02it/s]
 98%|#########8| 490/500 [02:04<00:02,  4.02it/s]
 98%|#########8| 491/500 [02:04<00:02,  4.03it/s]
 98%|#########8| 492/500 [02:04<00:01,  4.03it/s]
 99%|#########8| 493/500 [02:05<00:01,  4.03it/s]
 99%|#########8| 494/500 [02:05<00:01,  3.21it/s]
 99%|#########9| 495/500 [02:05<00:01,  3.44it/s]
 99%|#########9| 496/500 [02:06<00:01,  3.61it/s]
 99%|#########9| 497/500 [02:06<00:00,  3.72it/s]
100%|#########9| 498/500 [02:06<00:00,  3.81it/s]
100%|#########9| 499/500 [02:06<00:00,  3.87it/s]
100%|##########| 500/500 [02:07<00:00,  3.91it/s]
100%|##########| 500/500 [02:07<00:00,  3.93it/s]
Train Epoch 49
{
    "Loss": 0.006284113454632461,
    "Optimizer/policy0_lr": 0.00010000000000000003,
    "Policy_Grad_Norms": 0.030071839531750928,
    "Time_Data_Loading": 0.09536686738332113,
    "Time_Epoch": 2.1188424626986184,
    "Time_Log_Info": 0.024585457642873128,
    "Time_Process_Batch": 0.7362724224726359,
    "Time_Train_Batch": 1.2358368198076883
}

Epoch 49 Memory Usage: 2298 MB


  0%|          | 0/500 [00:00<?, ?it/s]
  0%|          | 1/500 [00:00<03:05,  2.69it/s]
  0%|          | 2/500 [00:00<02:27,  3.38it/s]
  1%|          | 3/500 [00:00<02:15,  3.67it/s]
  1%|          | 4/500 [00:01<02:10,  3.80it/s]
  1%|1         | 5/500 [00:01<02:07,  3.88it/s]
  1%|1         | 6/500 [00:01<02:05,  3.93it/s]
  1%|1         | 7/500 [00:01<02:04,  3.96it/s]
  2%|1         | 8/500 [00:02<02:03,  3.98it/s]
  2%|1         | 9/500 [00:02<02:02,  4.00it/s]
  2%|2         | 10/500 [00:02<02:02,  4.00it/s]
  2%|2         | 11/500 [00:02<02:02,  4.00it/s]
  2%|2         | 12/500 [00:03<02:01,  4.03it/s]
  3%|2         | 13/500 [00:03<02:00,  4.03it/s]
  3%|2         | 14/500 [00:03<02:00,  4.03it/s]
  3%|3         | 15/500 [00:03<02:00,  4.04it/s]
  3%|3         | 16/500 [00:04<01:59,  4.05it/s]
  3%|3         | 17/500 [00:04<01:59,  4.04it/s]
  4%|3         | 18/500 [00:04<01:58,  4.06it/s]
  4%|3         | 19/500 [00:04<01:58,  4.05it/s]
  4%|4         | 20/500 [00:05<01:58,  4.05it/s]
  4%|4         | 21/500 [00:05<01:58,  4.04it/s]
  4%|4         | 22/500 [00:05<01:58,  4.02it/s]
  5%|4         | 23/500 [00:05<01:58,  4.02it/s]
  5%|4         | 24/500 [00:06<01:58,  4.00it/s]
  5%|5         | 25/500 [00:06<01:58,  4.00it/s]
  5%|5         | 26/500 [00:06<01:58,  4.01it/s]
  5%|5         | 27/500 [00:06<01:57,  4.03it/s]
  6%|5         | 28/500 [00:07<01:57,  4.02it/s]
  6%|5         | 29/500 [00:07<01:56,  4.03it/s]
  6%|6         | 30/500 [00:07<02:25,  3.23it/s]
  6%|6         | 31/500 [00:08<02:15,  3.45it/s]
  6%|6         | 32/500 [00:08<02:09,  3.61it/s]
  7%|6         | 33/500 [00:08<02:05,  3.72it/s]
  7%|6         | 34/500 [00:08<02:01,  3.82it/s]
  7%|7         | 35/500 [00:08<02:00,  3.87it/s]
  7%|7         | 36/500 [00:09<01:58,  3.90it/s]
  7%|7         | 37/500 [00:09<01:57,  3.93it/s]
  8%|7         | 38/500 [00:09<01:56,  3.95it/s]
  8%|7         | 39/500 [00:10<01:56,  3.96it/s]
  8%|8         | 40/500 [00:10<01:55,  3.98it/s]
  8%|8         | 41/500 [00:10<01:54,  4.00it/s]
  8%|8         | 42/500 [00:10<01:54,  4.00it/s]
  9%|8         | 43/500 [00:10<01:53,  4.01it/s]
  9%|8         | 44/500 [00:11<01:53,  4.01it/s]
  9%|9         | 45/500 [00:11<01:53,  4.02it/s]
  9%|9         | 46/500 [00:11<01:53,  4.01it/s]
  9%|9         | 47/500 [00:11<01:53,  4.01it/s]
 10%|9         | 48/500 [00:12<01:52,  4.02it/s]
 10%|9         | 49/500 [00:12<01:52,  4.02it/s]
 10%|#         | 50/500 [00:12<01:51,  4.02it/s]
 10%|#         | 51/500 [00:12<01:51,  4.02it/s]
 10%|#         | 52/500 [00:13<01:51,  4.01it/s]
 11%|#         | 53/500 [00:13<01:51,  4.01it/s]
 11%|#         | 54/500 [00:13<01:50,  4.03it/s]
 11%|#1        | 55/500 [00:13<01:49,  4.07it/s]
 11%|#1        | 56/500 [00:14<01:48,  4.10it/s]
 11%|#1        | 57/500 [00:14<01:48,  4.09it/s]
 12%|#1        | 58/500 [00:14<01:48,  4.08it/s]
 12%|#1        | 59/500 [00:15<02:17,  3.22it/s]
 12%|#2        | 60/500 [00:15<02:08,  3.43it/s]
 12%|#2        | 61/500 [00:15<02:01,  3.60it/s]
 12%|#2        | 62/500 [00:15<01:57,  3.74it/s]
 13%|#2        | 63/500 [00:16<01:53,  3.84it/s]
 13%|#2        | 64/500 [00:16<01:51,  3.91it/s]
 13%|#3        | 65/500 [00:16<01:49,  3.96it/s]
 13%|#3        | 66/500 [00:16<01:48,  4.00it/s]
 13%|#3        | 67/500 [00:17<01:47,  4.03it/s]
 14%|#3        | 68/500 [00:17<01:46,  4.05it/s]
 14%|#3        | 69/500 [00:17<01:46,  4.05it/s]
 14%|#4        | 70/500 [00:17<01:46,  4.05it/s]
 14%|#4        | 71/500 [00:18<01:45,  4.07it/s]
 14%|#4        | 72/500 [00:18<01:45,  4.07it/s]
 15%|#4        | 73/500 [00:18<01:44,  4.07it/s]
 15%|#4        | 74/500 [00:18<01:44,  4.08it/s]
 15%|#5        | 75/500 [00:19<01:44,  4.08it/s]
 15%|#5        | 76/500 [00:19<01:44,  4.08it/s]
 15%|#5        | 77/500 [00:19<01:44,  4.06it/s]
 16%|#5        | 78/500 [00:19<01:43,  4.08it/s]
 16%|#5        | 79/500 [00:20<01:43,  4.07it/s]
 16%|#6        | 80/500 [00:20<01:43,  4.06it/s]
 16%|#6        | 81/500 [00:20<01:43,  4.06it/s]
 16%|#6        | 82/500 [00:20<01:42,  4.08it/s]
 17%|#6        | 83/500 [00:21<01:42,  4.09it/s]
 17%|#6        | 84/500 [00:21<01:41,  4.10it/s]
 17%|#7        | 85/500 [00:21<01:41,  4.10it/s]
 17%|#7        | 86/500 [00:21<01:40,  4.13it/s]
 17%|#7        | 87/500 [00:22<01:40,  4.11it/s]
 18%|#7        | 88/500 [00:22<02:07,  3.24it/s]
 18%|#7        | 89/500 [00:22<01:58,  3.48it/s]
 18%|#8        | 90/500 [00:22<01:52,  3.64it/s]
 18%|#8        | 91/500 [00:23<01:49,  3.75it/s]
 18%|#8        | 92/500 [00:23<01:46,  3.84it/s]
 19%|#8        | 93/500 [00:23<01:44,  3.90it/s]
 19%|#8        | 94/500 [00:23<01:42,  3.96it/s]
 19%|#9        | 95/500 [00:24<01:42,  3.97it/s]
 19%|#9        | 96/500 [00:24<01:40,  4.00it/s]
 19%|#9        | 97/500 [00:24<01:40,  4.02it/s]
 20%|#9        | 98/500 [00:24<01:40,  4.01it/s]
 20%|#9        | 99/500 [00:25<01:39,  4.02it/s]
 20%|##        | 100/500 [00:25<01:39,  4.04it/s]
 20%|##        | 101/500 [00:25<01:38,  4.04it/s]
 20%|##        | 102/500 [00:25<01:38,  4.04it/s]
 21%|##        | 103/500 [00:26<01:38,  4.05it/s]
 21%|##        | 104/500 [00:26<01:37,  4.06it/s]
 21%|##1       | 105/500 [00:26<01:37,  4.06it/s]
 21%|##1       | 106/500 [00:26<01:37,  4.06it/s]
 21%|##1       | 107/500 [00:27<01:37,  4.04it/s]
 22%|##1       | 108/500 [00:27<01:37,  4.03it/s]
 22%|##1       | 109/500 [00:27<01:37,  4.01it/s]
 22%|##2       | 110/500 [00:27<01:37,  4.01it/s]
 22%|##2       | 111/500 [00:28<01:36,  4.02it/s]
 22%|##2       | 112/500 [00:28<01:36,  4.01it/s]
 23%|##2       | 113/500 [00:28<01:36,  4.03it/s]
 23%|##2       | 114/500 [00:28<01:35,  4.04it/s]
 23%|##3       | 115/500 [00:29<01:35,  4.05it/s]
 23%|##3       | 116/500 [00:29<01:34,  4.05it/s]
 23%|##3       | 117/500 [00:29<01:59,  3.21it/s]
 24%|##3       | 118/500 [00:30<01:50,  3.44it/s]
 24%|##3       | 119/500 [00:30<01:45,  3.61it/s]
 24%|##4       | 120/500 [00:30<01:41,  3.74it/s]
 24%|##4       | 121/500 [00:30<01:38,  3.83it/s]
 24%|##4       | 122/500 [00:31<01:36,  3.91it/s]
 25%|##4       | 123/500 [00:31<01:35,  3.95it/s]
 25%|##4       | 124/500 [00:31<01:34,  3.98it/s]
 25%|##5       | 125/500 [00:31<01:33,  3.99it/s]
 25%|##5       | 126/500 [00:32<01:33,  4.01it/s]
 25%|##5       | 127/500 [00:32<01:32,  4.01it/s]
 26%|##5       | 128/500 [00:32<01:32,  4.01it/s]
 26%|##5       | 129/500 [00:32<01:31,  4.04it/s]
 26%|##6       | 130/500 [00:33<01:31,  4.05it/s]
 26%|##6       | 131/500 [00:33<01:31,  4.05it/s]
 26%|##6       | 132/500 [00:33<01:30,  4.05it/s]
 27%|##6       | 133/500 [00:33<01:30,  4.06it/s]
 27%|##6       | 134/500 [00:34<01:30,  4.05it/s]
 27%|##7       | 135/500 [00:34<01:30,  4.03it/s]
 27%|##7       | 136/500 [00:34<01:30,  4.02it/s]
 27%|##7       | 137/500 [00:34<01:30,  4.03it/s]
 28%|##7       | 138/500 [00:35<01:29,  4.03it/s]
 28%|##7       | 139/500 [00:35<01:29,  4.03it/s]
 28%|##8       | 140/500 [00:35<01:29,  4.03it/s]
 28%|##8       | 141/500 [00:35<01:29,  4.03it/s]
 28%|##8       | 142/500 [00:36<01:28,  4.04it/s]
 29%|##8       | 143/500 [00:36<01:28,  4.05it/s]
 29%|##8       | 144/500 [00:36<01:27,  4.06it/s]
 29%|##9       | 145/500 [00:36<01:27,  4.06it/s]
 29%|##9       | 146/500 [00:37<01:50,  3.21it/s]
 29%|##9       | 147/500 [00:37<01:42,  3.45it/s]
 30%|##9       | 148/500 [00:37<01:37,  3.62it/s]
 30%|##9       | 149/500 [00:37<01:33,  3.74it/s]
 30%|###       | 150/500 [00:38<01:31,  3.83it/s]
 30%|###       | 151/500 [00:38<01:29,  3.90it/s]
 30%|###       | 152/500 [00:38<01:28,  3.94it/s]
 31%|###       | 153/500 [00:38<01:27,  3.96it/s]
 31%|###       | 154/500 [00:39<01:26,  3.99it/s]
 31%|###1      | 155/500 [00:39<01:25,  4.02it/s]
 31%|###1      | 156/500 [00:39<01:25,  4.03it/s]
 31%|###1      | 157/500 [00:39<01:24,  4.04it/s]
 32%|###1      | 158/500 [00:40<01:24,  4.04it/s]
 32%|###1      | 159/500 [00:40<01:24,  4.04it/s]
 32%|###2      | 160/500 [00:40<01:24,  4.04it/s]
 32%|###2      | 161/500 [00:40<01:23,  4.04it/s]
 32%|###2      | 162/500 [00:41<01:23,  4.05it/s]
 33%|###2      | 163/500 [00:41<01:23,  4.05it/s]
 33%|###2      | 164/500 [00:41<01:23,  4.04it/s]
 33%|###3      | 165/500 [00:41<01:22,  4.04it/s]
 33%|###3      | 166/500 [00:42<01:22,  4.05it/s]
 33%|###3      | 167/500 [00:42<01:22,  4.04it/s]
 34%|###3      | 168/500 [00:42<01:22,  4.04it/s]
 34%|###3      | 169/500 [00:42<01:21,  4.05it/s]
 34%|###4      | 170/500 [00:43<01:21,  4.03it/s]
 34%|###4      | 171/500 [00:43<01:21,  4.04it/s]
 34%|###4      | 172/500 [00:43<01:21,  4.05it/s]
 35%|###4      | 173/500 [00:43<01:20,  4.06it/s]
 35%|###4      | 174/500 [00:44<01:20,  4.06it/s]
 35%|###5      | 175/500 [00:44<01:40,  3.23it/s]
 35%|###5      | 176/500 [00:44<01:33,  3.46it/s]
 35%|###5      | 177/500 [00:45<01:28,  3.63it/s]
 36%|###5      | 178/500 [00:45<01:25,  3.76it/s]
 36%|###5      | 179/500 [00:45<01:23,  3.86it/s]
 36%|###6      | 180/500 [00:45<01:21,  3.94it/s]
 36%|###6      | 181/500 [00:46<01:19,  3.99it/s]
 36%|###6      | 182/500 [00:46<01:19,  4.02it/s]
 37%|###6      | 183/500 [00:46<01:18,  4.04it/s]
 37%|###6      | 184/500 [00:46<01:18,  4.04it/s]
 37%|###7      | 185/500 [00:47<01:17,  4.05it/s]
 37%|###7      | 186/500 [00:47<01:17,  4.04it/s]
 37%|###7      | 187/500 [00:47<01:17,  4.04it/s]
 38%|###7      | 188/500 [00:47<01:16,  4.08it/s]
 38%|###7      | 189/500 [00:48<01:16,  4.07it/s]
 38%|###8      | 190/500 [00:48<01:16,  4.06it/s]
 38%|###8      | 191/500 [00:48<01:16,  4.06it/s]
 38%|###8      | 192/500 [00:48<01:15,  4.06it/s]
 39%|###8      | 193/500 [00:49<01:15,  4.05it/s]
 39%|###8      | 194/500 [00:49<01:15,  4.06it/s]
 39%|###9      | 195/500 [00:49<01:14,  4.07it/s]
 39%|###9      | 196/500 [00:49<01:14,  4.06it/s]
 39%|###9      | 197/500 [00:49<01:14,  4.06it/s]
 40%|###9      | 198/500 [00:50<01:14,  4.04it/s]
 40%|###9      | 199/500 [00:50<01:14,  4.06it/s]
 40%|####      | 200/500 [00:50<01:13,  4.06it/s]
 40%|####      | 201/500 [00:50<01:13,  4.06it/s]
 40%|####      | 202/500 [00:51<01:13,  4.06it/s]
 41%|####      | 203/500 [00:51<01:12,  4.08it/s]
 41%|####      | 204/500 [00:51<01:32,  3.21it/s]
 41%|####1     | 205/500 [00:52<01:26,  3.42it/s]
 41%|####1     | 206/500 [00:52<01:21,  3.60it/s]
 41%|####1     | 207/500 [00:52<01:18,  3.71it/s]
 42%|####1     | 208/500 [00:52<01:16,  3.80it/s]
 42%|####1     | 209/500 [00:53<01:15,  3.85it/s]
 42%|####2     | 210/500 [00:53<01:13,  3.93it/s]
 42%|####2     | 211/500 [00:53<01:13,  3.96it/s]
 42%|####2     | 212/500 [00:53<01:12,  3.97it/s]
 43%|####2     | 213/500 [00:54<01:11,  4.01it/s]
 43%|####2     | 214/500 [00:54<01:11,  4.02it/s]
 43%|####3     | 215/500 [00:54<01:10,  4.02it/s]
 43%|####3     | 216/500 [00:54<01:10,  4.01it/s]
 43%|####3     | 217/500 [00:55<01:10,  4.01it/s]
 44%|####3     | 218/500 [00:55<01:10,  3.99it/s]
 44%|####3     | 219/500 [00:55<01:10,  3.99it/s]
 44%|####4     | 220/500 [00:55<01:10,  3.98it/s]
 44%|####4     | 221/500 [00:56<01:09,  4.00it/s]
 44%|####4     | 222/500 [00:56<01:09,  3.99it/s]
 45%|####4     | 223/500 [00:56<01:09,  3.98it/s]
 45%|####4     | 224/500 [00:56<01:09,  3.99it/s]
 45%|####5     | 225/500 [00:57<01:08,  4.01it/s]
 45%|####5     | 226/500 [00:57<01:08,  4.00it/s]
 45%|####5     | 227/500 [00:57<01:08,  3.99it/s]
 46%|####5     | 228/500 [00:57<01:08,  4.00it/s]
 46%|####5     | 229/500 [00:58<01:07,  4.00it/s]
 46%|####6     | 230/500 [00:58<01:07,  4.00it/s]
 46%|####6     | 231/500 [00:58<01:07,  4.01it/s]
 46%|####6     | 232/500 [00:58<01:06,  4.03it/s]
 47%|####6     | 233/500 [00:59<01:23,  3.20it/s]
 47%|####6     | 234/500 [00:59<01:17,  3.43it/s]
 47%|####6     | 235/500 [00:59<01:13,  3.60it/s]
 47%|####7     | 236/500 [01:00<01:10,  3.75it/s]
 47%|####7     | 237/500 [01:00<01:08,  3.84it/s]
 48%|####7     | 238/500 [01:00<01:07,  3.90it/s]
 48%|####7     | 239/500 [01:00<01:06,  3.95it/s]
 48%|####8     | 240/500 [01:01<01:05,  3.97it/s]
 48%|####8     | 241/500 [01:01<01:05,  3.98it/s]
 48%|####8     | 242/500 [01:01<01:04,  4.00it/s]
 49%|####8     | 243/500 [01:01<01:04,  4.02it/s]
 49%|####8     | 244/500 [01:02<01:03,  4.02it/s]
 49%|####9     | 245/500 [01:02<01:03,  4.01it/s]
 49%|####9     | 246/500 [01:02<01:03,  4.01it/s]
 49%|####9     | 247/500 [01:02<01:03,  4.01it/s]
 50%|####9     | 248/500 [01:03<01:02,  4.02it/s]
 50%|####9     | 249/500 [01:03<01:02,  4.01it/s]
 50%|#####     | 250/500 [01:03<01:02,  4.01it/s]
 50%|#####     | 251/500 [01:03<01:02,  4.01it/s]
 50%|#####     | 252/500 [01:04<01:01,  4.00it/s]
 51%|#####     | 253/500 [01:04<01:01,  4.00it/s]
 51%|#####     | 254/500 [01:04<01:01,  4.02it/s]
 51%|#####1    | 255/500 [01:04<01:00,  4.02it/s]
 51%|#####1    | 256/500 [01:05<01:00,  4.01it/s]
 51%|#####1    | 257/500 [01:05<01:00,  4.02it/s]
 52%|#####1    | 258/500 [01:05<00:59,  4.04it/s]
 52%|#####1    | 259/500 [01:05<00:59,  4.04it/s]
 52%|#####2    | 260/500 [01:06<00:59,  4.03it/s]
 52%|#####2    | 261/500 [01:06<00:59,  4.03it/s]
 52%|#####2    | 262/500 [01:06<01:14,  3.20it/s]
 53%|#####2    | 263/500 [01:07<01:09,  3.42it/s]
 53%|#####2    | 264/500 [01:07<01:05,  3.59it/s]
 53%|#####3    | 265/500 [01:07<01:03,  3.72it/s]
 53%|#####3    | 266/500 [01:07<01:01,  3.81it/s]
 53%|#####3    | 267/500 [01:07<01:00,  3.87it/s]
 54%|#####3    | 268/500 [01:08<00:59,  3.93it/s]
 54%|#####3    | 269/500 [01:08<00:58,  3.97it/s]
 54%|#####4    | 270/500 [01:08<00:57,  3.99it/s]
 54%|#####4    | 271/500 [01:08<00:57,  4.01it/s]
 54%|#####4    | 272/500 [01:09<00:56,  4.04it/s]
 55%|#####4    | 273/500 [01:09<00:56,  4.03it/s]
 55%|#####4    | 274/500 [01:09<00:56,  4.03it/s]
 55%|#####5    | 275/500 [01:09<00:55,  4.03it/s]
 55%|#####5    | 276/500 [01:10<00:55,  4.04it/s]
 55%|#####5    | 277/500 [01:10<00:55,  4.03it/s]
 56%|#####5    | 278/500 [01:10<00:55,  4.03it/s]
 56%|#####5    | 279/500 [01:10<00:54,  4.04it/s]
 56%|#####6    | 280/500 [01:11<00:54,  4.07it/s]
 56%|#####6    | 281/500 [01:11<00:53,  4.08it/s]
 56%|#####6    | 282/500 [01:11<00:53,  4.07it/s]
 57%|#####6    | 283/500 [01:11<00:53,  4.08it/s]
 57%|#####6    | 284/500 [01:12<00:52,  4.08it/s]
 57%|#####6    | 285/500 [01:12<00:52,  4.07it/s]
 57%|#####7    | 286/500 [01:12<00:52,  4.07it/s]
 57%|#####7    | 287/500 [01:12<00:52,  4.09it/s]
 58%|#####7    | 288/500 [01:13<00:51,  4.09it/s]
 58%|#####7    | 289/500 [01:13<00:51,  4.09it/s]
 58%|#####8    | 290/500 [01:13<00:51,  4.09it/s]
 58%|#####8    | 291/500 [01:14<01:03,  3.27it/s]
 58%|#####8    | 292/500 [01:14<00:59,  3.49it/s]
 59%|#####8    | 293/500 [01:14<00:56,  3.64it/s]
 59%|#####8    | 294/500 [01:14<00:54,  3.77it/s]
 59%|#####8    | 295/500 [01:15<00:53,  3.84it/s]
 59%|#####9    | 296/500 [01:15<00:52,  3.89it/s]
 59%|#####9    | 297/500 [01:15<00:51,  3.92it/s]
 60%|#####9    | 298/500 [01:15<00:51,  3.95it/s]
 60%|#####9    | 299/500 [01:16<00:50,  3.99it/s]
 60%|######    | 300/500 [01:16<00:49,  4.01it/s]
 60%|######    | 301/500 [01:16<00:49,  4.03it/s]
 60%|######    | 302/500 [01:16<00:49,  4.04it/s]
 61%|######    | 303/500 [01:17<00:48,  4.05it/s]
 61%|######    | 304/500 [01:17<00:48,  4.05it/s]
 61%|######1   | 305/500 [01:17<00:48,  4.03it/s]
 61%|######1   | 306/500 [01:17<00:48,  4.03it/s]
 61%|######1   | 307/500 [01:18<00:47,  4.03it/s]
 62%|######1   | 308/500 [01:18<00:47,  4.01it/s]
 62%|######1   | 309/500 [01:18<00:47,  4.03it/s]
 62%|######2   | 310/500 [01:18<00:47,  4.01it/s]
 62%|######2   | 311/500 [01:19<00:47,  4.02it/s]
 62%|######2   | 312/500 [01:19<00:46,  4.02it/s]
 63%|######2   | 313/500 [01:19<00:46,  4.04it/s]
 63%|######2   | 314/500 [01:19<00:46,  4.03it/s]
 63%|######3   | 315/500 [01:20<00:45,  4.03it/s]
 63%|######3   | 316/500 [01:20<00:45,  4.02it/s]
 63%|######3   | 317/500 [01:20<00:45,  4.03it/s]
 64%|######3   | 318/500 [01:20<00:45,  4.02it/s]
 64%|######3   | 319/500 [01:21<00:45,  4.02it/s]
 64%|######4   | 320/500 [01:21<00:56,  3.21it/s]
 64%|######4   | 321/500 [01:21<00:52,  3.43it/s]
 64%|######4   | 322/500 [01:21<00:49,  3.59it/s]
 65%|######4   | 323/500 [01:22<00:47,  3.72it/s]
 65%|######4   | 324/500 [01:22<00:46,  3.80it/s]
 65%|######5   | 325/500 [01:22<00:45,  3.86it/s]
 65%|######5   | 326/500 [01:22<00:44,  3.90it/s]
 65%|######5   | 327/500 [01:23<00:44,  3.93it/s]
 66%|######5   | 328/500 [01:23<00:43,  3.99it/s]
 66%|######5   | 329/500 [01:23<00:42,  4.00it/s]
 66%|######6   | 330/500 [01:23<00:42,  4.01it/s]
 66%|######6   | 331/500 [01:24<00:41,  4.03it/s]
 66%|######6   | 332/500 [01:24<00:41,  4.05it/s]
 67%|######6   | 333/500 [01:24<00:41,  4.05it/s]
 67%|######6   | 334/500 [01:24<00:41,  4.05it/s]
 67%|######7   | 335/500 [01:25<00:40,  4.05it/s]
 67%|######7   | 336/500 [01:25<00:40,  4.05it/s]
 67%|######7   | 337/500 [01:25<00:40,  4.05it/s]
 68%|######7   | 338/500 [01:25<00:40,  4.05it/s]
 68%|######7   | 339/500 [01:26<00:39,  4.05it/s]
 68%|######8   | 340/500 [01:26<00:39,  4.05it/s]
 68%|######8   | 341/500 [01:26<00:39,  4.05it/s]
 68%|######8   | 342/500 [01:26<00:38,  4.05it/s]
 69%|######8   | 343/500 [01:27<00:38,  4.05it/s]
 69%|######8   | 344/500 [01:27<00:38,  4.05it/s]
 69%|######9   | 345/500 [01:27<00:38,  4.06it/s]
 69%|######9   | 346/500 [01:27<00:37,  4.07it/s]
 69%|######9   | 347/500 [01:28<00:37,  4.06it/s]
 70%|######9   | 348/500 [01:28<00:37,  4.07it/s]
 70%|######9   | 349/500 [01:28<00:46,  3.23it/s]
 70%|#######   | 350/500 [01:29<00:43,  3.45it/s]
 70%|#######   | 351/500 [01:29<00:41,  3.63it/s]
 70%|#######   | 352/500 [01:29<00:39,  3.76it/s]
 71%|#######   | 353/500 [01:29<00:38,  3.86it/s]
 71%|#######   | 354/500 [01:30<00:37,  3.93it/s]
 71%|#######1  | 355/500 [01:30<00:36,  3.98it/s]
 71%|#######1  | 356/500 [01:30<00:35,  4.01it/s]
 71%|#######1  | 357/500 [01:30<00:35,  4.03it/s]
 72%|#######1  | 358/500 [01:31<00:35,  4.04it/s]
 72%|#######1  | 359/500 [01:31<00:34,  4.04it/s]
 72%|#######2  | 360/500 [01:31<00:34,  4.07it/s]
 72%|#######2  | 361/500 [01:31<00:34,  4.06it/s]
 72%|#######2  | 362/500 [01:32<00:34,  4.06it/s]
 73%|#######2  | 363/500 [01:32<00:33,  4.06it/s]
 73%|#######2  | 364/500 [01:32<00:33,  4.08it/s]
 73%|#######3  | 365/500 [01:32<00:33,  4.07it/s]
 73%|#######3  | 366/500 [01:33<00:32,  4.07it/s]
 73%|#######3  | 367/500 [01:33<00:32,  4.06it/s]
 74%|#######3  | 368/500 [01:33<00:32,  4.06it/s]
 74%|#######3  | 369/500 [01:33<00:32,  4.06it/s]
 74%|#######4  | 370/500 [01:34<00:32,  4.04it/s]
 74%|#######4  | 371/500 [01:34<00:31,  4.04it/s]
 74%|#######4  | 372/500 [01:34<00:31,  4.06it/s]
 75%|#######4  | 373/500 [01:34<00:31,  4.07it/s]
 75%|#######4  | 374/500 [01:34<00:30,  4.07it/s]
 75%|#######5  | 375/500 [01:35<00:30,  4.09it/s]
 75%|#######5  | 376/500 [01:35<00:30,  4.07it/s]
 75%|#######5  | 377/500 [01:35<00:30,  4.07it/s]
 76%|#######5  | 378/500 [01:36<00:37,  3.22it/s]
 76%|#######5  | 379/500 [01:36<00:35,  3.44it/s]
 76%|#######6  | 380/500 [01:36<00:33,  3.61it/s]
 76%|#######6  | 381/500 [01:36<00:31,  3.73it/s]
 76%|#######6  | 382/500 [01:37<00:30,  3.83it/s]
 77%|#######6  | 383/500 [01:37<00:30,  3.88it/s]
 77%|#######6  | 384/500 [01:37<00:29,  3.92it/s]
 77%|#######7  | 385/500 [01:37<00:29,  3.95it/s]
 77%|#######7  | 386/500 [01:38<00:28,  3.99it/s]
 77%|#######7  | 387/500 [01:38<00:28,  3.99it/s]
 78%|#######7  | 388/500 [01:38<00:28,  4.00it/s]
 78%|#######7  | 389/500 [01:38<00:27,  4.01it/s]
 78%|#######8  | 390/500 [01:39<00:27,  4.00it/s]
 78%|#######8  | 391/500 [01:39<00:27,  4.01it/s]
 78%|#######8  | 392/500 [01:39<00:26,  4.02it/s]
 79%|#######8  | 393/500 [01:39<00:26,  4.04it/s]
 79%|#######8  | 394/500 [01:40<00:26,  4.03it/s]
 79%|#######9  | 395/500 [01:40<00:26,  4.03it/s]
 79%|#######9  | 396/500 [01:40<00:25,  4.03it/s]
 79%|#######9  | 397/500 [01:40<00:25,  4.03it/s]
 80%|#######9  | 398/500 [01:41<00:25,  4.03it/s]
 80%|#######9  | 399/500 [01:41<00:25,  4.03it/s]
 80%|########  | 400/500 [01:41<00:24,  4.03it/s]
 80%|########  | 401/500 [01:41<00:24,  4.03it/s]
 80%|########  | 402/500 [01:42<00:24,  4.01it/s]
 81%|########  | 403/500 [01:42<00:24,  4.03it/s]
 81%|########  | 404/500 [01:42<00:23,  4.04it/s]
 81%|########1 | 405/500 [01:42<00:23,  4.05it/s]
 81%|########1 | 406/500 [01:43<00:23,  4.05it/s]
 81%|########1 | 407/500 [01:43<00:28,  3.23it/s]
 82%|########1 | 408/500 [01:43<00:26,  3.44it/s]
 82%|########1 | 409/500 [01:44<00:25,  3.60it/s]
 82%|########2 | 410/500 [01:44<00:24,  3.73it/s]
 82%|########2 | 411/500 [01:44<00:23,  3.84it/s]
 82%|########2 | 412/500 [01:44<00:22,  3.90it/s]
 83%|########2 | 413/500 [01:45<00:22,  3.94it/s]
 83%|########2 | 414/500 [01:45<00:21,  3.97it/s]
 83%|########2 | 415/500 [01:45<00:21,  4.02it/s]
 83%|########3 | 416/500 [01:45<00:20,  4.03it/s]
 83%|########3 | 417/500 [01:46<00:20,  4.03it/s]
 84%|########3 | 418/500 [01:46<00:20,  4.04it/s]
 84%|########3 | 419/500 [01:46<00:20,  4.04it/s]
 84%|########4 | 420/500 [01:46<00:19,  4.04it/s]
 84%|########4 | 421/500 [01:47<00:19,  4.04it/s]
 84%|########4 | 422/500 [01:47<00:19,  4.05it/s]
 85%|########4 | 423/500 [01:47<00:19,  4.04it/s]
 85%|########4 | 424/500 [01:47<00:18,  4.05it/s]
 85%|########5 | 425/500 [01:48<00:18,  4.04it/s]
 85%|########5 | 426/500 [01:48<00:18,  4.06it/s]
 85%|########5 | 427/500 [01:48<00:18,  4.05it/s]
 86%|########5 | 428/500 [01:48<00:17,  4.05it/s]
 86%|########5 | 429/500 [01:49<00:17,  4.04it/s]
 86%|########6 | 430/500 [01:49<00:17,  4.05it/s]
 86%|########6 | 431/500 [01:49<00:17,  4.05it/s]
 86%|########6 | 432/500 [01:49<00:16,  4.05it/s]
 87%|########6 | 433/500 [01:49<00:16,  4.06it/s]
 87%|########6 | 434/500 [01:50<00:16,  4.07it/s]
 87%|########7 | 435/500 [01:50<00:16,  4.06it/s]
 87%|########7 | 436/500 [01:50<00:20,  3.16it/s]
 87%|########7 | 437/500 [01:51<00:18,  3.40it/s]
 88%|########7 | 438/500 [01:51<00:17,  3.58it/s]
 88%|########7 | 439/500 [01:51<00:16,  3.71it/s]
 88%|########8 | 440/500 [01:51<00:15,  3.82it/s]
 88%|########8 | 441/500 [01:52<00:15,  3.89it/s]
 88%|########8 | 442/500 [01:52<00:14,  3.93it/s]
 89%|########8 | 443/500 [01:52<00:14,  3.98it/s]
 89%|########8 | 444/500 [01:52<00:13,  4.02it/s]
 89%|########9 | 445/500 [01:53<00:13,  4.02it/s]
 89%|########9 | 446/500 [01:53<00:13,  4.02it/s]
 89%|########9 | 447/500 [01:53<00:13,  4.03it/s]
 90%|########9 | 448/500 [01:53<00:12,  4.05it/s]
 90%|########9 | 449/500 [01:54<00:12,  4.06it/s]
 90%|######### | 450/500 [01:54<00:12,  4.05it/s]
 90%|######### | 451/500 [01:54<00:12,  4.04it/s]
 90%|######### | 452/500 [01:54<00:11,  4.04it/s]
 91%|######### | 453/500 [01:55<00:11,  4.03it/s]
 91%|######### | 454/500 [01:55<00:11,  4.02it/s]
 91%|#########1| 455/500 [01:55<00:11,  4.04it/s]
 91%|#########1| 456/500 [01:55<00:10,  4.04it/s]
 91%|#########1| 457/500 [01:56<00:10,  4.04it/s]
 92%|#########1| 458/500 [01:56<00:10,  4.04it/s]
 92%|#########1| 459/500 [01:56<00:10,  4.04it/s]
 92%|#########2| 460/500 [01:56<00:09,  4.04it/s]
 92%|#########2| 461/500 [01:57<00:09,  4.03it/s]
 92%|#########2| 462/500 [01:57<00:09,  4.03it/s]
 93%|#########2| 463/500 [01:57<00:09,  4.03it/s]
 93%|#########2| 464/500 [01:57<00:08,  4.02it/s]
 93%|#########3| 465/500 [01:58<00:10,  3.21it/s]
 93%|#########3| 466/500 [01:58<00:09,  3.43it/s]
 93%|#########3| 467/500 [01:58<00:09,  3.60it/s]
 94%|#########3| 468/500 [01:59<00:08,  3.73it/s]
 94%|#########3| 469/500 [01:59<00:08,  3.82it/s]
 94%|#########3| 470/500 [01:59<00:07,  3.88it/s]
 94%|#########4| 471/500 [01:59<00:07,  3.92it/s]
 94%|#########4| 472/500 [02:00<00:07,  3.95it/s]
 95%|#########4| 473/500 [02:00<00:06,  3.98it/s]
 95%|#########4| 474/500 [02:00<00:06,  3.99it/s]
 95%|#########5| 475/500 [02:00<00:06,  4.01it/s]
 95%|#########5| 476/500 [02:01<00:05,  4.01it/s]
 95%|#########5| 477/500 [02:01<00:05,  4.02it/s]
 96%|#########5| 478/500 [02:01<00:05,  4.02it/s]
 96%|#########5| 479/500 [02:01<00:05,  4.01it/s]
 96%|#########6| 480/500 [02:02<00:04,  4.02it/s]
 96%|#########6| 481/500 [02:02<00:04,  4.04it/s]
 96%|#########6| 482/500 [02:02<00:04,  4.04it/s]
 97%|#########6| 483/500 [02:02<00:04,  4.04it/s]
 97%|#########6| 484/500 [02:03<00:03,  4.05it/s]
 97%|#########7| 485/500 [02:03<00:03,  4.05it/s]
 97%|#########7| 486/500 [02:03<00:03,  4.07it/s]
 97%|#########7| 487/500 [02:03<00:03,  4.07it/s]
 98%|#########7| 488/500 [02:04<00:02,  4.08it/s]
 98%|#########7| 489/500 [02:04<00:02,  4.10it/s]
 98%|#########8| 490/500 [02:04<00:02,  4.12it/s]
 98%|#########8| 491/500 [02:04<00:02,  4.12it/s]
 98%|#########8| 492/500 [02:04<00:01,  4.13it/s]
 99%|#########8| 493/500 [02:05<00:01,  4.13it/s]
 99%|#########8| 494/500 [02:05<00:01,  3.24it/s]
 99%|#########9| 495/500 [02:05<00:01,  3.46it/s]
 99%|#########9| 496/500 [02:06<00:01,  3.63it/s]
 99%|#########9| 497/500 [02:06<00:00,  3.76it/s]
100%|#########9| 498/500 [02:06<00:00,  3.86it/s]
100%|#########9| 499/500 [02:06<00:00,  3.93it/s]
100%|##########| 500/500 [02:07<00:00,  3.97it/s]
100%|##########| 500/500 [02:07<00:00,  3.93it/s]
Train Epoch 50
{
    "Loss": 0.006210304661653936,
    "Optimizer/policy0_lr": 0.00010000000000000003,
    "Policy_Grad_Norms": 0.03191383044400732,
    "Time_Data_Loading": 0.09554378191630046,
    "Time_Epoch": 2.1199737310409548,
    "Time_Log_Info": 0.024561047554016113,
    "Time_Process_Batch": 0.7373877048492432,
    "Time_Train_Batch": 1.2358132282892862
}
save checkpoint to /home/franka/franka_data/policies/HuskyMango/filter-9-19-libero-90-9/sail/20260917170254/models/model_epoch_50.pth

Epoch 50 Memory Usage: 2298 MB

finished run successfully!

Rollout Success Rate Stats
{
    "time spent (hrs)": "2.53"
}
trained in 9125s; newest checkpoint:
  /home/franka/franka_data/policies/HuskyMango/filter-9-19-libero-90-9/sail/20260917170254/models/model_epoch_50.pth
roll it out with:
  ./scripts/sail_rollout.sh --start-server --ckpt /home/franka/franka_data/policies/HuskyMango/filter-9-19-libero-90-9/sail/20260917170254/models/model_epoch_50.pth --guide-config baselines/sail/robomimic/SAIL/guide_template/base_cfg_weight_1.json --rig=single_arm_right
10 task(s) x 2 backend(s) = 20 training runs; logs in /home/franka/franka_data/baseline_prep/libero_10/train_logs
[1/20] task_0/sail -> /home/franka/franka_data/baseline_prep/libero_10/train_logs/task_0.sail.log
   done in 224.6 min -> /home/franka/franka_data/policies/libero_10/task_0/sail/20260929162238/models/model_epoch_400.pth
[2/20] task_0/bspline -> /home/franka/franka_data/baseline_prep/libero_10/train_logs/task_0.bspline.log
   done in 142.4 min -> /home/franka/franka_data/policies/libero_10/task_0/bspline/20260929_194836/checkpoints/latest.ckpt
[3/20] task_1/sail -> /home/franka/franka_data/baseline_prep/libero_10/train_logs/task_1.sail.log
   done in 222.3 min -> /home/franka/franka_data/policies/libero_10/task_1/sail/20260929222846/models/model_epoch_400.pth
[4/20] task_1/bspline -> /home/franka/franka_data/baseline_prep/libero_10/train_logs/task_1.bspline.log
   done in 138.5 min -> /home/franka/franka_data/policies/libero_10/task_1/bspline/20260930_015318/checkpoints/latest.ckpt
[5/20] task_2/sail -> /home/franka/franka_data/baseline_prep/libero_10/train_logs/task_2.sail.log
   done in 222.2 min -> /home/franka/franka_data/policies/libero_10/task_2/sail/20260930042836/models/model_epoch_400.pth
[6/20] task_2/bspline -> /home/franka/franka_data/baseline_prep/libero_10/train_logs/task_2.bspline.log
   done in 133.7 min -> /home/franka/franka_data/policies/libero_10/task_2/bspline/20260930_075403/checkpoints/latest.ckpt
[7/20] task_3/sail -> /home/franka/franka_data/baseline_prep/libero_10/train_logs/task_3.sail.log
   done in 249.2 min -> /home/franka/franka_data/policies/libero_10/task_3/sail/20260930101947/models/model_epoch_400.pth
[8/20] task_3/bspline -> /home/franka/franka_data/baseline_prep/libero_10/train_logs/task_3.bspline.log
