{
  "l_q": [
    0.3148493057265091,
    -0.3228293883014037,
    0.11828266833573554,
    -1.6771173707374036,
    0.021916480021084924,
    1.7696433692840476,
    -0.5096451676843039
  ],
  "r_q": [
    -0.28223089288736675,
    -0.5594522989991991,
    -0.4191884798561259,
    -1.82212661700904,
    0.06416041394704838,
    1.5246974433097138,
    -0.7569427650529224
  ],
  "gripper": 1.0
}
