{
  "l_q": [
    0.3148493057265091,
    -0.3228293883014037,
    0.11828266833573554,
    -1.6771173707374036,
    0.021916480021084924,
    1.7696433692840476,
    -0.5096451676843039
  ],
  "r_q": [0, -0.161, 0, -2.4446, 0, 2.2268, 0.7854],
  "gripper": 1.0
}
